tokens_seen,train_loss,stage,gpu,lr_multiplier
1204486144,3.28423,K24,RTX 4070 Ti,1.0
1205796864,3.31774,K24,RTX 4070 Ti,1.0
1207107584,3.28273,K24,RTX 4070 Ti,1.0
1208418304,3.23643,K24,RTX 4070 Ti,1.0
1209729024,3.21224,K24,RTX 4070 Ti,1.0
1211039744,3.25956,K24,RTX 4070 Ti,1.0
1212350464,3.34854,K24,RTX 4070 Ti,1.0
1213661184,3.34636,K24,RTX 4070 Ti,1.0
1214971904,3.29762,K24,RTX 4070 Ti,1.0
1216282624,3.20586,K24,RTX 4070 Ti,1.0
1217593344,3.14397,K24,RTX 4070 Ti,1.0
1218904064,3.25921,K24,RTX 4070 Ti,1.0
1220214784,3.19658,K24,RTX 4070 Ti,1.0
1221525504,3.26769,K24,RTX 4070 Ti,1.0
1222836224,3.26257,K24,RTX 4070 Ti,1.0
1224146944,3.24563,K24,RTX 4070 Ti,1.0
1225457664,3.26262,K24,RTX 4070 Ti,1.0
1226768384,3.24914,K24,RTX 4070 Ti,1.0
1228079104,3.24425,K24,RTX 4070 Ti,1.0
1229389824,3.31558,K24,RTX 4070 Ti,1.0
1230700544,3.15913,K24,RTX 4070 Ti,1.0
1232011264,3.24733,K24,RTX 4070 Ti,1.0
1233321984,3.2242,K24,RTX 4070 Ti,1.0
1234632704,3.22315,K24,RTX 4070 Ti,1.0
1235943424,3.33562,K24,RTX 4070 Ti,1.0
1237254144,3.22652,K24,RTX 4070 Ti,1.0
1238564864,3.32552,K24,RTX 4070 Ti,1.0
1239875584,3.20346,K24,RTX 4070 Ti,1.0
1241186304,3.2448,K24,RTX 4070 Ti,1.0
1242497024,3.30091,K24,RTX 4070 Ti,1.0
1243807744,3.25934,K24,RTX 4070 Ti,1.0
1245118464,3.28322,K24,RTX 4070 Ti,1.0
1246429184,3.15981,K24,RTX 4070 Ti,1.0
1247739904,3.26482,K24,RTX 4070 Ti,1.0
1249050624,3.23773,K24,RTX 4070 Ti,1.0
1250361344,3.23515,K24,RTX 4070 Ti,1.0
1251672064,3.29741,K24,RTX 4070 Ti,1.0
1252982784,3.2539,K24,RTX 4070 Ti,1.0
1254293504,3.19852,K24,RTX 4070 Ti,1.0
1255604224,3.27786,K24,RTX 4070 Ti,1.0
1256914944,3.27799,K24,RTX 4070 Ti,1.0
1258225664,3.31315,K24,RTX 4070 Ti,1.0
1259536384,3.25555,K24,RTX 4070 Ti,1.0
1260847104,3.21843,K24,RTX 4070 Ti,1.0
1262157824,3.1968,K24,RTX 4070 Ti,1.0
1263468544,3.26952,K24,RTX 4070 Ti,1.0
1264779264,3.25437,K24,RTX 4070 Ti,1.0
1266089984,3.30307,K24,RTX 4070 Ti,1.0
1267400704,3.22156,K24,RTX 4070 Ti,1.0
1268711424,3.21468,K24,RTX 4070 Ti,1.0
1270022144,3.17236,K24,RTX 4070 Ti,1.0
1271332864,3.22552,K24,RTX 4070 Ti,1.0
1272643584,3.29053,K24,RTX 4070 Ti,1.0
1273954304,3.35787,K24,RTX 4070 Ti,1.0
1275265024,3.25119,K24,RTX 4070 Ti,1.0
1276575744,3.15575,K24,RTX 4070 Ti,1.0
1277886464,3.19719,K24,RTX 4070 Ti,1.0
1279197184,3.24406,K24,RTX 4070 Ti,1.0
1280507904,3.15684,K24,RTX 4070 Ti,1.0
1281818624,3.22954,K24,RTX 4070 Ti,1.0
1283129344,3.18758,K24,RTX 4070 Ti,1.0
1284440064,3.34799,K24,RTX 4070 Ti,1.0
1285750784,3.30057,K24,RTX 4070 Ti,1.0
1287061504,3.30407,K24,RTX 4070 Ti,1.0
1288372224,3.20364,K24,RTX 4070 Ti,1.0
1289682944,3.28792,K24,RTX 4070 Ti,1.0
1290993664,3.17004,K24,RTX 4070 Ti,1.0
1292304384,3.22263,K24,RTX 4070 Ti,1.0
1293615104,3.31381,K24,RTX 4070 Ti,1.0
1294925824,3.19352,K24,RTX 4070 Ti,1.0
1296236544,3.29301,K24,RTX 4070 Ti,1.0
1297547264,3.16605,K24,RTX 4070 Ti,1.0
1298857984,3.21697,K24,RTX 4070 Ti,1.0
1300168704,3.23143,K24,RTX 4070 Ti,1.0
1301479424,3.14903,K24,RTX 4070 Ti,1.0
1302790144,3.34985,K24,RTX 4070 Ti,1.0
1304100864,3.22024,K24,RTX 4070 Ti,1.0
1305411584,3.23831,K24,RTX 4070 Ti,1.0
1306722304,3.22732,K24,RTX 4070 Ti,1.0
1308033024,3.20918,K24,RTX 4070 Ti,1.0
1309343744,3.19551,K24,RTX 4070 Ti,1.0
1310654464,3.24694,K24,RTX 4070 Ti,1.0
1311965184,3.13004,K24,RTX 4070 Ti,1.0
1313275904,3.22409,K24,RTX 4070 Ti,1.0
1314586624,3.2921,K24,RTX 4070 Ti,1.0
1315897344,3.28881,K24,RTX 4070 Ti,1.0
1317208064,3.32367,K24,RTX 4070 Ti,1.0
1318518784,3.24622,K24,RTX 4070 Ti,1.0
1319829504,3.08739,K24,RTX 4070 Ti,1.0
1321140224,3.2951,K24,RTX 4070 Ti,1.0
1322450944,3.16244,K24,RTX 4070 Ti,1.0
1323761664,3.26133,K24,RTX 4070 Ti,1.0
1325072384,3.14617,K24,RTX 4070 Ti,1.0
1326383104,3.2925,K24,RTX 4070 Ti,1.0
1327693824,3.20817,K24,RTX 4070 Ti,1.0
1329004544,3.21147,K24,RTX 4070 Ti,1.0
1330315264,3.32911,K24,RTX 4070 Ti,1.0
1331625984,3.24408,K24,RTX 4070 Ti,1.0
1332936704,3.23668,K24,RTX 4070 Ti,1.0
1334247424,3.20375,K24,RTX 4070 Ti,1.0
1335558144,3.1831,K24,RTX 4070 Ti,1.0
1336868864,3.29676,K24,RTX 4070 Ti,1.0
1338179584,3.31932,K24,RTX 4070 Ti,1.0
1339490304,3.17314,K24,RTX 4070 Ti,1.0
1340801024,3.18073,K24,RTX 4070 Ti,1.0
1342111744,3.26077,K24,RTX 4070 Ti,1.0
1343422464,3.32445,K24,RTX 4070 Ti,1.0
1344733184,3.2033,K24,RTX 4070 Ti,1.0
1346043904,3.30973,K24,RTX 4070 Ti,1.0
1347354624,3.32035,K24,RTX 4070 Ti,1.0
1348665344,3.21498,K24,RTX 4070 Ti,1.0
1349976064,3.13315,K24,RTX 4070 Ti,1.0
1351286784,3.2566,K24,RTX 4070 Ti,1.0
1352597504,3.32539,K24,RTX 4070 Ti,1.0
1353908224,3.25334,K24,RTX 4070 Ti,1.0
1355218944,3.1202,K24,RTX 4070 Ti,1.0
1356529664,3.23665,K24,RTX 4070 Ti,1.0
1357840384,3.20926,K24,RTX 4070 Ti,1.0
1359151104,3.23018,K24,RTX 4070 Ti,1.0
1360461824,3.27675,K24,RTX 4070 Ti,1.0
1361772544,3.16649,K24,RTX 4070 Ti,1.0
1363083264,3.21977,K24,RTX 4070 Ti,1.0
1364393984,3.17436,K24,RTX 4070 Ti,1.0
1365704704,3.36592,K24,RTX 4070 Ti,1.0
1367015424,3.2737,K24,RTX 4070 Ti,1.0
1368326144,3.27082,K24,RTX 4070 Ti,1.0
1369636864,3.28125,K24,RTX 4070 Ti,1.0
1370947584,3.11931,K24,RTX 4070 Ti,1.0
1372258304,3.2832,K24,RTX 4070 Ti,1.0
1373569024,3.26889,K24,RTX 4070 Ti,1.0
1374879744,3.30552,K24,RTX 4070 Ti,1.0
1376190464,3.31861,K24,RTX 4070 Ti,1.0
1377501184,3.21354,K24,RTX 4070 Ti,1.0
1378811904,3.21162,K24,RTX 4070 Ti,1.0
1380122624,3.22416,K24,RTX 4070 Ti,1.0
1381433344,3.28967,K24,RTX 4070 Ti,1.0
1382744064,3.26532,K24,RTX 4070 Ti,1.0
1384054784,3.21096,K24,RTX 4070 Ti,1.0
1385365504,3.22307,K24,RTX 4070 Ti,1.0
1386676224,3.23864,K24,RTX 4070 Ti,1.0
1387986944,3.247,K24,RTX 4070 Ti,1.0
1389297664,3.32251,K24,RTX 4070 Ti,1.0
1390608384,3.17295,K24,RTX 4070 Ti,1.0
1391919104,3.13473,K24,RTX 4070 Ti,1.0
1393229824,3.24742,K24,RTX 4070 Ti,1.0
1394540544,3.18455,K24,RTX 4070 Ti,1.0
1395851264,3.24048,K24,RTX 4070 Ti,1.0
1397161984,3.28935,K24,RTX 4070 Ti,1.0
1398472704,3.28729,K24,RTX 4070 Ti,1.0
1399783424,3.24794,K24,RTX 4070 Ti,1.0
1401094144,3.26782,K24,RTX 4070 Ti,1.0
1402404864,3.22354,K24,RTX 4070 Ti,1.0
1403715584,3.29449,K24,RTX 4070 Ti,1.0
1405026304,3.247,K24,RTX 4070 Ti,1.0
1406337024,3.15327,K24,RTX 4070 Ti,1.0
1407647744,3.17581,K24,RTX 4070 Ti,1.0
1408958464,3.22218,K24,RTX 4070 Ti,1.0
1410269184,3.28621,K24,RTX 4070 Ti,1.0
1411579904,3.26905,K24,RTX 4070 Ti,1.0
1412890624,3.13547,K24,RTX 4070 Ti,1.0
1414201344,3.21708,K24,RTX 4070 Ti,1.0
1415512064,3.22075,K24,RTX 4070 Ti,1.0
1416822784,3.11713,K24,RTX 4070 Ti,1.0
1418133504,3.21457,K24,RTX 4070 Ti,1.0
1419444224,3.10523,K24,RTX 4070 Ti,1.0
1420754944,3.29938,K24,RTX 4070 Ti,1.0
1422065664,3.27407,K24,RTX 4070 Ti,1.0
1423376384,3.25648,K24,RTX 4070 Ti,1.0
1424687104,3.26835,K24,RTX 4070 Ti,1.0
1425997824,3.23474,K24,RTX 4070 Ti,1.0
1427308544,3.13934,K24,RTX 4070 Ti,1.0
1428619264,3.22679,K24,RTX 4070 Ti,1.0
1429929984,3.18404,K24,RTX 4070 Ti,1.0
1431240704,3.17869,K24,RTX 4070 Ti,1.0
1432551424,3.18317,K24,RTX 4070 Ti,1.0
1433862144,3.33706,K24,RTX 4070 Ti,1.0
1435172864,3.23246,K24,RTX 4070 Ti,1.0
1436483584,3.18988,K24,RTX 4070 Ti,1.0
1437794304,3.22586,K24,RTX 4070 Ti,1.0
1439105024,3.18314,K24,RTX 4070 Ti,1.0
1440415744,3.24805,K24,RTX 4070 Ti,1.0
1441726464,3.27786,K24,RTX 4070 Ti,1.0
1443037184,3.22249,K24,RTX 4070 Ti,1.0
1444347904,3.18935,K24,RTX 4070 Ti,1.0
1445658624,3.26648,K24,RTX 4070 Ti,1.0
1446969344,3.18645,K24,RTX 4070 Ti,1.0
1448280064,3.30912,K24,RTX 4070 Ti,1.0
1449590784,3.21986,K24,RTX 4070 Ti,1.0
1450901504,3.127,K24,RTX 4070 Ti,1.0
1452212224,3.11477,K24,RTX 4070 Ti,1.0
1453522944,3.25768,K24,RTX 4070 Ti,1.0
1454833664,3.16943,K24,RTX 4070 Ti,1.0
1456144384,3.1561,K24,RTX 4070 Ti,1.0
1457455104,3.20961,K24,RTX 4070 Ti,1.0
1458765824,3.23118,K24,RTX 4070 Ti,1.0
1460076544,3.20637,K24,RTX 4070 Ti,1.0
1461387264,3.28704,K24,RTX 4070 Ti,1.0
1462697984,3.3692,K24,RTX 4070 Ti,1.0
1464008704,3.25115,K24,RTX 4070 Ti,1.0
1465319424,3.15049,K24,RTX 4070 Ti,1.0
1466630144,3.18432,K24,RTX 4070 Ti,1.0
1467940864,3.14617,K24,RTX 4070 Ti,1.0
1469251584,3.2825,K24,RTX 4070 Ti,1.0
1470562304,3.26472,K24,RTX 4070 Ti,1.0
1471873024,3.18453,K24,RTX 4070 Ti,1.0
1473183744,3.19049,K24,RTX 4070 Ti,1.0
1474494464,3.19978,K24,RTX 4070 Ti,1.0
1475805184,3.261,K24,RTX 4070 Ti,1.0
1477115904,3.24179,K24,RTX 4070 Ti,1.0
1478426624,3.21431,K24,RTX 4070 Ti,1.0
1479737344,3.1492,K24,RTX 4070 Ti,1.0
1481048064,3.23466,K24,RTX 4070 Ti,1.0
1482358784,3.28043,K24,RTX 4070 Ti,1.0
1483669504,3.32065,K24,RTX 4070 Ti,1.0
1484980224,3.30764,K24,RTX 4070 Ti,1.0
1486290944,3.19566,K24,RTX 4070 Ti,1.0
1487601664,3.21146,K24,RTX 4070 Ti,1.0
1488912384,3.13263,K24,RTX 4070 Ti,1.0
1490223104,3.19284,K24,RTX 4070 Ti,1.0
1491533824,3.27875,K24,RTX 4070 Ti,1.0
1492844544,3.22528,K24,RTX 4070 Ti,1.0
1494155264,3.22948,K24,RTX 4070 Ti,1.0
1495465984,3.12977,K24,RTX 4070 Ti,1.0
1496776704,3.26263,K24,RTX 4070 Ti,1.0
1498087424,3.23855,K24,RTX 4070 Ti,1.0
1499398144,3.16769,K24,RTX 4070 Ti,1.0
1500708864,3.2212,K24,RTX 4070 Ti,1.0
1502019584,3.17718,K24,RTX 4070 Ti,1.0
1503330304,3.28546,K24,RTX 4070 Ti,1.0
1504641024,3.2941,K24,RTX 4070 Ti,1.0
1505951744,3.28835,K24,RTX 4070 Ti,1.0
1507262464,3.26109,K24,RTX 4070 Ti,1.0
1508573184,3.1377,K24,RTX 4070 Ti,1.0
1509883904,3.14356,K24,RTX 4070 Ti,1.0
1511194624,3.17666,K24,RTX 4070 Ti,1.0
1512505344,3.2912,K24,RTX 4070 Ti,1.0
1513816064,3.19932,K24,RTX 4070 Ti,1.0
1515126784,3.17845,K24,RTX 4070 Ti,1.0
1516437504,3.17353,K24,RTX 4070 Ti,1.0
1517748224,3.21147,K24,RTX 4070 Ti,1.0
1519058944,3.14124,K24,RTX 4070 Ti,1.0
1520369664,3.25565,K24,RTX 4070 Ti,1.0
1521680384,3.20167,K24,RTX 4070 Ti,1.0
1522991104,3.2059,K24,RTX 4070 Ti,1.0
1524301824,3.13153,K24,RTX 4070 Ti,1.0
1525612544,3.19708,K24,RTX 4070 Ti,1.0
1526923264,3.23157,K24,RTX 4070 Ti,1.0
1528233984,3.32568,K24,RTX 4070 Ti,1.0
1529544704,3.19453,K24,RTX 4070 Ti,1.0
1530855424,3.24334,K24,RTX 4070 Ti,1.0
1532166144,3.07374,K24,RTX 4070 Ti,1.0
1533476864,3.17805,K24,RTX 4070 Ti,1.0
1534787584,3.26559,K24,RTX 4070 Ti,1.0
1536098304,3.19345,K24,RTX 4070 Ti,1.0
1537409024,3.17528,K24,RTX 4070 Ti,1.0
1538719744,3.21377,K24,RTX 4070 Ti,1.0
1540030464,3.1963,K24,RTX 4070 Ti,1.0
1541341184,3.22659,K24,RTX 4070 Ti,1.0
1542651904,3.18083,K24,RTX 4070 Ti,1.0
1543962624,3.15758,K24,RTX 4070 Ti,1.0
1545273344,3.29993,K24,RTX 4070 Ti,1.0
1546584064,3.19235,K24,RTX 4070 Ti,1.0
1547894784,3.15449,K24,RTX 4070 Ti,1.0
1549205504,3.19594,K24,RTX 4070 Ti,1.0
1550516224,3.16261,K24,RTX 4070 Ti,1.0
1551826944,3.16818,K24,RTX 4070 Ti,1.0
1553137664,3.11684,K24,RTX 4070 Ti,1.0
1554448384,3.28609,K24,RTX 4070 Ti,1.0
1555759104,3.24015,K24,RTX 4070 Ti,1.0
1557069824,3.25381,K24,RTX 4070 Ti,1.0
1558380544,3.17881,K24,RTX 4070 Ti,1.0
1559691264,3.19397,K24,RTX 4070 Ti,1.0
1561001984,3.14438,K24,RTX 4070 Ti,1.0
1562312704,3.18287,K24,RTX 4070 Ti,1.0
1563623424,3.24013,K24,RTX 4070 Ti,1.0
1564934144,3.17819,K24,RTX 4070 Ti,1.0
1566244864,3.17133,K24,RTX 4070 Ti,1.0
1567555584,3.1146,K24,RTX 4070 Ti,1.0
1568866304,3.20435,K24,RTX 4070 Ti,1.0
1570177024,3.15659,K24,RTX 4070 Ti,1.0
1571487744,3.19546,K24,RTX 4070 Ti,1.0
1572798464,3.18722,K24,RTX 4070 Ti,1.0
1574109184,3.08183,K24,RTX 4070 Ti,1.0
1575419904,3.19003,K24,RTX 4070 Ti,1.0
1576730624,3.17664,K24,RTX 4070 Ti,1.0
1578041344,3.23609,K24,RTX 4070 Ti,1.0
1579352064,3.23021,K24,RTX 4070 Ti,1.0
1580662784,3.11181,K24,RTX 4070 Ti,1.0
1581973504,3.18879,K24,RTX 4070 Ti,1.0
1583284224,3.08374,K24,RTX 4070 Ti,1.0
1584594944,3.19928,K24,RTX 4070 Ti,1.0
1585905664,3.24947,K24,RTX 4070 Ti,1.0
1587216384,3.20318,K24,RTX 4070 Ti,1.0
1588527104,3.17192,K24,RTX 4070 Ti,1.0
1589837824,3.06778,K24,RTX 4070 Ti,1.0
1591148544,3.14067,K24,RTX 4070 Ti,1.0
1592459264,3.26832,K24,RTX 4070 Ti,1.0
1593769984,3.21606,K24,RTX 4070 Ti,1.0
1595080704,3.27469,K24,RTX 4070 Ti,1.0
1596391424,3.27969,K24,RTX 4070 Ti,1.0
1597702144,3.18335,K24,RTX 4070 Ti,1.0
1599012864,3.22975,K24,RTX 4070 Ti,1.0
1600323584,3.26812,K24,RTX 4070 Ti,1.0
1601634304,3.16294,K24,RTX 4070 Ti,1.0
1602945024,3.13153,K24,RTX 4070 Ti,1.0
1604255744,3.10083,K24,RTX 4070 Ti,1.0
1605566464,3.1679,K24,RTX 4070 Ti,1.0
1606877184,3.20011,K24,RTX 4070 Ti,1.0
1608187904,3.35326,K24,RTX 4070 Ti,1.0
1609498624,3.1807,K24,RTX 4070 Ti,1.0
1610809344,3.13246,K24,RTX 4070 Ti,1.0
1612120064,3.14243,K24,RTX 4070 Ti,1.0
1613430784,3.19395,K24,RTX 4070 Ti,1.0
1614741504,3.13909,K24,RTX 4070 Ti,1.0
1616052224,3.22368,K24,RTX 4070 Ti,1.0
1617362944,3.14586,K24,RTX 4070 Ti,1.0
1618673664,3.26859,K24,RTX 4070 Ti,1.0
1619984384,3.22038,K24,RTX 4070 Ti,1.0
1621295104,3.13259,K24,RTX 4070 Ti,1.0
1622605824,3.26075,K24,RTX 4070 Ti,1.0
1623916544,3.18163,K24,RTX 4070 Ti,1.0
1625227264,3.21206,K24,RTX 4070 Ti,1.0
1626537984,3.08895,K24,RTX 4070 Ti,1.0
1627848704,3.232,K24,RTX 4070 Ti,1.0
1629159424,3.23447,K24,RTX 4070 Ti,1.0
1630470144,3.15665,K24,RTX 4070 Ti,1.0
1631780864,3.19471,K24,RTX 4070 Ti,1.0
1633091584,3.12028,K24,RTX 4070 Ti,1.0
1634402304,3.17039,K24,RTX 4070 Ti,1.0
1635713024,3.31319,K24,RTX 4070 Ti,1.0
1637023744,3.18099,K24,RTX 4070 Ti,1.0
1638334464,3.27565,K24,RTX 4070 Ti,1.0
1639645184,3.23811,K24,RTX 4070 Ti,1.0
1640955904,3.16991,K24,RTX 4070 Ti,1.0
1642266624,3.22394,K24,RTX 4070 Ti,1.0
1643577344,3.20073,K24,RTX 4070 Ti,1.0
1644888064,3.32274,K24,RTX 4070 Ti,1.0
1646198784,3.20706,K24,RTX 4070 Ti,1.0
1647509504,3.14473,K24,RTX 4070 Ti,1.0
1648820224,3.23976,K24,RTX 4070 Ti,1.0
1650130944,3.14143,K24,RTX 4070 Ti,1.0
1651441664,3.18174,K24,RTX 4070 Ti,1.0
1652752384,3.19005,K24,RTX 4070 Ti,1.0
1654063104,3.15872,K24,RTX 4070 Ti,1.0
1655373824,3.11977,K24,RTX 4070 Ti,1.0
1656684544,3.14238,K24,RTX 4070 Ti,1.0
1657995264,3.2504,K24,RTX 4070 Ti,1.0
1659305984,3.13533,K24,RTX 4070 Ti,1.0
1660616704,3.20573,K24,RTX 4070 Ti,1.0
1661927424,3.10054,K24,RTX 4070 Ti,1.0
1663238144,3.09598,K24,RTX 4070 Ti,1.0
1664548864,3.21821,K24,RTX 4070 Ti,1.0
1665859584,3.15481,K24,RTX 4070 Ti,1.0
1667170304,3.32982,K24,RTX 4070 Ti,1.0
1668481024,3.24013,K24,RTX 4070 Ti,1.0
1669791744,3.11681,K24,RTX 4070 Ti,1.0
1671102464,3.21854,K24,RTX 4070 Ti,1.0
1672413184,3.16706,K24,RTX 4070 Ti,1.0
1673723904,3.20927,K24,RTX 4070 Ti,1.0
1675034624,3.22662,K24,RTX 4070 Ti,1.0
1676345344,3.15644,K24,RTX 4070 Ti,1.0
1677656064,3.14536,K24,RTX 4070 Ti,1.0
1678966784,3.10017,K24,RTX 4070 Ti,1.0
1680277504,3.23112,K24,RTX 4070 Ti,1.0
1681588224,3.20812,K24,RTX 4070 Ti,1.0
1682898944,3.2187,K24,RTX 4070 Ti,1.0
1684209664,3.11515,K24,RTX 4070 Ti,1.0
1685520384,3.12708,K24,RTX 4070 Ti,1.0
1686831104,3.19379,K24,RTX 4070 Ti,1.0
1688141824,3.16684,K24,RTX 4070 Ti,1.0
1689452544,3.24412,K24,RTX 4070 Ti,1.0
1690763264,3.22915,K24,RTX 4070 Ti,1.0
1692073984,3.19688,K24,RTX 4070 Ti,1.0
1693384704,3.30775,K24,RTX 4070 Ti,1.0
1694695424,3.21631,K24,RTX 4070 Ti,1.0
1696006144,3.2207,K24,RTX 4070 Ti,1.0
1697316864,3.28279,K24,RTX 4070 Ti,1.0
1698627584,3.05796,K24,RTX 4070 Ti,1.0
1699938304,3.30299,K24,RTX 4070 Ti,1.0
1701249024,3.26274,K24,RTX 4070 Ti,1.0
1702559744,3.21547,K24,RTX 4070 Ti,1.0
1703870464,3.11262,K24,RTX 4070 Ti,1.0
1705181184,3.16082,K24,RTX 4070 Ti,1.0
1706491904,3.13275,K24,RTX 4070 Ti,1.0
1707802624,3.28912,K24,RTX 4070 Ti,1.0
1709113344,3.11317,K24,RTX 4070 Ti,1.0
1710424064,3.09136,K24,RTX 4070 Ti,1.0
1711734784,3.17726,K24,RTX 4070 Ti,1.0
1713045504,3.19328,K24,RTX 4070 Ti,1.0
1714356224,3.18617,K24,RTX 4070 Ti,1.0
1715666944,3.18904,K24,RTX 4070 Ti,1.0
1716977664,3.24425,K24,RTX 4070 Ti,1.0
1718288384,3.11195,K24,RTX 4070 Ti,1.0
1719599104,3.15598,K24,RTX 4070 Ti,1.0
1720909824,3.21842,K24,RTX 4070 Ti,1.0
1722220544,3.16958,K24,RTX 4070 Ti,1.0
1723531264,3.25441,K24,RTX 4070 Ti,1.0
1724841984,3.20744,K24,RTX 4070 Ti,1.0
1726152704,3.20511,K24,RTX 4070 Ti,1.0
1727463424,3.19282,K24,RTX 4070 Ti,1.0
1728774144,3.13525,K24,RTX 4070 Ti,1.0
1730084864,3.17061,K24,RTX 4070 Ti,1.0
1731395584,3.07882,K24,RTX 4070 Ti,1.0
1732706304,3.21375,K24,RTX 4070 Ti,1.0
1734017024,3.22775,K24,RTX 4070 Ti,1.0
1735327744,3.12447,K24,RTX 4070 Ti,1.0
1736638464,3.28845,K24,RTX 4070 Ti,1.0
1737949184,3.22456,K24,RTX 4070 Ti,1.0
1739259904,3.0805,K24,RTX 4070 Ti,1.0
1740570624,3.28598,K24,RTX 4070 Ti,1.0
1741881344,3.12603,K24,RTX 4070 Ti,1.0
1743192064,3.16204,K24,RTX 4070 Ti,1.0
1744502784,3.13108,K24,RTX 4070 Ti,1.0
1745813504,3.20015,K24,RTX 4070 Ti,1.0
1747124224,3.14594,K24,RTX 4070 Ti,1.0
1748434944,3.20959,K24,RTX 4070 Ti,1.0
1749745664,3.15924,K24,RTX 4070 Ti,1.0
1751056384,3.18758,K24,RTX 4070 Ti,1.0
1752367104,3.12412,K24,RTX 4070 Ti,1.0
1753677824,3.15224,K24,RTX 4070 Ti,1.0
1754988544,3.21217,K24,RTX 4070 Ti,1.0
1756299264,3.16095,K24,RTX 4070 Ti,1.0
1757609984,3.14713,K24,RTX 4070 Ti,1.0
1758920704,3.1381,K24,RTX 4070 Ti,1.0
1760231424,3.14445,K24,RTX 4070 Ti,1.0
1761542144,3.20685,K24,RTX 4070 Ti,1.0
1762852864,3.23207,K24,RTX 4070 Ti,1.0
1764163584,3.1334,K24,RTX 4070 Ti,1.0
1765474304,3.10127,K24,RTX 4070 Ti,1.0
1766785024,3.20554,K24,RTX 4070 Ti,1.0
1768095744,3.15847,K24,RTX 4070 Ti,1.0
1769406464,3.19886,K24,RTX 4070 Ti,1.0
1770717184,3.18366,K24,RTX 4070 Ti,1.0
1772027904,3.09289,K24,RTX 4070 Ti,1.0
1773338624,3.16173,K24,RTX 4070 Ti,1.0
1774649344,3.24769,K24,RTX 4070 Ti,1.0
1775960064,3.2585,K24,RTX 4070 Ti,1.0
1777270784,3.2052,K24,RTX 4070 Ti,1.0
1778581504,3.13893,K24,RTX 4070 Ti,1.0
1779892224,3.22869,K24,RTX 4070 Ti,1.0
1781202944,3.16591,K24,RTX 4070 Ti,1.0
1782513664,3.18195,K24,RTX 4070 Ti,1.0
1783824384,3.14204,K24,RTX 4070 Ti,1.0
1785135104,3.20002,K24,RTX 4070 Ti,1.0
1786445824,3.19233,K24,RTX 4070 Ti,1.0
1787756544,3.08255,K24,RTX 4070 Ti,1.0
1789067264,3.18097,K24,RTX 4070 Ti,1.0
1790377984,3.16354,K24,RTX 4070 Ti,1.0
1791688704,3.16381,K24,RTX 4070 Ti,1.0
1792999424,3.18358,K24,RTX 4070 Ti,1.0
1794310144,3.11175,K24,RTX 4070 Ti,1.0
1795620864,3.20811,K24,RTX 4070 Ti,1.0
1796931584,3.18864,K24,RTX 4070 Ti,1.0
1798242304,3.23527,K24,RTX 4070 Ti,1.0
1799553024,3.22415,K24,RTX 4070 Ti,1.0
1800863744,3.06922,K24,RTX 4070 Ti,1.0
1802174464,3.16015,K24,RTX 4070 Ti,1.0
1803485184,3.07547,K24,RTX 4070 Ti,1.0
1804795904,3.25023,K24,RTX 4070 Ti,1.0
1806106624,3.1865,K24,RTX 4070 Ti,1.0
1807417344,3.08751,K24,RTX 4070 Ti,1.0
1808728064,3.10175,K24,RTX 4070 Ti,1.0
1810038784,3.09716,K24,RTX 4070 Ti,1.0
1811349504,3.11004,K24,RTX 4070 Ti,1.0
1812660224,3.28236,K24,RTX 4070 Ti,1.0
1813970944,3.19429,K24,RTX 4070 Ti,1.0
1815281664,3.17614,K24,RTX 4070 Ti,1.0
1816592384,3.22916,K24,RTX 4070 Ti,1.0
1817903104,3.13386,K24,RTX 4070 Ti,1.0
1819213824,3.16098,K24,RTX 4070 Ti,1.0
1820524544,3.1996,K24,RTX 4070 Ti,1.0
1821835264,3.19114,K24,RTX 4070 Ti,1.0
1823145984,3.11569,K24,RTX 4070 Ti,1.0
1824456704,3.08372,K24,RTX 4070 Ti,1.0
1825767424,3.16876,K24,RTX 4070 Ti,1.0
1827078144,3.23964,K24,RTX 4070 Ti,1.0
1828388864,3.12558,K24,RTX 4070 Ti,1.0
1829699584,3.22564,K24,RTX 4070 Ti,1.0
1831010304,3.19811,K24,RTX 4070 Ti,1.0
1832321024,3.10607,K24,RTX 4070 Ti,1.0
1833631744,3.11076,K24,RTX 4070 Ti,1.0
1834942464,3.1307,K24,RTX 4070 Ti,1.0
1836253184,3.15398,K24,RTX 4070 Ti,1.0
1837563904,3.22177,K24,RTX 4070 Ti,1.0
1838874624,3.18208,K24,RTX 4070 Ti,1.0
1840185344,3.24196,K24,RTX 4070 Ti,1.0
1841496064,3.15088,K24,RTX 4070 Ti,1.0
1842806784,3.11672,K24,RTX 4070 Ti,1.0
1844117504,3.10372,K24,RTX 4070 Ti,1.0
1845428224,3.1322,K24,RTX 4070 Ti,1.0
1846738944,3.14376,K24,RTX 4070 Ti,1.0
1848049664,3.2083,K24,RTX 4070 Ti,1.0
1849360384,3.15246,K24,RTX 4070 Ti,1.0
1850671104,3.14725,K24,RTX 4070 Ti,1.0
1851981824,3.05591,K24,RTX 4070 Ti,1.0
1853292544,3.08778,K24,RTX 4070 Ti,1.0
1854603264,3.16461,K24,RTX 4070 Ti,1.0
1855913984,3.182,K24,RTX 4070 Ti,1.0
1857224704,3.12901,K24,RTX 4070 Ti,1.0
1858535424,3.12524,K24,RTX 4070 Ti,1.0
1859846144,3.11328,K24,RTX 4070 Ti,1.0
1861156864,3.08545,K24,RTX 4070 Ti,1.0
1862467584,3.18087,K24,RTX 4070 Ti,1.0
1863778304,3.17229,K24,RTX 4070 Ti,1.0
1865089024,3.18489,K24,RTX 4070 Ti,1.0
1866399744,3.13087,K24,RTX 4070 Ti,1.0
1867710464,3.17193,K24,RTX 4070 Ti,1.0
1869021184,3.11981,K24,RTX 4070 Ti,1.0
1870331904,3.16568,K24,RTX 4070 Ti,1.0
1871642624,3.16381,K24,RTX 4070 Ti,1.0
1872953344,3.03904,K24,RTX 4070 Ti,1.0
1874264064,3.2318,K24,RTX 4070 Ti,1.0
1875574784,3.16054,K24,RTX 4070 Ti,1.0
1876885504,3.24864,K24,RTX 4070 Ti,1.0
1878196224,3.16714,K24,RTX 4070 Ti,1.0
1879506944,3.11348,K24,RTX 4070 Ti,1.0
1880817664,3.07034,K24,RTX 4070 Ti,1.0
1882128384,2.98386,K24,RTX 4070 Ti,1.0
1883439104,3.05144,K24,RTX 4070 Ti,1.0
1884749824,3.20985,K24,RTX 4070 Ti,1.0
1886060544,3.18326,K24,RTX 4070 Ti,1.0
1887371264,3.24255,K24,RTX 4070 Ti,1.0
1888681984,3.08805,K24,RTX 4070 Ti,1.0
1889992704,3.217,K24,RTX 4070 Ti,1.0
1891303424,3.26205,K24,RTX 4070 Ti,1.0
1892614144,3.21629,K24,RTX 4070 Ti,1.0
1893924864,3.15348,K24,RTX 4070 Ti,1.0
1895235584,3.13601,K24,RTX 4070 Ti,1.0
1896546304,3.05689,K24,RTX 4070 Ti,1.0
1897857024,3.25631,K24,RTX 4070 Ti,1.0
1899167744,3.18828,K24,RTX 4070 Ti,1.0
1900478464,3.29653,K24,RTX 4070 Ti,1.0
1901789184,3.17715,K24,RTX 4070 Ti,1.0
1903099904,3.11479,K24,RTX 4070 Ti,1.0
1904410624,3.11716,K24,RTX 4070 Ti,1.0
1905721344,3.15945,K24,RTX 4070 Ti,1.0
1907032064,3.27094,K24,RTX 4070 Ti,1.0
1908342784,3.16722,K24,RTX 4070 Ti,1.0
1909653504,3.13208,K24,RTX 4070 Ti,1.0
1910964224,3.18713,K24,RTX 4070 Ti,1.0
1912274944,3.20701,K24,RTX 4070 Ti,1.0
1913585664,3.19796,K24,RTX 4070 Ti,1.0
1914896384,3.1879,K24,RTX 4070 Ti,1.0
1916207104,3.13118,K24,RTX 4070 Ti,1.0
1917517824,3.16295,K24,RTX 4070 Ti,1.0
1918828544,3.03863,K24,RTX 4070 Ti,1.0
1920139264,3.27689,K24,RTX 4070 Ti,1.0
1921449984,3.18947,K24,RTX 4070 Ti,1.0
1922760704,3.21548,K24,RTX 4070 Ti,1.0
1924071424,3.12729,K24,RTX 4070 Ti,1.0
1925382144,3.09573,K24,RTX 4070 Ti,1.0
1926692864,3.1509,K24,RTX 4070 Ti,1.0
1928003584,3.17292,K24,RTX 4070 Ti,1.0
1929314304,3.17258,K24,RTX 4070 Ti,1.0
1930625024,3.13059,K24,RTX 4070 Ti,1.0
1931935744,3.14839,K24,RTX 4070 Ti,1.0
1933246464,3.09461,K24,RTX 4070 Ti,1.0
1934557184,3.16713,K24,RTX 4070 Ti,1.0
1935867904,3.118,K24,RTX 4070 Ti,1.0
1937178624,3.21111,K24,RTX 4070 Ti,1.0
1938489344,3.13284,K24,RTX 4070 Ti,1.0
1939800064,3.07828,K24,RTX 4070 Ti,1.0
1941110784,3.14343,K24,RTX 4070 Ti,1.0
1942421504,3.09102,K24,RTX 4070 Ti,1.0
1943732224,3.17485,K24,RTX 4070 Ti,1.0
1945042944,3.09195,K24,RTX 4070 Ti,1.0
1946353664,3.05932,K24,RTX 4070 Ti,1.0
1947664384,3.14448,K24,RTX 4070 Ti,1.0
1948975104,3.12451,K24,RTX 4070 Ti,1.0
1950285824,3.23888,K24,RTX 4070 Ti,1.0
1951596544,3.16117,K24,RTX 4070 Ti,1.0
1952907264,3.12476,K24,RTX 4070 Ti,1.0
1954217984,3.1316,K24,RTX 4070 Ti,1.0
1955528704,3.10308,K24,RTX 4070 Ti,1.0
1956839424,3.17645,K24,RTX 4070 Ti,1.0
1958150144,3.13729,K24,RTX 4070 Ti,1.0
1959460864,3.24742,K24,RTX 4070 Ti,1.0
1960771584,3.17791,K24,RTX 4070 Ti,1.0
1962082304,3.07383,K24,RTX 4070 Ti,1.0
1963393024,3.09387,K24,RTX 4070 Ti,1.0
1964703744,3.15741,K24,RTX 4070 Ti,1.0
1966014464,3.14521,K24,RTX 4070 Ti,1.0
1967325184,3.11743,K24,RTX 4070 Ti,1.0
1968635904,3.20137,K24,RTX 4070 Ti,1.0
1969946624,3.22082,K24,RTX 4070 Ti,1.0
1971257344,3.14584,K24,RTX 4070 Ti,1.0
1972568064,3.24059,K24,RTX 4070 Ti,1.0
1973878784,3.14069,K24,RTX 4070 Ti,1.0
1975189504,3.1066,K24,RTX 4070 Ti,1.0
1976500224,3.07125,K24,RTX 4070 Ti,1.0
1977810944,3.04796,K24,RTX 4070 Ti,1.0
1979121664,3.17588,K24,RTX 4070 Ti,1.0
1980432384,3.16957,K24,RTX 4070 Ti,1.0
1981743104,3.27847,K24,RTX 4070 Ti,1.0
1983053824,3.13505,K24,RTX 4070 Ti,1.0
1984364544,3.16333,K24,RTX 4070 Ti,1.0
1985675264,3.04696,K24,RTX 4070 Ti,1.0
1986985984,3.11655,K24,RTX 4070 Ti,1.0
1988296704,3.12826,K24,RTX 4070 Ti,1.0
1989607424,3.1588,K24,RTX 4070 Ti,1.0
1990918144,3.06424,K24,RTX 4070 Ti,1.0
1992228864,3.24148,K24,RTX 4070 Ti,1.0
1993539584,3.22684,K24,RTX 4070 Ti,1.0
1994850304,3.17,K24,RTX 4070 Ti,1.0
1996161024,3.15566,K24,RTX 4070 Ti,1.0
1997471744,3.11233,K24,RTX 4070 Ti,1.0
1998782464,3.17065,K24,RTX 4070 Ti,1.0
2000093184,3.61078,K36,RTX 4070 Ti,1.0
2001403904,3.1325,K36,RTX 4070 Ti,1.0
2002714624,3.16494,K36,RTX 4070 Ti,1.0
2004025344,3.16679,K36,RTX 4070 Ti,1.0
2005336064,3.21673,K36,RTX 4070 Ti,1.0
2006646784,3.22718,K36,RTX 4070 Ti,1.0
2007957504,3.06983,K36,RTX 4070 Ti,1.0
2009268224,3.12645,K36,RTX 4070 Ti,1.0
2010578944,3.06002,K36,RTX 4070 Ti,1.0
2011889664,3.05597,K36,RTX 4070 Ti,1.0
2013200384,3.08978,K36,RTX 4070 Ti,1.0
2014511104,3.05365,K36,RTX 4070 Ti,1.0
2015821824,3.18278,K36,RTX 4070 Ti,1.0
2017132544,3.16157,K36,RTX 4070 Ti,1.0
2018443264,3.18332,K36,RTX 4070 Ti,1.0
2019753984,3.10318,K36,RTX 4070 Ti,1.0
2021064704,3.09576,K36,RTX 4070 Ti,1.0
2022375424,3.09264,K36,RTX 4070 Ti,1.0
2023686144,3.06217,K36,RTX 4070 Ti,1.0
2024996864,3.15016,K36,RTX 4070 Ti,1.0
2026307584,3.22293,K36,RTX 4070 Ti,1.0
2027618304,3.07573,K36,RTX 4070 Ti,1.0
2028929024,3.14812,K36,RTX 4070 Ti,1.0
2030239744,3.04621,K36,RTX 4070 Ti,1.0
2031550464,3.10448,K36,RTX 4070 Ti,1.0
2032861184,3.2015,K36,RTX 4070 Ti,1.0
2034171904,3.14118,K36,RTX 4070 Ti,1.0
2035482624,3.18994,K36,RTX 4070 Ti,1.0
2036793344,3.03654,K36,RTX 4070 Ti,1.0
2038104064,3.18955,K36,RTX 4070 Ti,1.0
2039414784,3.17517,K36,RTX 4070 Ti,1.0
2040725504,3.14209,K36,RTX 4070 Ti,1.0
2042036224,3.1142,K36,RTX 4070 Ti,1.0
2043346944,3.01045,K36,RTX 4070 Ti,1.0
2044657664,3.06334,K36,RTX 4070 Ti,1.0
2045968384,3.0915,K36,RTX 4070 Ti,1.0
2047279104,3.17362,K36,RTX 4070 Ti,1.0
2048589824,3.15018,K36,RTX 4070 Ti,1.0
2049900544,3.00935,K36,RTX 4070 Ti,1.0
2051211264,3.08292,K36,RTX 4070 Ti,1.0
2052521984,3.08862,K36,RTX 4070 Ti,1.0
2053832704,3.19356,K36,RTX 4070 Ti,1.0
2055143424,3.05613,K36,RTX 4070 Ti,1.0
2056454144,3.12373,K36,RTX 4070 Ti,1.0
2057764864,3.10766,K36,RTX 4070 Ti,1.0
2059075584,2.98429,K36,RTX 4070 Ti,1.0
2060386304,3.18362,K36,RTX 4070 Ti,1.0
2061697024,3.11555,K36,RTX 4070 Ti,1.0
2063007744,3.12563,K36,RTX 4070 Ti,1.0
2064318464,3.10624,K36,RTX 4070 Ti,1.0
2065629184,3.09805,K36,RTX 4070 Ti,1.0
2066939904,3.13152,K36,RTX 4070 Ti,1.0
2068250624,3.19185,K36,RTX 4070 Ti,1.0
2069561344,3.13837,K36,RTX 4070 Ti,1.0
2070872064,3.12054,K36,RTX 4070 Ti,1.0
2072182784,3.04102,K36,RTX 4070 Ti,1.0
2073493504,3.09455,K36,RTX 4070 Ti,1.0
2074804224,3.21305,K36,RTX 4070 Ti,1.0
2076114944,3.12239,K36,RTX 4070 Ti,1.0
2077425664,3.13075,K36,RTX 4070 Ti,1.0
2078736384,3.16254,K36,RTX 4070 Ti,1.0
2080047104,2.95189,K36,RTX 4070 Ti,1.0
2081357824,3.17343,K36,RTX 4070 Ti,1.0
2082668544,3.03609,K36,RTX 4070 Ti,1.0
2083979264,3.04693,K36,RTX 4070 Ti,1.0
2085289984,3.07133,K36,RTX 4070 Ti,1.0
2086600704,3.19238,K36,RTX 4070 Ti,1.0
2087911424,3.13723,K36,RTX 4070 Ti,1.0
2089222144,3.08704,K36,RTX 4070 Ti,1.0
2090532864,3.1236,K36,RTX 4070 Ti,1.0
2091843584,3.05911,K36,RTX 4070 Ti,1.0
2093154304,2.97913,K36,RTX 4070 Ti,1.0
2094465024,3.06874,K36,RTX 4070 Ti,1.0
2095775744,3.06457,K36,RTX 4070 Ti,1.0
2097086464,3.14443,K36,RTX 4070 Ti,1.0
2098397184,3.15669,K36,RTX 4070 Ti,1.0
2099707904,3.22803,K36,RTX 4070 Ti,1.0
2101018624,3.09609,K36,RTX 4070 Ti,1.0
2102329344,3.08681,K36,RTX 4070 Ti,1.0
2103640064,3.05698,K36,RTX 4070 Ti,1.0
2104950784,3.11027,K36,RTX 4070 Ti,1.0
2106261504,3.09191,K36,RTX 4070 Ti,1.0
2107572224,3.11919,K36,RTX 4070 Ti,1.0
2108882944,3.01879,K36,RTX 4070 Ti,1.0
2110193664,3.06539,K36,RTX 4070 Ti,1.0
2111504384,3.21331,K36,RTX 4070 Ti,1.0
2112815104,3.06511,K36,RTX 4070 Ti,1.0
2114125824,3.06491,K36,RTX 4070 Ti,1.0
2115436544,3.0131,K36,RTX 4070 Ti,1.0
2116747264,3.10313,K36,RTX 4070 Ti,1.0
2118057984,3.17372,K36,RTX 4070 Ti,1.0
2119368704,3.24355,K36,RTX 4070 Ti,1.0
2120679424,3.1367,K36,RTX 4070 Ti,1.0
2121990144,3.11515,K36,RTX 4070 Ti,1.0
2123300864,3.11325,K36,RTX 4070 Ti,1.0
2124611584,3.0886,K36,RTX 4070 Ti,1.0
2125922304,3.10888,K36,RTX 4070 Ti,1.0
2127233024,3.13081,K36,RTX 4070 Ti,1.0
2128543744,3.08058,K36,RTX 4070 Ti,1.0
2129854464,3.20209,K36,RTX 4070 Ti,1.0
2131165184,3.04868,K36,RTX 4070 Ti,1.0
2132475904,3.13644,K36,RTX 4070 Ti,1.0
2133786624,3.16361,K36,RTX 4070 Ti,1.0
2135097344,3.04146,K36,RTX 4070 Ti,1.0
2136408064,3.11505,K36,RTX 4070 Ti,1.0
2137718784,3.09499,K36,RTX 4070 Ti,1.0
2139029504,3.12687,K36,RTX 4070 Ti,1.0
2140340224,3.11979,K36,RTX 4070 Ti,1.0
2141650944,3.16366,K36,RTX 4070 Ti,1.0
2142961664,3.16713,K36,RTX 4070 Ti,1.0
2144272384,3.03976,K36,RTX 4070 Ti,1.0
2145583104,3.07766,K36,RTX 4070 Ti,1.0
2146893824,3.11712,K36,RTX 4070 Ti,1.0
2148204544,3.14147,K36,RTX 4070 Ti,1.0
2149515264,3.05578,K36,RTX 4070 Ti,1.0
2150825984,3.05297,K36,RTX 4070 Ti,1.0
2152136704,3.04349,K36,RTX 4070 Ti,1.0
2153447424,3.05437,K36,RTX 4070 Ti,1.0
2154758144,3.05769,K36,RTX 4070 Ti,1.0
2156068864,3.1508,K36,RTX 4070 Ti,1.0
2157379584,3.07206,K36,RTX 4070 Ti,1.0
2158690304,3.02638,K36,RTX 4070 Ti,1.0
2160001024,3.22349,K36,RTX 4070 Ti,1.0
2161311744,3.10438,K36,RTX 4070 Ti,1.0
2162622464,3.15571,K36,RTX 4070 Ti,1.0
2163933184,3.13649,K36,RTX 4070 Ti,1.0
2165243904,3.06087,K36,RTX 4070 Ti,1.0
2166554624,3.06814,K36,RTX 4070 Ti,1.0
2167865344,3.04137,K36,RTX 4070 Ti,1.0
2169176064,3.16012,K36,RTX 4070 Ti,1.0
2170486784,3.08329,K36,RTX 4070 Ti,1.0
2171797504,3.099,K36,RTX 4070 Ti,1.0
2173108224,3.04224,K36,RTX 4070 Ti,1.0
2174418944,3.02123,K36,RTX 4070 Ti,1.0
2175729664,3.0691,K36,RTX 4070 Ti,1.0
2177040384,3.04581,K36,RTX 4070 Ti,1.0
2178351104,3.25328,K36,RTX 4070 Ti,1.0
2179661824,3.12591,K36,RTX 4070 Ti,1.0
2180972544,3.00908,K36,RTX 4070 Ti,1.0
2182283264,3.11311,K36,RTX 4070 Ti,1.0
2183593984,3.08236,K36,RTX 4070 Ti,1.0
2184904704,3.07217,K36,RTX 4070 Ti,1.0
2186215424,3.06884,K36,RTX 4070 Ti,1.0
2187526144,3.10842,K36,RTX 4070 Ti,1.0
2188836864,2.9546,K36,RTX 4070 Ti,1.0
2190147584,3.15891,K36,RTX 4070 Ti,1.0
2191458304,3.24183,K36,RTX 4070 Ti,1.0
2192769024,3.138,K36,RTX 4070 Ti,1.0
2194079744,3.16725,K36,RTX 4070 Ti,1.0
2195390464,3.07376,K36,RTX 4070 Ti,1.0
2196701184,3.12839,K36,RTX 4070 Ti,1.0
2198011904,3.10412,K36,RTX 4070 Ti,1.0
2199322624,3.12128,K36,RTX 4070 Ti,1.0
2200633344,3.14186,K36,RTX 4070 Ti,1.0
2201944064,3.15427,K36,RTX 4070 Ti,1.0
2203254784,3.06708,K36,RTX 4070 Ti,1.0
2204565504,3.15389,K36,RTX 4070 Ti,1.0
2205876224,3.06225,K36,RTX 4070 Ti,1.0
2207186944,3.0222,K36,RTX 4070 Ti,1.0
2208497664,3.04839,K36,RTX 4070 Ti,1.0
2209808384,3.10761,K36,RTX 4070 Ti,1.0
2211119104,3.04732,K36,RTX 4070 Ti,1.0
2212429824,3.20679,K36,RTX 4070 Ti,1.0
2213740544,2.98721,K36,RTX 4070 Ti,1.0
2215051264,3.06903,K36,RTX 4070 Ti,1.0
2216361984,3.00337,K36,RTX 4070 Ti,1.0
2217672704,3.02343,K36,RTX 4070 Ti,1.0
2218983424,3.16204,K36,RTX 4070 Ti,1.0
2220294144,3.07921,K36,RTX 4070 Ti,1.0
2221604864,3.19005,K36,RTX 4070 Ti,1.0
2222915584,3.07375,K36,RTX 4070 Ti,1.0
2224226304,3.06941,K36,RTX 4070 Ti,1.0
2225537024,3.06078,K36,RTX 4070 Ti,1.0
2226847744,3.05975,K36,RTX 4070 Ti,1.0
2228158464,3.2601,K36,RTX 4070 Ti,1.0
2229469184,3.13045,K36,RTX 4070 Ti,1.0
2230779904,3.03135,K36,RTX 4070 Ti,1.0
2232090624,3.08413,K36,RTX 4070 Ti,1.0
2233401344,3.08595,K36,RTX 4070 Ti,1.0
2234712064,3.09012,K36,RTX 4070 Ti,1.0
2236022784,3.07489,K36,RTX 4070 Ti,1.0
2237333504,3.07245,K36,RTX 4070 Ti,1.0
2238644224,3.07303,K36,RTX 4070 Ti,1.0
2239954944,3.02172,K36,RTX 4070 Ti,1.0
2241265664,3.17175,K36,RTX 4070 Ti,1.0
2242576384,3.10849,K36,RTX 4070 Ti,1.0
2243887104,3.07896,K36,RTX 4070 Ti,1.0
2245197824,3.03015,K36,RTX 4070 Ti,1.0
2246508544,2.99947,K36,RTX 4070 Ti,1.0
2247819264,3.20345,K36,RTX 4070 Ti,1.0
2249129984,3.09212,K36,RTX 4070 Ti,1.0
2250440704,3.0119,K36,RTX 4070 Ti,1.0
2251751424,3.08641,K36,RTX 4070 Ti,1.0
2253062144,3.0466,K36,RTX 4070 Ti,1.0
2254372864,3.11304,K36,RTX 4070 Ti,1.0
2255683584,3.06488,K36,RTX 4070 Ti,1.0
2256994304,3.03609,K36,RTX 4070 Ti,1.0
2258305024,3.18591,K36,RTX 4070 Ti,1.0
2259615744,3.1173,K36,RTX 4070 Ti,1.0
2260926464,3.05563,K36,RTX 4070 Ti,1.0
2262237184,3.13164,K36,RTX 4070 Ti,1.0
2263547904,3.09753,K36,RTX 4070 Ti,1.0
2264858624,3.10893,K36,RTX 4070 Ti,1.0
2266169344,3.05567,K36,RTX 4070 Ti,1.0
2267480064,3.03101,K36,RTX 4070 Ti,1.0
2268790784,3.07585,K36,RTX 4070 Ti,1.0
2270101504,3.01709,K36,RTX 4070 Ti,1.0
2271412224,3.08834,K36,RTX 4070 Ti,1.0
2272722944,3.17305,K36,RTX 4070 Ti,1.0
2274033664,3.13758,K36,RTX 4070 Ti,1.0
2275344384,3.08203,K36,RTX 4070 Ti,1.0
2276655104,3.02163,K36,RTX 4070 Ti,1.0
2277965824,3.04332,K36,RTX 4070 Ti,1.0
2279276544,3.02315,K36,RTX 4070 Ti,1.0
2280587264,3.12829,K36,RTX 4070 Ti,1.0
2281897984,3.16009,K36,RTX 4070 Ti,1.0
2283208704,2.98399,K36,RTX 4070 Ti,1.0
2284519424,3.24763,K36,RTX 4070 Ti,1.0
2285830144,3.15013,K36,RTX 4070 Ti,1.0
2287140864,3.15177,K36,RTX 4070 Ti,1.0
2288451584,3.0589,K36,RTX 4070 Ti,1.0
2289762304,2.99505,K36,RTX 4070 Ti,1.0
2291073024,3.19983,K36,RTX 4070 Ti,1.0
2292383744,2.99802,K36,RTX 4070 Ti,1.0
2293694464,3.10888,K36,RTX 4070 Ti,1.0
2295005184,3.14556,K36,RTX 4070 Ti,1.0
2296315904,3.07103,K36,RTX 4070 Ti,1.0
2297626624,3.10158,K36,RTX 4070 Ti,1.0
2298937344,3.03412,K36,RTX 4070 Ti,1.0
2300248064,3.06942,K36,RTX 4070 Ti,1.0
2301558784,3.05181,K36,RTX 4070 Ti,1.0
2302869504,3.0523,K36,RTX 4070 Ti,1.0
2304180224,3.17964,K36,RTX 4070 Ti,1.0
2305490944,3.0925,K36,RTX 4070 Ti,1.0
2306801664,3.09186,K36,RTX 4070 Ti,1.0
2308112384,3.19292,K36,RTX 4070 Ti,1.0
2309423104,3.1734,K36,RTX 4070 Ti,1.0
2310733824,3.06524,K36,RTX 4070 Ti,1.0
2312044544,2.9522,K36,RTX 4070 Ti,1.0
2313355264,3.07111,K36,RTX 4070 Ti,1.0
2314665984,3.10632,K36,RTX 4070 Ti,1.0
2315976704,3.16675,K36,RTX 4070 Ti,1.0
2317287424,3.13202,K36,RTX 4070 Ti,1.0
2318598144,3.09515,K36,RTX 4070 Ti,1.0
2319908864,3.05776,K36,RTX 4070 Ti,1.0
2321219584,3.09953,K36,RTX 4070 Ti,1.0
2322530304,3.03004,K36,RTX 4070 Ti,1.0
2323841024,3.02156,K36,RTX 4070 Ti,1.0
2325151744,3.13857,K36,RTX 4070 Ti,1.0
2326462464,3.09859,K36,RTX 4070 Ti,1.0
2327773184,3.1625,K36,RTX 4070 Ti,1.0
2329083904,3.00395,K36,RTX 4070 Ti,1.0
2330394624,3.0171,K36,RTX 4070 Ti,1.0
2331705344,3.06515,K36,RTX 4070 Ti,1.0
2333016064,3.1298,K36,RTX 4070 Ti,1.0
2334326784,3.0218,K36,RTX 4070 Ti,1.0
2335637504,3.09923,K36,RTX 4070 Ti,1.0
2336948224,3.09073,K36,RTX 4070 Ti,1.0
2338258944,3.06305,K36,RTX 4070 Ti,1.0
2339569664,3.22907,K36,RTX 4070 Ti,1.0
2340880384,3.14016,K36,RTX 4070 Ti,1.0
2342191104,2.99478,K36,RTX 4070 Ti,1.0
2343501824,3.07804,K36,RTX 4070 Ti,1.0
2344812544,3.02513,K36,RTX 4070 Ti,1.0
2346123264,3.16599,K36,RTX 4070 Ti,1.0
2347433984,3.0663,K36,RTX 4070 Ti,1.0
2348744704,3.03955,K36,RTX 4070 Ti,1.0
2350055424,3.03099,K36,RTX 4070 Ti,1.0
2351366144,3.00834,K36,RTX 4070 Ti,1.0
2352676864,3.15145,K36,RTX 4070 Ti,1.0
2353987584,3.08297,K36,RTX 4070 Ti,1.0
2355298304,2.99475,K36,RTX 4070 Ti,1.0
2356609024,3.07708,K36,RTX 4070 Ti,1.0
2357919744,3.00582,K36,RTX 4070 Ti,1.0
2359230464,3.09218,K36,RTX 4070 Ti,1.0
2360541184,3.12263,K36,RTX 4070 Ti,1.0
2361851904,3.02451,K36,RTX 4070 Ti,1.0
2363162624,3.19896,K36,RTX 4070 Ti,1.0
2364473344,3.05,K36,RTX 4070 Ti,1.0
2365784064,3.00029,K36,RTX 4070 Ti,1.0
2367094784,3.09872,K36,RTX 4070 Ti,1.0
2368405504,3.03578,K36,RTX 4070 Ti,1.0
2369716224,3.04013,K36,RTX 4070 Ti,1.0
2371026944,3.03867,K36,RTX 4070 Ti,1.0
2372337664,3.06807,K36,RTX 4070 Ti,1.0
2373648384,3.14315,K36,RTX 4070 Ti,1.0
2374959104,3.02182,K36,RTX 4070 Ti,1.0
2376269824,3.13258,K36,RTX 4070 Ti,1.0
2377580544,3.03635,K36,RTX 4070 Ti,1.0
2378891264,3.06702,K36,RTX 4070 Ti,1.0
2380201984,3.06267,K36,RTX 4070 Ti,1.0
2381512704,3.13147,K36,RTX 4070 Ti,1.0
2382823424,3.07588,K36,RTX 4070 Ti,1.0
2384134144,3.06936,K36,RTX 4070 Ti,1.0
2385444864,2.94413,K36,RTX 4070 Ti,1.0
2386755584,3.04286,K36,RTX 4070 Ti,1.0
2388066304,3.08476,K36,RTX 4070 Ti,1.0
2389377024,3.09715,K36,RTX 4070 Ti,1.0
2390687744,3.11915,K36,RTX 4070 Ti,1.0
2391998464,3.10561,K36,RTX 4070 Ti,1.0
2393309184,3.06702,K36,RTX 4070 Ti,1.0
2394619904,3.0762,K36,RTX 4070 Ti,1.0
2395930624,3.11556,K36,RTX 4070 Ti,1.0
2397241344,3.22378,K36,RTX 4070 Ti,1.0
2398552064,3.01117,K36,RTX 4070 Ti,1.0
2399862784,3.056,K36,RTX 4070 Ti,1.0
2401173504,2.99851,K36,RTX 4070 Ti,1.0
2402484224,3.06645,K36,RTX 4070 Ti,1.0
2403794944,3.1525,K36,RTX 4070 Ti,1.0
2405105664,2.98604,K36,RTX 4070 Ti,1.0
2406416384,3.08808,K36,RTX 4070 Ti,1.0
2407727104,3.0069,K36,RTX 4070 Ti,1.0
2409037824,3.10449,K36,RTX 4070 Ti,1.0
2410348544,3.1824,K36,RTX 4070 Ti,1.0
2411659264,3.12094,K36,RTX 4070 Ti,1.0
2412969984,3.08411,K36,RTX 4070 Ti,1.0
2414280704,3.12635,K36,RTX 4070 Ti,1.0
2415591424,3.11456,K36,RTX 4070 Ti,1.0
2416902144,3.00575,K36,RTX 4070 Ti,1.0
2418212864,3.04279,K36,RTX 4070 Ti,1.0
2419523584,3.11995,K36,RTX 4070 Ti,1.0
2420834304,3.09649,K36,RTX 4070 Ti,1.0
2422145024,3.11999,K36,RTX 4070 Ti,1.0
2423455744,3.02661,K36,RTX 4070 Ti,1.0
2424766464,3.07609,K36,RTX 4070 Ti,1.0
2426077184,3.11861,K36,RTX 4070 Ti,1.0
2427387904,3.04937,K36,RTX 4070 Ti,1.0
2428698624,3.0298,K36,RTX 4070 Ti,1.0
2430009344,3.06516,K36,RTX 4070 Ti,1.0
2431320064,3.02197,K36,RTX 4070 Ti,1.0
2432630784,3.05129,K36,RTX 4070 Ti,1.0
2433941504,3.17874,K36,RTX 4070 Ti,1.0
2435252224,3.07594,K36,RTX 4070 Ti,1.0
2436562944,2.95295,K36,RTX 4070 Ti,1.0
2437873664,3.08053,K36,RTX 4070 Ti,1.0
2439184384,3.04932,K36,RTX 4070 Ti,1.0
2440495104,3.11664,K36,RTX 4070 Ti,1.0
2441805824,3.07733,K36,RTX 4070 Ti,1.0
2443116544,3.0402,K36,RTX 4070 Ti,1.0
2444427264,2.99064,K36,RTX 4070 Ti,1.0
2445737984,3.07024,K36,RTX 4070 Ti,1.0
2447048704,3.13377,K36,RTX 4070 Ti,1.0
2448359424,3.04342,K36,RTX 4070 Ti,1.0
2449670144,3.03521,K36,RTX 4070 Ti,1.0
2450980864,3.03094,K36,RTX 4070 Ti,1.0
2452291584,3.05302,K36,RTX 4070 Ti,1.0
2453602304,3.1109,K36,RTX 4070 Ti,1.0
2454913024,3.08501,K36,RTX 4070 Ti,1.0
2456223744,3.04033,K36,RTX 4070 Ti,1.0
2457534464,3.08702,K36,RTX 4070 Ti,1.0
2458845184,3.07004,K36,RTX 4070 Ti,1.0
2460155904,3.02254,K36,RTX 4070 Ti,1.0
2461466624,3.17268,K36,RTX 4070 Ti,1.0
2462777344,3.01536,K36,RTX 4070 Ti,1.0
2464088064,3.00804,K36,RTX 4070 Ti,1.0
2465398784,3.05984,K36,RTX 4070 Ti,1.0
2466709504,3.07704,K36,RTX 4070 Ti,1.0
2468020224,3.05559,K36,RTX 4070 Ti,1.0
2469330944,3.04114,K36,RTX 4070 Ti,1.0
2470641664,3.15364,K36,RTX 4070 Ti,1.0
2471952384,3.08596,K36,RTX 4070 Ti,1.0
2473263104,3.0994,K36,RTX 4070 Ti,1.0
2474573824,3.0942,K36,RTX 4070 Ti,1.0
2475884544,3.02293,K36,RTX 4070 Ti,1.0
2477195264,3.06973,K36,RTX 4070 Ti,1.0
2478505984,3.01175,K36,RTX 4070 Ti,1.0
2479816704,3.07843,K36,RTX 4070 Ti,1.0
2481127424,3.1033,K36,RTX 4070 Ti,1.0
2482438144,3.16528,K36,RTX 4070 Ti,1.0
2483748864,3.11123,K36,RTX 4070 Ti,1.0
2485059584,3.09305,K36,RTX 4070 Ti,1.0
2486370304,3.11497,K36,RTX 4070 Ti,1.0
2487681024,3.0029,K36,RTX 4070 Ti,1.0
2488991744,3.05248,K36,RTX 4070 Ti,1.0
2490302464,3.14091,K36,RTX 4070 Ti,1.0
2491613184,3.10681,K36,RTX 4070 Ti,1.0
2492923904,3.08318,K36,RTX 4070 Ti,1.0
2494234624,3.15109,K36,RTX 4070 Ti,1.0
2495545344,3.05999,K36,RTX 4070 Ti,1.0
2496856064,2.997,K36,RTX 4070 Ti,1.0
2498166784,3.06938,K36,RTX 4070 Ti,1.0
2499477504,2.9506,K36,RTX 4070 Ti,1.0
2500788224,2.96443,K36,RTX 4070 Ti,1.0
2502098944,3.04048,K36,RTX 4070 Ti,1.0
2503409664,3.10988,K36,RTX 4070 Ti,1.0
2504720384,3.10876,K36,RTX 4070 Ti,1.0
2506031104,3.16091,K36,RTX 4070 Ti,1.0
2507341824,3.13589,K36,RTX 4070 Ti,1.0
2508652544,2.98027,K36,RTX 4070 Ti,1.0
2509963264,2.90355,K36,RTX 4070 Ti,1.0
2511273984,3.0973,K36,RTX 4070 Ti,1.0
2512584704,3.14641,K36,RTX 4070 Ti,1.0
2513895424,3.09461,K36,RTX 4070 Ti,1.0
2515206144,3.02376,K36,RTX 4070 Ti,1.0
2516516864,3.12644,K36,RTX 4070 Ti,1.0
2517827584,2.98339,K36,RTX 4070 Ti,1.0
2519138304,3.07731,K36,RTX 4070 Ti,1.0
2520449024,3.08621,K36,RTX 4070 Ti,1.0
2521759744,3.11392,K36,RTX 4070 Ti,1.0
2523070464,3.06427,K36,RTX 4070 Ti,1.0
2524381184,3.04317,K36,RTX 4070 Ti,1.0
2525691904,3.12775,K36,RTX 4070 Ti,1.0
2527002624,3.11496,K36,RTX 4070 Ti,1.0
2528313344,3.05833,K36,RTX 4070 Ti,1.0
2529624064,3.09414,K36,RTX 4070 Ti,1.0
2530934784,3.0046,K36,RTX 4070 Ti,1.0
2532245504,3.00315,K36,RTX 4070 Ti,1.0
2533556224,3.09803,K36,RTX 4070 Ti,1.0
2534866944,3.10651,K36,RTX 4070 Ti,1.0
2536177664,3.10503,K36,RTX 4070 Ti,1.0
2537488384,3.01938,K36,RTX 4070 Ti,1.0
2538799104,3.04508,K36,RTX 4070 Ti,1.0
2540109824,2.99951,K36,RTX 4070 Ti,1.0
2541420544,3.00464,K36,RTX 4070 Ti,1.0
2542731264,3.07082,K36,RTX 4070 Ti,1.0
2544041984,3.0453,K36,RTX 4070 Ti,1.0
2545352704,3.00367,K36,RTX 4070 Ti,1.0
2546663424,3.08438,K36,RTX 4070 Ti,1.0
2547974144,3.04218,K36,RTX 4070 Ti,1.0
2549284864,3.17575,K36,RTX 4070 Ti,1.0
2550595584,3.10571,K36,RTX 4070 Ti,1.0
2551906304,3.08784,K36,RTX 4070 Ti,1.0
2553217024,3.07207,K36,RTX 4070 Ti,1.0
2554527744,3.04121,K36,RTX 4070 Ti,1.0
2555838464,3.11728,K36,RTX 4070 Ti,1.0
2557149184,3.05056,K36,RTX 4070 Ti,1.0
2558459904,3.08024,K36,RTX 4070 Ti,1.0
2559770624,2.98818,K36,RTX 4070 Ti,1.0
2561081344,3.02814,K36,RTX 4070 Ti,1.0
2562392064,3.06785,K36,RTX 4070 Ti,1.0
2563702784,3.09172,K36,RTX 4070 Ti,1.0
2565013504,3.16126,K36,RTX 4070 Ti,1.0
2566324224,3.07791,K36,RTX 4070 Ti,1.0
2567634944,3.00118,K36,RTX 4070 Ti,1.0
2568945664,2.96815,K36,RTX 4070 Ti,1.0
2570256384,3.07517,K36,RTX 4070 Ti,1.0
2571567104,3.09928,K36,RTX 4070 Ti,1.0
2572877824,3.12063,K36,RTX 4070 Ti,1.0
2574188544,3.11929,K36,RTX 4070 Ti,1.0
2575499264,3.04217,K36,RTX 4070 Ti,1.0
2576809984,3.14778,K36,RTX 4070 Ti,1.0
2578120704,3.03803,K36,RTX 4070 Ti,1.0
2579431424,3.08671,K36,RTX 4070 Ti,1.0
2580742144,2.93885,K36,RTX 4070 Ti,1.0
2582052864,3.04614,K36,RTX 4070 Ti,1.0
2583363584,3.02219,K36,RTX 4070 Ti,1.0
2584674304,3.04437,K36,RTX 4070 Ti,1.0
2585985024,3.10352,K36,RTX 4070 Ti,1.0
2587295744,3.16079,K36,RTX 4070 Ti,1.0
2588606464,3.14823,K36,RTX 4070 Ti,1.0
2589917184,3.00084,K36,RTX 4070 Ti,1.0
2591227904,3.02131,K36,RTX 4070 Ti,1.0
2592538624,3.06027,K36,RTX 4070 Ti,1.0
2593849344,3.10985,K36,RTX 4070 Ti,1.0
2595160064,3.10955,K36,RTX 4070 Ti,1.0
2596470784,3.04569,K36,RTX 4070 Ti,1.0
2597781504,3.05709,K36,RTX 4070 Ti,1.0
2599092224,3.10245,K36,RTX 4070 Ti,1.0
2600402944,3.18748,K36,RTX 4070 Ti,1.0
2601713664,3.00667,K36,RTX 4070 Ti,1.0
2603024384,2.95497,K36,RTX 4070 Ti,1.0
2604335104,3.0207,K36,RTX 4070 Ti,1.0
2605645824,2.98592,K36,RTX 4070 Ti,1.0
2606956544,3.0827,K36,RTX 4070 Ti,1.0
2608267264,3.08575,K36,RTX 4070 Ti,1.0
2609577984,3.08553,K36,RTX 4070 Ti,1.0
2610888704,3.05888,K36,RTX 4070 Ti,1.0
2612199424,3.06969,K36,RTX 4070 Ti,1.0
2613510144,3.0191,K36,RTX 4070 Ti,1.0
2614820864,3.07362,K36,RTX 4070 Ti,1.0
2616131584,3.17717,K36,RTX 4070 Ti,1.0
2617442304,3.02981,K36,RTX 4070 Ti,1.0
2618753024,3.08871,K36,RTX 4070 Ti,1.0
2620063744,3.04576,K36,RTX 4070 Ti,1.0
2621374464,3.03825,K36,RTX 4070 Ti,1.0
2622685184,3.09906,K36,RTX 4070 Ti,1.0
2623995904,3.07008,K36,RTX 4070 Ti,1.0
2625306624,3.06521,K36,RTX 4070 Ti,1.0
2626617344,2.96578,K36,RTX 4070 Ti,1.0
2627928064,3.09613,K36,RTX 4070 Ti,1.0
2629238784,3.09315,K36,RTX 4070 Ti,1.0
2630549504,3.17623,K36,RTX 4070 Ti,1.0
2631860224,3.0603,K36,RTX 4070 Ti,1.0
2633170944,3.08137,K36,RTX 4070 Ti,1.0
2634481664,3.11901,K36,RTX 4070 Ti,1.0
2635792384,3.01713,K36,RTX 4070 Ti,1.0
2637103104,3.08083,K36,RTX 4070 Ti,1.0
2638413824,3.06084,K36,RTX 4070 Ti,1.0
2639724544,3.02543,K36,RTX 4070 Ti,1.0
2641035264,3.02506,K36,RTX 4070 Ti,1.0
2642345984,3.03266,K36,RTX 4070 Ti,1.0
2643656704,3.07514,K36,RTX 4070 Ti,1.0
2644967424,3.08425,K36,RTX 4070 Ti,1.0
2646278144,3.01274,K36,RTX 4070 Ti,1.0
2647588864,3.03997,K36,RTX 4070 Ti,1.0
2648899584,3.02732,K36,RTX 4070 Ti,1.0
2650210304,3.07716,K36,RTX 4070 Ti,1.0
2651521024,3.03193,K36,RTX 4070 Ti,1.0
2652831744,3.11231,K36,RTX 4070 Ti,1.0
2654142464,3.06409,K36,RTX 4070 Ti,1.0
2655453184,3.09899,K36,RTX 4070 Ti,1.0
2656763904,3.01092,K36,RTX 4070 Ti,1.0
2658074624,3.08272,K36,RTX 4070 Ti,1.0
2659385344,3.04726,K36,RTX 4070 Ti,1.0
2660696064,3.1188,K36,RTX 4070 Ti,1.0
2662006784,3.0809,K36,RTX 4070 Ti,1.0
2663317504,2.91943,K36,RTX 4070 Ti,1.0
2664628224,3.1379,K36,RTX 4070 Ti,1.0
2665938944,3.081,K36,RTX 4070 Ti,1.0
2667249664,3.10202,K36,RTX 4070 Ti,1.0
2668560384,3.08435,K36,RTX 4070 Ti,1.0
2669871104,2.969,K36,RTX 4070 Ti,1.0
2671181824,3.02752,K36,RTX 4070 Ti,1.0
2672492544,3.04124,K36,RTX 4070 Ti,1.0
2673803264,3.16025,K36,RTX 4070 Ti,1.0
2675113984,3.16797,K36,RTX 4070 Ti,1.0
2676424704,3.02212,K36,RTX 4070 Ti,1.0
2677735424,2.98426,K36,RTX 4070 Ti,1.0
2679046144,3.04506,K36,RTX 4070 Ti,1.0
2680356864,3.0846,K36,RTX 4070 Ti,1.0
2681667584,3.14251,K36,RTX 4070 Ti,1.0
2682978304,3.04837,K36,RTX 4070 Ti,1.0
2684289024,2.98308,K36,RTX 4070 Ti,1.0
2685599744,3.03945,K36,RTX 4070 Ti,1.0
2686910464,2.99972,K36,RTX 4070 Ti,1.0
2688221184,3.04222,K36,RTX 4070 Ti,1.0
2689531904,3.05802,K36,RTX 4070 Ti,1.0
2690842624,3.00255,K36,RTX 4070 Ti,1.0
2692153344,3.0687,K36,RTX 4070 Ti,1.0
2693464064,2.99242,K36,RTX 4070 Ti,1.0
2694774784,3.0905,K36,RTX 4070 Ti,1.0
2696085504,3.03569,K36,RTX 4070 Ti,1.0
2697396224,3.02196,K36,RTX 4070 Ti,1.0
2698706944,3.01524,K36,RTX 4070 Ti,1.0
2700017664,3.04078,K36,RTX 4070 Ti,1.0
2701328384,3.08068,K36,RTX 4070 Ti,1.0
2702639104,3.0896,K36,RTX 4070 Ti,1.0
2703949824,3.14133,K36,RTX 4070 Ti,1.0
2705260544,3.10305,K36,RTX 4070 Ti,1.0
2706571264,3.01859,K36,RTX 4070 Ti,1.0
2707881984,3.04672,K36,RTX 4070 Ti,1.0
2709192704,3.05241,K36,RTX 4070 Ti,1.0
2710503424,3.04195,K36,RTX 4070 Ti,1.0
2711814144,3.13687,K36,RTX 4070 Ti,1.0
2713124864,3.06653,K36,RTX 4070 Ti,1.0
2714435584,3.00566,K36,RTX 4070 Ti,1.0
2715746304,3.09119,K36,RTX 4070 Ti,1.0
2717057024,3.10579,K36,RTX 4070 Ti,1.0
2718367744,3.04012,K36,RTX 4070 Ti,1.0
2719678464,3.06409,K36,RTX 4070 Ti,1.0
2720989184,3.01881,K36,RTX 4070 Ti,1.0
2722299904,3.05498,K36,RTX 4070 Ti,1.0
2723610624,3.05192,K36,RTX 4070 Ti,1.0
2724921344,3.13953,K36,RTX 4070 Ti,1.0
2726232064,3.12731,K36,RTX 4070 Ti,1.0
2727542784,2.99866,K36,RTX 4070 Ti,1.0
2728853504,2.97574,K36,RTX 4070 Ti,1.0
2730164224,2.98173,K36,RTX 4070 Ti,1.0
2731474944,3.13261,K36,RTX 4070 Ti,1.0
2732785664,3.12332,K36,RTX 4070 Ti,1.0
2734096384,3.09707,K36,RTX 4070 Ti,1.0
2735407104,3.01506,K36,RTX 4070 Ti,1.0
2736717824,3.05644,K36,RTX 4070 Ti,1.0
2738028544,3.01357,K36,RTX 4070 Ti,1.0
2739339264,3.0962,K36,RTX 4070 Ti,1.0
2740649984,3.00843,K36,RTX 4070 Ti,1.0
2741960704,3.08832,K36,RTX 4070 Ti,1.0
2743271424,3.12254,K36,RTX 4070 Ti,1.0
2744582144,2.99992,K36,RTX 4070 Ti,1.0
2745892864,3.06195,K36,RTX 4070 Ti,1.0
2747203584,3.1109,K36,RTX 4070 Ti,1.0
2748514304,3.01914,K36,RTX 4070 Ti,1.0
2749825024,3.14005,K36,RTX 4070 Ti,1.0
2751135744,3.0109,K36,RTX 4070 Ti,1.0
2752446464,3.05073,K36,RTX 4070 Ti,1.0
2753757184,3.1146,K36,RTX 4070 Ti,1.0
2755067904,3.04313,K36,RTX 4070 Ti,1.0
2756378624,3.0357,K36,RTX 4070 Ti,1.0
2757689344,3.04399,K36,RTX 4070 Ti,1.0
2759000064,3.02575,K36,RTX 4070 Ti,1.0
2760310784,3.00827,K36,RTX 4070 Ti,1.0
2761621504,3.02072,K36,RTX 4070 Ti,1.0
2762932224,3.1595,K36,RTX 4070 Ti,1.0
2764242944,3.00595,K36,RTX 4070 Ti,1.0
2765553664,3.02128,K36,RTX 4070 Ti,1.0
2766864384,3.05641,K36,RTX 4070 Ti,1.0
2768175104,2.96912,K36,RTX 4070 Ti,1.0
2769485824,3.10795,K36,RTX 4070 Ti,1.0
2770796544,2.94092,K36,RTX 4070 Ti,1.0
2772107264,3.04782,K36,RTX 4070 Ti,1.0
2773417984,3.0198,K36,RTX 4070 Ti,1.0
2774728704,3.10956,K36,RTX 4070 Ti,1.0
2776039424,3.06854,K36,RTX 4070 Ti,1.0
2777350144,3.05498,K36,RTX 4070 Ti,1.0
2778660864,2.99638,K36,RTX 4070 Ti,1.0
2779971584,2.98991,K36,RTX 4070 Ti,1.0
2781282304,2.93038,K36,RTX 4070 Ti,1.0
2782593024,3.14382,K36,RTX 4070 Ti,1.0
2783903744,3.16173,K36,RTX 4070 Ti,1.0
2785214464,3.07637,K36,RTX 4070 Ti,1.0
2786525184,3.06123,K36,RTX 4070 Ti,1.0
2787835904,3.0349,K36,RTX 4070 Ti,1.0
2789146624,3.03149,K36,RTX 4070 Ti,1.0
2790457344,2.98846,K36,RTX 4070 Ti,1.0
2791768064,2.9984,K36,RTX 4070 Ti,1.0
2793078784,2.98422,K36,RTX 4070 Ti,1.0
2794389504,3.069,K36,RTX 4070 Ti,1.0
2795700224,3.07405,K36,RTX 4070 Ti,1.0
2797010944,3.09193,K36,RTX 4070 Ti,1.0
2798321664,3.06096,K36,RTX 4070 Ti,1.0
2799632384,3.04527,K36,RTX 4070 Ti,1.0
2800943104,3.00903,K36,RTX 4070 Ti,1.0
2802253824,3.00285,K36,RTX 4070 Ti,1.0
2803564544,3.08803,K36,RTX 4070 Ti,1.0
2804875264,3.16749,K36,RTX 4070 Ti,1.0
2806185984,3.1226,K36,RTX 4070 Ti,1.0
2807496704,3.01027,K36,RTX 4070 Ti,1.0
2808807424,2.96066,K36,RTX 4070 Ti,1.0
2810118144,3.04056,K36,RTX 4070 Ti,1.0
2811428864,3.01566,K36,RTX 4070 Ti,1.0
2812739584,3.08183,K36,RTX 4070 Ti,1.0
2814050304,3.07322,K36,RTX 4070 Ti,1.0
2815361024,3.02,K36,RTX 4070 Ti,1.0
2816671744,3.09194,K36,RTX 4070 Ti,1.0
2817982464,3.10531,K36,RTX 4070 Ti,1.0
2819293184,3.04931,K36,RTX 4070 Ti,1.0
2820603904,3.01573,K36,RTX 4070 Ti,1.0
2821914624,3.08703,K36,RTX 4070 Ti,1.0
2823225344,2.97492,K36,RTX 4070 Ti,1.0
2824536064,3.03327,K36,RTX 4070 Ti,1.0
2825846784,3.10544,K36,RTX 4070 Ti,1.0
2827157504,3.14806,K36,RTX 4070 Ti,1.0
2828468224,3.08063,K36,RTX 4070 Ti,1.0
2829778944,2.95875,K36,RTX 4070 Ti,1.0
2831089664,3.02261,K36,RTX 4070 Ti,1.0
2832400384,3.043,K36,RTX 4070 Ti,1.0
2833711104,2.92157,K36,RTX 4070 Ti,1.0
2835021824,3.08742,K36,RTX 4070 Ti,1.0
2836332544,2.93908,K36,RTX 4070 Ti,1.0
2837643264,2.96994,K36,RTX 4070 Ti,1.0
2838953984,3.02901,K36,RTX 4070 Ti,1.0
2840264704,2.94585,K36,RTX 4070 Ti,1.0
2841575424,3.09775,K36,RTX 4070 Ti,1.0
2842886144,3.01363,K36,RTX 4070 Ti,1.0
2844196864,3.1085,K36,RTX 4070 Ti,1.0
2845507584,3.01087,K36,RTX 4070 Ti,1.0
2846818304,3.04687,K36,RTX 4070 Ti,1.0
2848129024,3.08089,K36,RTX 4070 Ti,1.0
2849439744,3.09193,K36,RTX 4070 Ti,1.0
2850750464,3.02696,K36,RTX 4070 Ti,1.0
2852061184,3.03482,K36,RTX 4070 Ti,1.0
2853371904,2.97772,K36,RTX 4070 Ti,1.0
2854682624,3.05527,K36,RTX 4070 Ti,1.0
2855993344,3.08191,K36,RTX 4070 Ti,1.0
2857304064,3.11046,K36,RTX 4070 Ti,1.0
2858614784,3.06299,K36,RTX 4070 Ti,1.0
2859925504,2.94499,K36,RTX 4070 Ti,1.0
2861236224,2.99432,K36,RTX 4070 Ti,1.0
2862546944,3.04409,K36,RTX 4070 Ti,1.0
2863857664,2.99586,K36,RTX 4070 Ti,1.0
2865168384,3.09715,K36,RTX 4070 Ti,1.0
2866479104,3.08028,K36,RTX 4070 Ti,1.0
2867789824,3.20472,K36,RTX 4070 Ti,1.0
2869100544,3.04309,K36,RTX 4070 Ti,1.0
2870411264,3.03704,K36,RTX 4070 Ti,1.0
2871721984,2.97947,K36,RTX 4070 Ti,1.0
2873032704,3.03367,K36,RTX 4070 Ti,1.0
2874343424,3.01092,K36,RTX 4070 Ti,1.0
2875654144,3.05535,K36,RTX 4070 Ti,1.0
2876964864,3.13663,K36,RTX 4070 Ti,1.0
2878275584,3.04417,K36,RTX 4070 Ti,1.0
2879586304,3.04026,K36,RTX 4070 Ti,1.0
2880897024,2.93362,K36,RTX 4070 Ti,1.0
2882207744,3.01478,K36,RTX 4070 Ti,1.0
2883518464,2.98376,K36,RTX 4070 Ti,1.0
2884829184,3.08755,K36,RTX 4070 Ti,1.0
2886139904,3.03601,K36,RTX 4070 Ti,1.0
2887450624,3.09892,K36,RTX 4070 Ti,1.0
2888761344,3.01733,K36,RTX 4070 Ti,1.0
2890072064,3.06771,K36,RTX 4070 Ti,1.0
2891382784,3.07955,K36,RTX 4070 Ti,1.0
2892693504,3.08949,K36,RTX 4070 Ti,1.0
2894004224,2.92978,K36,RTX 4070 Ti,1.0
2895314944,2.9944,K36,RTX 4070 Ti,1.0
2896625664,2.97219,K36,RTX 4070 Ti,1.0
2897936384,2.94705,K36,RTX 4070 Ti,1.0
2899247104,3.14427,K36,RTX 4070 Ti,1.0
2900557824,3.03407,K36,RTX 4070 Ti,1.0
2901868544,3.08657,K36,RTX 4070 Ti,1.0
2903179264,2.89883,K36,RTX 4070 Ti,1.0
2904489984,3.02143,K36,RTX 4070 Ti,1.0
2905800704,2.9555,K36,RTX 4070 Ti,1.0
2907111424,3.05603,K36,RTX 4070 Ti,1.0
2908422144,3.04399,K36,RTX 4070 Ti,1.0
2909732864,3.03028,K36,RTX 4070 Ti,1.0
2911043584,3.08139,K36,RTX 4070 Ti,1.0
2912354304,3.02442,K36,RTX 4070 Ti,1.0
2913665024,3.03395,K36,RTX 4070 Ti,1.0
2914975744,3.07817,K36,RTX 4070 Ti,1.0
2916286464,3.03918,K36,RTX 4070 Ti,1.0
2917597184,3.04588,K36,RTX 4070 Ti,1.0
2918907904,2.99943,K36,RTX 4070 Ti,1.0
2920218624,3.0478,K36,RTX 4070 Ti,1.0
2921529344,3.05496,K36,RTX 4070 Ti,1.0
2922840064,3.21463,K36,RTX 4070 Ti,1.0
2924150784,3.10667,K36,RTX 4070 Ti,1.0
2925461504,3.03079,K36,RTX 4070 Ti,1.0
2926772224,2.96198,K36,RTX 4070 Ti,1.0
2928082944,3.02988,K36,RTX 4070 Ti,1.0
2929393664,3.03964,K36,RTX 4070 Ti,1.0
2930704384,2.98514,K36,RTX 4070 Ti,1.0
2932015104,3.01799,K36,RTX 4070 Ti,1.0
2933325824,3.02236,K36,RTX 4070 Ti,1.0
2934636544,2.96469,K36,RTX 4070 Ti,1.0
2935947264,3.04129,K36,RTX 4070 Ti,1.0
2937257984,3.131,K36,RTX 4070 Ti,1.0
2938568704,2.93386,K36,RTX 4070 Ti,1.0
2939879424,3.01411,K36,RTX 4070 Ti,1.0
2941190144,2.96762,K36,RTX 4070 Ti,1.0
2942500864,3.01521,K36,RTX 4070 Ti,1.0
2943811584,3.07061,K36,RTX 4070 Ti,1.0
2945122304,3.1156,K36,RTX 4070 Ti,1.0
2946433024,3.09165,K36,RTX 4070 Ti,1.0
2947743744,2.95839,K36,RTX 4070 Ti,1.0
2949054464,3.02846,K36,RTX 4070 Ti,1.0
2950365184,3.09413,K36,RTX 4070 Ti,1.0
2951675904,3.09336,K36,RTX 4070 Ti,1.0
2952986624,3.13393,K36,RTX 4070 Ti,1.0
2954297344,3.1048,K36,RTX 4070 Ti,1.0
2955608064,2.89895,K36,RTX 4070 Ti,1.0
2956918784,3.01818,K36,RTX 4070 Ti,1.0
2958229504,3.00487,K36,RTX 4070 Ti,1.0
2959540224,3.06737,K36,RTX 4070 Ti,1.0
2960850944,2.98862,K36,RTX 4070 Ti,1.0
2962161664,3.05483,K36,RTX 4070 Ti,1.0
2963472384,3.04705,K36,RTX 4070 Ti,1.0
2964783104,3.07699,K36,RTX 4070 Ti,1.0
2966093824,3.09964,K36,RTX 4070 Ti,1.0
2967404544,3.04081,K36,RTX 4070 Ti,1.0
2968715264,3.03152,K36,RTX 4070 Ti,1.0
2970025984,2.92668,K36,RTX 4070 Ti,1.0
2971336704,3.03002,K36,RTX 4070 Ti,1.0
2972647424,3.09512,K36,RTX 4070 Ti,1.0
2973958144,3.09331,K36,RTX 4070 Ti,1.0
2975268864,3.09557,K36,RTX 4070 Ti,1.0
2976579584,2.94811,K36,RTX 4070 Ti,1.0
2977890304,2.96625,K36,RTX 4070 Ti,1.0
2979201024,3.02755,K36,RTX 4070 Ti,1.0
2980511744,3.07142,K36,RTX 4070 Ti,1.0
2981822464,3.05308,K36,RTX 4070 Ti,1.0
2983133184,2.95299,K36,RTX 4070 Ti,1.0
2984443904,2.9677,K36,RTX 4070 Ti,1.0
2985754624,2.99018,K36,RTX 4070 Ti,1.0
2987065344,3.03557,K36,RTX 4070 Ti,1.0
2988376064,2.97594,K36,RTX 4070 Ti,1.0
2989686784,2.94967,K36,RTX 4070 Ti,1.0
2990997504,3.05239,K36,RTX 4070 Ti,1.0
2992308224,3.10221,K36,RTX 4070 Ti,1.0
2993618944,3.20103,K36,RTX 4070 Ti,1.0
2994929664,3.13166,K36,RTX 4070 Ti,1.0
2996240384,3.02427,K36,RTX 4070 Ti,1.0
2997551104,3.02071,K36,RTX 4070 Ti,1.0
2998861824,2.98145,K36,RTX 4070 Ti,1.0
3000172544,2.98269,K36,RTX 4070 Ti,1.0
3001483264,3.04724,K36,RTX 4070 Ti,1.0
3002793984,3.04375,K36,RTX 4070 Ti,1.0
3004104704,3.0952,K36,RTX 4070 Ti,1.0
3005415424,2.9681,K36,RTX 4070 Ti,1.0
3006726144,2.97175,K36,RTX 4070 Ti,1.0
3008036864,3.01066,K36,RTX 4070 Ti,1.0
3009347584,3.05644,K36,RTX 4070 Ti,1.0
3010658304,3.04333,K36,RTX 4070 Ti,1.0
3011969024,3.0563,K36,RTX 4070 Ti,1.0
3013279744,3.02118,K36,RTX 4070 Ti,1.0
3014590464,2.99309,K36,RTX 4070 Ti,1.0
3015901184,3.01968,K36,RTX 4070 Ti,1.0
3017211904,3.15422,K36,RTX 4070 Ti,1.0
3018522624,3.04347,K36,RTX 4070 Ti,1.0
3019833344,2.86982,K36,RTX 4070 Ti,1.0
3021144064,2.93363,K36,RTX 4070 Ti,1.0
3022454784,3.10772,K36,RTX 4070 Ti,1.0
3023765504,3.06768,K36,RTX 4070 Ti,1.0
3025076224,2.99262,K36,RTX 4070 Ti,1.0
3026386944,3.04193,K36,RTX 4070 Ti,1.0
3027697664,3.04849,K36,RTX 4070 Ti,1.0
3029008384,3.06131,K36,RTX 4070 Ti,1.0
3030319104,3.02025,K36,RTX 4070 Ti,1.0
3031629824,3.09467,K36,RTX 4070 Ti,1.0
3032940544,2.96172,K36,RTX 4070 Ti,1.0
3034251264,3.01787,K36,RTX 4070 Ti,1.0
3035561984,3.08067,K36,RTX 4070 Ti,1.0
3036872704,3.11564,K36,RTX 4070 Ti,1.0
3038183424,3.07325,K36,RTX 4070 Ti,1.0
3039494144,3.01808,K36,RTX 4070 Ti,1.0
3040804864,3.02949,K36,RTX 4070 Ti,1.0
3042115584,2.98217,K36,RTX 4070 Ti,1.0
3043426304,3.02375,K36,RTX 4070 Ti,1.0
3044737024,3.04896,K36,RTX 4070 Ti,1.0
3046047744,3.06338,K36,RTX 4070 Ti,1.0
3047358464,2.96966,K36,RTX 4070 Ti,1.0
3048669184,3.02865,K36,RTX 4070 Ti,1.0
3049979904,2.98375,K36,RTX 4070 Ti,1.0
3051290624,2.95291,K36,RTX 4070 Ti,1.0
3052601344,2.96838,K36,RTX 4070 Ti,1.0
3053912064,3.12909,K36,RTX 4070 Ti,1.0
3055222784,3.05552,K36,RTX 4070 Ti,1.0
3056533504,3.03677,K36,RTX 4070 Ti,1.0
3057844224,3.01512,K36,RTX 4070 Ti,1.0
3059154944,3.01929,K36,RTX 4070 Ti,1.0
3060465664,3.05917,K36,RTX 4070 Ti,1.0
3061776384,3.05271,K36,RTX 4070 Ti,1.0
3063087104,3.00224,K36,RTX 4070 Ti,1.0
3064397824,3.07433,K36,RTX 4070 Ti,1.0
3065708544,3.00983,K36,RTX 4070 Ti,1.0
3067019264,3.04567,K36,RTX 4070 Ti,1.0
3068329984,3.07798,K36,RTX 4070 Ti,1.0
3069640704,3.01944,K36,RTX 4070 Ti,1.0
3070951424,2.93538,K36,RTX 4070 Ti,1.0
3072262144,3.00452,K36,RTX 4070 Ti,1.0
3073572864,3.04149,K36,RTX 4070 Ti,1.0
3074883584,3.09483,K36,RTX 4070 Ti,1.0
3076194304,3.13021,K36,RTX 4070 Ti,1.0
3077505024,3.06082,K36,RTX 4070 Ti,1.0
3078815744,3.01595,K36,RTX 4070 Ti,1.0
3080126464,3.01659,K36,RTX 4070 Ti,1.0
3081437184,2.97933,K36,RTX 4070 Ti,1.0
3082747904,3.04446,K36,RTX 4070 Ti,1.0
3084058624,3.03789,K36,RTX 4070 Ti,1.0
3085369344,2.97254,K36,RTX 4070 Ti,1.0
3086680064,3.00371,K36,RTX 4070 Ti,1.0
3087990784,3.09901,K36,RTX 4070 Ti,1.0
3089301504,3.07229,K36,RTX 4070 Ti,1.0
3090612224,3.02877,K36,RTX 4070 Ti,1.0
3091922944,3.01132,K36,RTX 4070 Ti,1.0
3093233664,3.00329,K36,RTX 4070 Ti,1.0
3094544384,2.99679,K36,RTX 4070 Ti,1.0
3095855104,3.00032,K36,RTX 4070 Ti,1.0
3097165824,3.03378,K36,RTX 4070 Ti,1.0
3098476544,2.99492,K36,RTX 4070 Ti,1.0
3099787264,2.93126,K36,RTX 4070 Ti,1.0
3101097984,2.96913,K36,RTX 4070 Ti,1.0
3102408704,2.9553,K36,RTX 4070 Ti,1.0
3103719424,2.95477,K36,RTX 4070 Ti,1.0
3105030144,3.04074,K36,RTX 4070 Ti,1.0
3106340864,3.05276,K36,RTX 4070 Ti,1.0
3107651584,2.97701,K36,RTX 4070 Ti,1.0
3108962304,3.0416,K36,RTX 4070 Ti,1.0
3110273024,3.08029,K36,RTX 4070 Ti,1.0
3111583744,3.08621,K36,RTX 4070 Ti,1.0
3112894464,3.00122,K36,RTX 4070 Ti,1.0
3114205184,2.9849,K36,RTX 4070 Ti,1.0
3115515904,2.9957,K36,RTX 4070 Ti,1.0
3116826624,2.98251,K36,RTX 4070 Ti,1.0
3118137344,3.11129,K36,RTX 4070 Ti,1.0
3119448064,3.02795,K36,RTX 4070 Ti,1.0
3120758784,3.00685,K36,RTX 4070 Ti,1.0
3122069504,2.99373,K36,RTX 4070 Ti,1.0
3123380224,3.07608,K36,RTX 4070 Ti,1.0
3124690944,2.96947,K36,RTX 4070 Ti,1.0
3126001664,3.00037,K36,RTX 4070 Ti,1.0
3127312384,3.02814,K36,RTX 4070 Ti,1.0
3128623104,3.0008,K36,RTX 4070 Ti,1.0
3129933824,3.03778,K36,RTX 4070 Ti,1.0
3131244544,3.03373,K36,RTX 4070 Ti,1.0
3132555264,3.05927,K36,RTX 4070 Ti,1.0
3133865984,3.04457,K36,RTX 4070 Ti,1.0
3135176704,3.08944,K36,RTX 4070 Ti,1.0
3136487424,2.93081,K36,RTX 4070 Ti,1.0
3137798144,2.93926,K36,RTX 4070 Ti,1.0
3139108864,2.99785,K36,RTX 4070 Ti,1.0
3140419584,3.13676,K36,RTX 4070 Ti,1.0
3141730304,3.07268,K36,RTX 4070 Ti,1.0
3143041024,3.04153,K36,RTX 4070 Ti,1.0
3144351744,2.94963,K36,RTX 4070 Ti,1.0
3145662464,2.99705,K36,RTX 4070 Ti,1.0
3146973184,3.01727,K36,RTX 4070 Ti,1.0
3148283904,3.08488,K36,RTX 4070 Ti,1.0
3149594624,2.9894,K36,RTX 4070 Ti,1.0
3150905344,2.96856,K36,RTX 4070 Ti,1.0
3152216064,2.94951,K36,RTX 4070 Ti,1.0
3153526784,3.01207,K36,RTX 4070 Ti,1.0
3154837504,3.00517,K36,RTX 4070 Ti,1.0
3156148224,3.16522,K36,RTX 4070 Ti,1.0
3157458944,3.00888,K36,RTX 4070 Ti,1.0
3158769664,2.91463,K36,RTX 4070 Ti,1.0
3160080384,3.01484,K36,RTX 4070 Ti,1.0
3161391104,2.98082,K36,RTX 4070 Ti,1.0
3162701824,2.94706,K36,RTX 4070 Ti,1.0
3164012544,3.02303,K36,RTX 4070 Ti,1.0
3165323264,2.99589,K36,RTX 4070 Ti,1.0
3166633984,3.04396,K36,RTX 4070 Ti,1.0
3167944704,2.94458,K36,RTX 4070 Ti,1.0
3169255424,3.08331,K36,RTX 4070 Ti,1.0
3170566144,3.07924,K36,RTX 4070 Ti,1.0
3171876864,3.00562,K36,RTX 4070 Ti,1.0
3173187584,2.93455,K36,RTX 4070 Ti,1.0
3174498304,2.94772,K36,RTX 4070 Ti,1.0
3175809024,2.98927,K36,RTX 4070 Ti,1.0
3177119744,3.02413,K36,RTX 4070 Ti,1.0
3178430464,3.03779,K36,RTX 4070 Ti,1.0
3179741184,2.98615,K36,RTX 4070 Ti,1.0
3181051904,2.96333,K36,RTX 4070 Ti,1.0
3182362624,2.9071,K36,RTX 4070 Ti,1.0
3183673344,3.02757,K36,RTX 4070 Ti,1.0
3184984064,2.93874,K36,RTX 4070 Ti,1.0
3186294784,3.05711,K36,RTX 4070 Ti,1.0
3187605504,2.90127,K36,RTX 4070 Ti,1.0
3188916224,2.98013,K36,RTX 4070 Ti,1.0
3190226944,3.01329,K36,RTX 4070 Ti,1.0
3191537664,3.1005,K36,RTX 4070 Ti,1.0
3192848384,3.14297,K36,RTX 4070 Ti,1.0
3194159104,3.01111,K36,RTX 4070 Ti,1.0
3195469824,2.98614,K36,RTX 4070 Ti,1.0
3196780544,2.9556,K36,RTX 4070 Ti,1.0
3198091264,2.92424,K36,RTX 4070 Ti,1.0
3199401984,3.05487,K36,RTX 4070 Ti,1.0
3200712704,2.99903,K36,RTX 4070 Ti,1.0
3202023424,3.0185,K36,RTX 4070 Ti,1.0
3203334144,3.04966,K36,RTX 4070 Ti,1.0
3204644864,3.035,K36,RTX 4070 Ti,1.0
3205955584,3.04806,K36,RTX 4070 Ti,1.0
3207266304,3.03114,K36,RTX 4070 Ti,1.0
3208577024,3.17573,K36,RTX 4070 Ti,1.0
3209887744,2.95635,K36,RTX 4070 Ti,1.0
3211198464,3.03034,K36,RTX 4070 Ti,1.0
3212509184,3.04806,K36,RTX 4070 Ti,1.0
3213819904,3.06966,K36,RTX 4070 Ti,1.0
3215130624,3.04242,K36,RTX 4070 Ti,1.0
3216441344,2.98809,K36,RTX 4070 Ti,1.0
3217752064,2.94134,K36,RTX 4070 Ti,1.0
3219062784,3.0155,K36,RTX 4070 Ti,1.0
3220373504,3.00226,K36,RTX 4070 Ti,1.0
3221684224,3.06339,K36,RTX 4070 Ti,1.0
3222994944,2.93706,K36,RTX 4070 Ti,1.0
3224305664,2.95879,K36,RTX 4070 Ti,1.0
3225616384,2.97286,K36,RTX 4070 Ti,1.0
3226927104,2.9686,K36,RTX 4070 Ti,1.0
3228237824,3.0518,K36,RTX 4070 Ti,1.0
3229548544,2.98629,K36,RTX 4070 Ti,1.0
3230859264,2.97021,K36,RTX 4070 Ti,1.0
3232169984,2.9521,K36,RTX 4070 Ti,1.0
3233480704,2.95456,K36,RTX 4070 Ti,1.0
3234791424,3.00464,K36,RTX 4070 Ti,1.0
3236102144,3.13153,K36,RTX 4070 Ti,1.0
3237412864,3.09733,K36,RTX 4070 Ti,1.0
3238723584,3.08532,K36,RTX 4070 Ti,1.0
3240034304,2.93196,K36,RTX 4070 Ti,1.0
3241345024,3.0106,K36,RTX 4070 Ti,1.0
3242655744,3.03492,K36,RTX 4070 Ti,1.0
3243966464,2.96545,K36,RTX 4070 Ti,1.0
3245277184,3.05895,K36,RTX 4070 Ti,1.0
3246587904,3.00696,K36,RTX 4070 Ti,1.0
3247898624,2.95879,K36,RTX 4070 Ti,1.0
3249209344,3.00425,K36,RTX 4070 Ti,1.0
3250520064,3.01596,K36,RTX 4070 Ti,1.0
3251830784,3.00318,K36,RTX 4070 Ti,1.0
3253141504,2.87195,K36,RTX 4070 Ti,1.0
3254452224,2.96257,K36,RTX 4070 Ti,1.0
3255762944,3.14383,K36,RTX 4070 Ti,1.0
3257073664,3.06635,K36,RTX 4070 Ti,1.0
3258384384,3.12617,K36,RTX 4070 Ti,1.0
3259695104,2.99593,K36,RTX 4070 Ti,1.0
3261005824,2.98181,K36,RTX 4070 Ti,1.0
3262316544,2.91408,K36,RTX 4070 Ti,1.0
3263627264,3.04697,K36,RTX 4070 Ti,1.0
3264937984,2.96469,K36,RTX 4070 Ti,1.0
3266248704,3.02076,K36,RTX 4070 Ti,1.0
3267559424,2.95649,K36,RTX 4070 Ti,1.0
3268870144,3.02998,K36,RTX 4070 Ti,1.0
3270180864,2.98003,K36,RTX 4070 Ti,1.0
3271491584,3.06282,K36,RTX 4070 Ti,1.0
3272802304,3.05471,K36,RTX 4070 Ti,1.0
3274113024,3.01794,K36,RTX 4070 Ti,1.0
3275423744,2.95856,K36,RTX 4070 Ti,1.0
3276734464,2.94742,K36,RTX 4070 Ti,1.0
3278045184,2.99119,K36,RTX 4070 Ti,1.0
3279355904,3.06596,K36,RTX 4070 Ti,1.0
3280666624,3.01324,K36,RTX 4070 Ti,1.0
3281977344,2.9379,K36,RTX 4070 Ti,1.0
3283288064,2.95805,K36,RTX 4070 Ti,1.0
3284598784,3.03412,K36,RTX 4070 Ti,1.0
3285909504,3.0093,K36,RTX 4070 Ti,1.0
3287220224,3.07047,K36,RTX 4070 Ti,1.0
3288530944,2.96735,K36,RTX 4070 Ti,1.0
3289841664,3.02255,K36,RTX 4070 Ti,1.0
3291152384,2.83257,K36,RTX 4070 Ti,1.0
3292463104,2.97902,K36,RTX 4070 Ti,1.0
3293773824,3.08019,K36,RTX 4070 Ti,1.0
3295084544,3.03561,K36,RTX 4070 Ti,1.0
3296395264,3.06472,K36,RTX 4070 Ti,1.0
3297705984,2.94636,K36,RTX 4070 Ti,1.0
3299016704,2.96715,K36,RTX 4070 Ti,1.0
3300327424,3.01177,K36,RTX 4070 Ti,1.0
3301638144,3.04552,K36,RTX 4070 Ti,1.0
3302948864,3.0449,K36,RTX 4070 Ti,1.0
3304259584,2.98061,K36,RTX 4070 Ti,1.0
3305570304,3.03,K36,RTX 4070 Ti,1.0
3306881024,3.10954,K36,RTX 4070 Ti,1.0
3308191744,2.97918,K36,RTX 4070 Ti,1.0
3309502464,3.04685,K36,RTX 4070 Ti,1.0
3310813184,2.95358,K36,RTX 4070 Ti,1.0
3312123904,2.96258,K36,RTX 4070 Ti,1.0
3313434624,2.98149,K36,RTX 4070 Ti,1.0
3314745344,3.0413,K36,RTX 4070 Ti,1.0
3316056064,3.03921,K36,RTX 4070 Ti,1.0
3317366784,3.07143,K36,RTX 4070 Ti,1.0
3318677504,2.99526,K36,RTX 4070 Ti,1.0
3319988224,2.93125,K36,RTX 4070 Ti,1.0
3321298944,3.04288,K36,RTX 4070 Ti,1.0
3322609664,2.96377,K36,RTX 4070 Ti,1.0
3323920384,3.01752,K36,RTX 4070 Ti,1.0
3325231104,2.94248,K36,RTX 4070 Ti,1.0
3326541824,3.00953,K36,RTX 4070 Ti,1.0
3327852544,2.97332,K36,RTX 4070 Ti,1.0
3329163264,3.08853,K36,RTX 4070 Ti,1.0
3330473984,3.02828,K36,RTX 4070 Ti,1.0
3331784704,2.96358,K36,RTX 4070 Ti,1.0
3333095424,3.11202,K36,RTX 4070 Ti,1.0
3334406144,3.01295,K36,RTX 4070 Ti,1.0
3335716864,3.09579,K36,RTX 4070 Ti,1.0
3337027584,3.09606,K36,RTX 4070 Ti,1.0
3338338304,2.99717,K36,RTX 4070 Ti,1.0
3339649024,3.02876,K36,RTX 4070 Ti,1.0
3340959744,2.99307,K36,RTX 4070 Ti,1.0
3342270464,3.02406,K36,RTX 4070 Ti,1.0
3343581184,3.07605,K36,RTX 4070 Ti,1.0
3344891904,3.0199,K36,RTX 4070 Ti,1.0
3346202624,3.061,K36,RTX 4070 Ti,1.0
3347513344,3.04315,K36,RTX 4070 Ti,1.0
3348824064,2.94171,K36,RTX 4070 Ti,1.0
3350134784,2.86289,K36,RTX 4070 Ti,1.0
3351445504,3.03537,K36,RTX 4070 Ti,1.0
3352756224,3.17393,K36,RTX 4070 Ti,1.0
3354066944,3.02765,K36,RTX 4070 Ti,1.0
3355377664,2.93345,K36,RTX 4070 Ti,1.0
3356688384,2.96857,K36,RTX 4070 Ti,1.0
3357999104,3.09884,K36,RTX 4070 Ti,1.0
3359309824,3.03903,K36,RTX 4070 Ti,1.0
3360620544,3.03649,K36,RTX 4070 Ti,1.0
3361931264,2.95251,K36,RTX 4070 Ti,1.0
3363241984,2.92228,K36,RTX 4070 Ti,1.0
3364552704,2.94285,K36,RTX 4070 Ti,1.0
3365863424,3.12299,K36,RTX 4070 Ti,1.0
3367174144,2.98648,K36,RTX 4070 Ti,1.0
3368484864,3.03276,K36,RTX 4070 Ti,1.0
3369795584,3.03965,K36,RTX 4070 Ti,1.0
3371106304,2.88574,K36,RTX 4070 Ti,1.0
3372417024,2.96373,K36,RTX 4070 Ti,1.0
3373727744,2.95766,K36,RTX 4070 Ti,1.0
3375038464,3.031,K36,RTX 4070 Ti,1.0
3376349184,3.0229,K36,RTX 4070 Ti,1.0
3377659904,3.00867,K36,RTX 4070 Ti,1.0
3378970624,3.04397,K36,RTX 4070 Ti,1.0
3380281344,3.05427,K36,RTX 4070 Ti,1.0
3381592064,3.06596,K36,RTX 4070 Ti,1.0
3382902784,3.03543,K36,RTX 4070 Ti,1.0
3384213504,2.94237,K36,RTX 4070 Ti,1.0
3385524224,2.96527,K36,RTX 4070 Ti,1.0
3386834944,2.97832,K36,RTX 4070 Ti,1.0
3388145664,3.07473,K36,RTX 4070 Ti,1.0
3389456384,3.10375,K36,RTX 4070 Ti,1.0
3390767104,3.04129,K36,RTX 4070 Ti,1.0
3392077824,2.95607,K36,RTX 4070 Ti,1.0
3393388544,2.95355,K36,RTX 4070 Ti,1.0
3394699264,2.94395,K36,RTX 4070 Ti,1.0
3396009984,2.95074,K36,RTX 4070 Ti,1.0
3397320704,3.06516,K36,RTX 4070 Ti,1.0
3398631424,2.95166,K36,RTX 4070 Ti,1.0
3399942144,3.04956,K36,RTX 4070 Ti,1.0
3401252864,3.07644,K36,RTX 4070 Ti,1.0
3402563584,3.02784,K36,RTX 4070 Ti,1.0
3403874304,3.07671,K36,RTX 4070 Ti,1.0
3405185024,3.06048,K36,RTX 4070 Ti,1.0
3406495744,2.89632,K36,RTX 4070 Ti,1.0
3407806464,2.92189,K36,RTX 4070 Ti,1.0
3409117184,3.01195,K36,RTX 4070 Ti,1.0
3410427904,3.04624,K36,RTX 4070 Ti,1.0
3411738624,3.10655,K36,RTX 4070 Ti,1.0
3413049344,3.00219,K36,RTX 4070 Ti,1.0
3414360064,2.97483,K36,RTX 4070 Ti,1.0
3415670784,2.99692,K36,RTX 4070 Ti,1.0
3416981504,2.92843,K36,RTX 4070 Ti,1.0
3418292224,3.05538,K36,RTX 4070 Ti,1.0
3419602944,2.93717,K36,RTX 4070 Ti,1.0
3420913664,3.05626,K36,RTX 4070 Ti,1.0
3422224384,3.06216,K36,RTX 4070 Ti,1.0
3423535104,2.98798,K36,RTX 4070 Ti,1.0
3424845824,3.08401,K36,RTX 4070 Ti,1.0
3426156544,3.01052,K36,RTX 4070 Ti,1.0
3427467264,2.92191,K36,RTX 4070 Ti,1.0
3428777984,3.06908,K36,RTX 4070 Ti,1.0
3430088704,3.02258,K36,RTX 4070 Ti,1.0
3431399424,2.96193,K36,RTX 4070 Ti,1.0
3432710144,3.06159,K36,RTX 4070 Ti,1.0
3434020864,3.00463,K36,RTX 4070 Ti,1.0
3435331584,2.94953,K36,RTX 4070 Ti,1.0
3436642304,3.03504,K36,RTX 4070 Ti,1.0
3437953024,3.03801,K36,RTX 4070 Ti,1.0
3439263744,3.09847,K36,RTX 4070 Ti,1.0
3440574464,3.01879,K36,RTX 4070 Ti,1.0
3441885184,3.05675,K36,RTX 4070 Ti,1.0
3443195904,2.99815,K36,RTX 4070 Ti,1.0
3444506624,2.98314,K36,RTX 4070 Ti,1.0
3445817344,3.00624,K36,RTX 4070 Ti,1.0
3447128064,3.02375,K36,RTX 4070 Ti,1.0
3448438784,3.00143,K36,RTX 4070 Ti,1.0
3449749504,2.91816,K36,RTX 4070 Ti,1.0
3451060224,2.97041,K36,RTX 4070 Ti,1.0
3452370944,2.94965,K36,RTX 4070 Ti,1.0
3453681664,3.03932,K36,RTX 4070 Ti,1.0
3454992384,2.90477,K36,RTX 4070 Ti,1.0
3456303104,3.00467,K36,RTX 4070 Ti,1.0
3457613824,2.89946,K36,RTX 4070 Ti,1.0
3458924544,2.99453,K36,RTX 4070 Ti,1.0
3460235264,2.98838,K36,RTX 4070 Ti,1.0
3461545984,3.01702,K36,RTX 4070 Ti,1.0
3462856704,2.98917,K36,RTX 4070 Ti,1.0
3464167424,2.99062,K36,RTX 4070 Ti,1.0
3465478144,2.91891,K36,RTX 4070 Ti,1.0
3466788864,2.98097,K36,RTX 4070 Ti,1.0
3468099584,2.97373,K36,RTX 4070 Ti,1.0
3469410304,3.0538,K36,RTX 4070 Ti,1.0
3470721024,3.15102,K36,RTX 4070 Ti,1.0
3472031744,3.00491,K36,RTX 4070 Ti,1.0
3473342464,2.95736,K36,RTX 4070 Ti,1.0
3474653184,2.9793,K36,RTX 4070 Ti,1.0
3475963904,3.02202,K36,RTX 4070 Ti,1.0
3477274624,3.00292,K36,RTX 4070 Ti,1.0
3478585344,3.05069,K36,RTX 4070 Ti,1.0
3479896064,2.88544,K36,RTX 4070 Ti,1.0
3481206784,2.98459,K36,RTX 4070 Ti,1.0
3482517504,3.11835,K36,RTX 4070 Ti,1.0
3483828224,3.02215,K36,RTX 4070 Ti,1.0
3485138944,3.10353,K36,RTX 4070 Ti,1.0
3486449664,2.92016,K36,RTX 4070 Ti,1.0
3487760384,2.99854,K36,RTX 4070 Ti,1.0
3489071104,2.99301,K36,RTX 4070 Ti,1.0
3490381824,2.93661,K36,RTX 4070 Ti,1.0
3491692544,3.08357,K36,RTX 4070 Ti,1.0
3493003264,2.98568,K36,RTX 4070 Ti,1.0
3494313984,3.0811,K36,RTX 4070 Ti,1.0
3495624704,2.9849,K36,RTX 4070 Ti,1.0
3496935424,2.96522,K36,RTX 4070 Ti,1.0
3498246144,2.95211,K36,RTX 4070 Ti,1.0
3499556864,2.96007,K36,RTX 4070 Ti,1.0
3500867584,3.11643,K36,RTX 4070 Ti,1.0
3502178304,2.91624,K36,RTX 4070 Ti,1.0
3503489024,3.02238,K36,RTX 4070 Ti,1.0
3504799744,3.06514,K36,RTX 4070 Ti,1.0
3506110464,3.00393,K36,RTX 4070 Ti,1.0
3507421184,3.08338,K36,RTX 4070 Ti,1.0
3508731904,2.87653,K36,RTX 4070 Ti,1.0
3510042624,3.01814,K36,RTX 4070 Ti,1.0
3511353344,2.91626,K36,RTX 4070 Ti,1.0
3512664064,3.00569,K36,RTX 4070 Ti,1.0
3513974784,2.95617,K36,RTX 4070 Ti,1.0
3515285504,2.95373,K36,RTX 4070 Ti,1.0
3516596224,2.94588,K36,RTX 4070 Ti,1.0
3517906944,2.99423,K36,RTX 4070 Ti,1.0
3519217664,3.00518,K36,RTX 4070 Ti,1.0
3520528384,3.00569,K36,RTX 4070 Ti,1.0
3521839104,2.91357,K36,RTX 4070 Ti,1.0
3523149824,2.96611,K36,RTX 4070 Ti,1.0
3524460544,3.00286,K36,RTX 4070 Ti,1.0
3525771264,2.89389,K36,RTX 4070 Ti,1.0
3527081984,3.01656,K36,RTX 4070 Ti,1.0
3528392704,3.03566,K36,RTX 4070 Ti,1.0
3529703424,3.03501,K36,RTX 4070 Ti,1.0
3531014144,2.98118,K36,RTX 4070 Ti,1.0
3532324864,2.98577,K36,RTX 4070 Ti,1.0
3533635584,2.9745,K36,RTX 4070 Ti,1.0
3534946304,3.00444,K36,RTX 4070 Ti,1.0
3536257024,2.95988,K36,RTX 4070 Ti,1.0
3537567744,3.01726,K36,RTX 4070 Ti,1.0
3538878464,3.00583,K36,RTX 4070 Ti,1.0
3540189184,3.08276,K36,RTX 4070 Ti,1.0
3541499904,3.00579,K36,RTX 4070 Ti,1.0
3542810624,3.01357,K36,RTX 4070 Ti,1.0
3544121344,2.98177,K36,RTX 4070 Ti,1.0
3545432064,2.94148,K36,RTX 4070 Ti,1.0
3546742784,2.96642,K36,RTX 4070 Ti,1.0
3548053504,3.08165,K36,RTX 4070 Ti,1.0
3549364224,3.036,K36,RTX 4070 Ti,1.0
3550674944,3.03576,K36,RTX 4070 Ti,1.0
3551985664,3.02646,K36,RTX 4070 Ti,1.0
3553296384,2.94686,K36,RTX 4070 Ti,1.0
3554607104,3.06306,K36,RTX 4070 Ti,1.0
3555917824,2.97283,K36,RTX 4070 Ti,1.0
3557228544,3.05291,K36,RTX 4070 Ti,1.0
3558539264,2.98968,K36,RTX 4070 Ti,1.0
3559849984,2.98227,K36,RTX 4070 Ti,1.0
3561160704,2.95256,K36,RTX 4070 Ti,1.0
3562471424,2.99746,K36,RTX 4070 Ti,1.0
3563782144,3.01148,K36,RTX 4070 Ti,1.0
3565092864,2.96517,K36,RTX 4070 Ti,1.0
3566403584,2.96345,K36,RTX 4070 Ti,1.0
3567714304,2.96845,K36,RTX 4070 Ti,1.0
3569025024,2.90843,K36,RTX 4070 Ti,1.0
3570335744,3.01797,K36,RTX 4070 Ti,1.0
3571646464,2.97639,K36,RTX 4070 Ti,1.0
3572957184,2.95056,K36,RTX 4070 Ti,1.0
3574267904,2.95653,K36,RTX 4070 Ti,1.0
3575578624,2.99686,K36,RTX 4070 Ti,1.0
3576889344,2.9655,K36,RTX 4070 Ti,1.0
3578200064,3.06509,K36,RTX 4070 Ti,1.0
3579510784,3.07529,K36,RTX 4070 Ti,1.0
3580821504,2.91384,K36,RTX 4070 Ti,1.0
3582132224,2.98052,K36,RTX 4070 Ti,1.0
3583442944,2.91147,K36,RTX 4070 Ti,1.0
3584753664,2.97859,K36,RTX 4070 Ti,1.0
3586064384,3.00306,K36,RTX 4070 Ti,1.0
3587375104,3.06904,K36,RTX 4070 Ti,1.0
3588685824,2.97435,K36,RTX 4070 Ti,1.0
3589996544,2.95043,K36,RTX 4070 Ti,1.0
3591307264,3.00286,K36,RTX 4070 Ti,1.0
3592617984,3.03915,K36,RTX 4070 Ti,1.0
3593928704,3.02136,K36,RTX 4070 Ti,1.0
3595239424,3.0696,K36,RTX 4070 Ti,1.0
3596550144,2.96261,K36,RTX 4070 Ti,1.0
3597860864,3.00998,K36,RTX 4070 Ti,1.0
3599171584,3.09002,K36,RTX 4070 Ti,1.0
3600482304,3.03894,K36,RTX 4070 Ti,1.0
3601793024,2.9819,K36,RTX 4070 Ti,1.0
3603103744,2.97091,K36,RTX 4070 Ti,1.0
3604414464,2.86804,K36,RTX 4070 Ti,1.0
3605725184,2.93041,K36,RTX 4070 Ti,1.0
3607035904,3.00342,K36,RTX 4070 Ti,1.0
3608346624,3.09942,K36,RTX 4070 Ti,1.0
3609657344,3.09277,K36,RTX 4070 Ti,1.0
3610968064,2.94563,K36,RTX 4070 Ti,1.0
3612278784,2.98602,K36,RTX 4070 Ti,1.0
3613589504,3.00389,K36,RTX 4070 Ti,1.0
3614900224,2.97681,K36,RTX 4070 Ti,1.0
3616210944,3.05955,K36,RTX 4070 Ti,1.0
3617521664,2.9716,K36,RTX 4070 Ti,1.0
3618832384,3.02425,K36,RTX 4070 Ti,1.0
3620143104,3.03881,K36,RTX 4070 Ti,1.0
3621453824,2.97105,K36,RTX 4070 Ti,1.0
3622764544,3.04059,K36,RTX 4070 Ti,1.0
3624075264,2.95623,K36,RTX 4070 Ti,1.0
3625385984,2.9765,K36,RTX 4070 Ti,1.0
3626696704,2.88884,K36,RTX 4070 Ti,1.0
3628007424,3.03715,K36,RTX 4070 Ti,1.0
3629318144,3.03503,K36,RTX 4070 Ti,1.0
3630628864,2.94983,K36,RTX 4070 Ti,1.0
3631939584,3.02803,K36,RTX 4070 Ti,1.0
3633250304,2.91349,K36,RTX 4070 Ti,1.0
3634561024,3.00081,K36,RTX 4070 Ti,1.0
3635871744,2.98275,K36,RTX 4070 Ti,1.0
3637182464,2.99141,K36,RTX 4070 Ti,1.0
3638493184,3.04074,K36,RTX 4070 Ti,1.0
3639803904,2.97712,K36,RTX 4070 Ti,1.0
3641114624,3.03496,K36,RTX 4070 Ti,1.0
3642425344,2.97588,K36,RTX 4070 Ti,1.0
3643736064,3.02872,K36,RTX 4070 Ti,1.0
3645046784,3.05912,K36,RTX 4070 Ti,1.0
3646357504,2.91695,K36,RTX 4070 Ti,1.0
3647668224,2.94215,K36,RTX 4070 Ti,1.0
3648978944,3.02252,K36,RTX 4070 Ti,1.0
3650289664,2.98024,K36,RTX 4070 Ti,1.0
3651600384,3.06639,K36,RTX 4070 Ti,1.0
3652911104,3.04917,K36,RTX 4070 Ti,1.0
3654221824,2.98688,K36,RTX 4070 Ti,1.0
3655532544,2.94204,K36,RTX 4070 Ti,1.0
3656843264,2.92961,K36,RTX 4070 Ti,1.0
3658153984,3.06176,K36,RTX 4070 Ti,1.0
3659464704,2.9494,K36,RTX 4070 Ti,1.0
3660775424,3.00184,K36,RTX 4070 Ti,1.0
3662086144,2.96149,K36,RTX 4070 Ti,1.0
3663396864,2.92575,K36,RTX 4070 Ti,1.0
3664707584,3.03179,K36,RTX 4070 Ti,1.0
3666018304,2.97441,K36,RTX 4070 Ti,1.0
3667329024,3.08101,K36,RTX 4070 Ti,1.0
3668639744,3.01036,K36,RTX 4070 Ti,1.0
3669950464,2.98041,K36,RTX 4070 Ti,1.0
3671261184,2.98747,K36,RTX 4070 Ti,1.0
3672571904,2.99346,K36,RTX 4070 Ti,1.0
3673882624,3.00621,K36,RTX 4070 Ti,1.0
3675193344,2.94435,K36,RTX 4070 Ti,1.0
3676504064,2.99596,K36,RTX 4070 Ti,1.0
3677814784,2.99363,K36,RTX 4070 Ti,1.0
3679125504,2.91423,K36,RTX 4070 Ti,1.0
3680436224,3.09308,K36,RTX 4070 Ti,1.0
3681746944,3.02308,K36,RTX 4070 Ti,1.0
3683057664,3.05204,K36,RTX 4070 Ti,1.0
3684368384,2.87663,K36,RTX 4070 Ti,1.0
3685679104,2.93992,K36,RTX 4070 Ti,1.0
3686989824,2.96829,K36,RTX 4070 Ti,1.0
3688300544,2.95479,K36,RTX 4070 Ti,1.0
3689611264,3.08738,K36,RTX 4070 Ti,1.0
3690921984,3.00612,K36,RTX 4070 Ti,1.0
3692232704,3.01388,K36,RTX 4070 Ti,1.0
3693543424,2.99986,K36,RTX 4070 Ti,1.0
3694854144,3.01692,K36,RTX 4070 Ti,1.0
3696164864,2.94903,K36,RTX 4070 Ti,1.0
3697475584,3.03499,K36,RTX 4070 Ti,1.0
3698786304,2.92768,K36,RTX 4070 Ti,1.0
3700097024,2.9666,K36,RTX 4070 Ti,1.0
3701407744,3.05236,K36,RTX 4070 Ti,1.0
3702718464,3.06919,K36,RTX 4070 Ti,1.0
3704029184,2.94643,K36,RTX 4070 Ti,1.0
3705339904,2.97737,K36,RTX 4070 Ti,1.0
3706650624,2.93824,K36,RTX 4070 Ti,1.0
3707961344,3.03218,K36,RTX 4070 Ti,1.0
3709272064,2.99637,K36,RTX 4070 Ti,1.0
3710582784,3.02826,K36,RTX 4070 Ti,1.0
3711893504,2.96534,K36,RTX 4070 Ti,1.0
3713204224,2.97178,K36,RTX 4070 Ti,1.0
3714514944,2.95277,K36,RTX 4070 Ti,1.0
3715825664,2.91652,K36,RTX 4070 Ti,1.0
3717136384,3.04008,K36,RTX 4070 Ti,1.0
3718447104,2.94866,K36,RTX 4070 Ti,1.0
3719757824,2.99915,K36,RTX 4070 Ti,1.0
3721068544,2.95507,K36,RTX 4070 Ti,1.0
3722379264,3.04891,K36,RTX 4070 Ti,1.0
3723689984,2.9931,K36,RTX 4070 Ti,1.0
3725000704,3.04065,K36,RTX 4070 Ti,1.0
3726311424,3.07234,K36,RTX 4070 Ti,1.0
3727622144,2.96362,K36,RTX 4070 Ti,1.0
3728932864,3.00665,K36,RTX 4070 Ti,1.0
3730243584,3.00016,K36,RTX 4070 Ti,1.0
3731554304,3.00922,K36,RTX 4070 Ti,1.0
3732865024,3.05191,K36,RTX 4070 Ti,1.0
3734175744,3.11777,K36,RTX 4070 Ti,1.0
3735486464,2.9558,K36,RTX 4070 Ti,1.0
3736797184,2.98163,K36,RTX 4070 Ti,1.0
3738107904,3.0388,K36,RTX 4070 Ti,1.0
3739418624,2.92132,K36,RTX 4070 Ti,1.0
3740729344,3.04784,K36,RTX 4070 Ti,1.0
3742040064,2.89599,K36,RTX 4070 Ti,1.0
3743350784,2.99502,K36,RTX 4070 Ti,1.0
3744661504,2.95369,K36,RTX 4070 Ti,1.0
3745972224,3.00229,K36,RTX 4070 Ti,1.0
3747282944,2.99491,K36,RTX 4070 Ti,1.0
3748593664,3.01474,K36,RTX 4070 Ti,1.0
3749904384,3.06616,K36,RTX 4070 Ti,1.0
3751215104,2.9741,K36,RTX 4070 Ti,1.0
3752525824,2.99389,K36,RTX 4070 Ti,1.0
3753836544,2.94492,K36,RTX 4070 Ti,1.0
3755147264,2.95808,K36,RTX 4070 Ti,1.0
3756457984,2.88291,K36,RTX 4070 Ti,1.0
3757768704,2.91921,K36,RTX 4070 Ti,1.0
3759079424,2.92705,K36,RTX 4070 Ti,1.0
3760390144,2.94469,K36,RTX 4070 Ti,1.0
3761700864,3.07873,K36,RTX 4070 Ti,1.0
3763011584,3.01356,K36,RTX 4070 Ti,1.0
3764322304,2.93904,K36,RTX 4070 Ti,1.0
3765633024,2.92221,K36,RTX 4070 Ti,1.0
3766943744,2.91343,K36,RTX 4070 Ti,1.0
3768254464,2.99008,K36,RTX 4070 Ti,1.0
3769565184,2.96342,K36,RTX 4070 Ti,1.0
3770875904,2.98402,K36,RTX 4070 Ti,1.0
3772186624,2.92842,K36,RTX 4070 Ti,1.0
3773497344,2.93962,K36,RTX 4070 Ti,1.0
3774808064,3.07393,K36,RTX 4070 Ti,1.0
3776118784,2.98878,K36,RTX 4070 Ti,1.0
3777429504,2.94606,K36,RTX 4070 Ti,1.0
3778740224,2.95003,K36,RTX 4070 Ti,1.0
3780050944,2.99434,K36,RTX 4070 Ti,1.0
3781361664,3.00035,K36,RTX 4070 Ti,1.0
3782672384,3.08401,K36,RTX 4070 Ti,1.0
3783983104,2.98555,K36,RTX 4070 Ti,1.0
3785293824,3.02121,K36,RTX 4070 Ti,1.0
3786604544,2.97249,K36,RTX 4070 Ti,1.0
3787915264,2.82257,K36,RTX 4070 Ti,1.0
3789225984,2.9879,K36,RTX 4070 Ti,1.0
3790536704,2.97514,K36,RTX 4070 Ti,1.0
3791847424,2.93977,K36,RTX 4070 Ti,1.0
3793158144,2.99505,K36,RTX 4070 Ti,1.0
3794468864,2.97202,K36,RTX 4070 Ti,1.0
3795779584,3.06197,K36,RTX 4070 Ti,1.0
3797090304,3.01217,K36,RTX 4070 Ti,1.0
3798401024,3.03233,K36,RTX 4070 Ti,1.0
3799711744,3.08077,K36,RTX 4070 Ti,1.0
3801022464,2.92519,K36,RTX 4070 Ti,1.0
3802333184,2.98902,K36,RTX 4070 Ti,1.0
3803643904,2.89974,K36,RTX 4070 Ti,1.0
3804954624,3.01946,K36,RTX 4070 Ti,1.0
3806265344,2.95092,K36,RTX 4070 Ti,1.0
3807576064,2.9845,K36,RTX 4070 Ti,1.0
3808886784,2.98223,K36,RTX 4070 Ti,1.0
3810197504,3.00107,K36,RTX 4070 Ti,1.0
3811508224,2.99819,K36,RTX 4070 Ti,1.0
3812818944,3.03736,K36,RTX 4070 Ti,1.0
3814129664,2.97974,K36,RTX 4070 Ti,1.0
3815440384,2.95859,K36,RTX 4070 Ti,1.0
3816751104,2.93022,K36,RTX 4070 Ti,1.0
3818061824,2.90687,K36,RTX 4070 Ti,1.0
3819372544,3.04477,K36,RTX 4070 Ti,1.0
3820683264,3.04852,K36,RTX 4070 Ti,1.0
3821993984,2.96453,K36,RTX 4070 Ti,1.0
3823304704,2.92368,K36,RTX 4070 Ti,1.0
3824615424,2.92469,K36,RTX 4070 Ti,1.0
3825926144,3.07483,K36,RTX 4070 Ti,1.0
3827236864,3.00912,K36,RTX 4070 Ti,1.0
3828547584,2.95511,K36,RTX 4070 Ti,1.0
3829858304,3.02894,K36,RTX 4070 Ti,1.0
3831169024,2.94432,K36,RTX 4070 Ti,1.0
3832479744,2.99159,K36,RTX 4070 Ti,1.0
3833790464,2.87539,K36,RTX 4070 Ti,1.0
3835101184,3.00592,K36,RTX 4070 Ti,1.0
3836411904,2.91372,K36,RTX 4070 Ti,1.0
3837722624,2.94716,K36,RTX 4070 Ti,1.0
3839033344,2.96503,K36,RTX 4070 Ti,1.0
3840344064,2.96691,K36,RTX 4070 Ti,1.0
3841654784,3.07057,K36,RTX 4070 Ti,1.0
3842965504,2.98318,K36,RTX 4070 Ti,1.0
3844276224,3.00661,K36,RTX 4070 Ti,1.0
3845586944,2.86369,K36,RTX 4070 Ti,1.0
3846897664,2.94839,K36,RTX 4070 Ti,1.0
3848208384,3.01948,K36,RTX 4070 Ti,1.0
3849519104,3.06158,K36,RTX 4070 Ti,1.0
3850829824,2.98161,K36,RTX 4070 Ti,1.0
3852140544,2.93411,K36,RTX 4070 Ti,1.0
3853451264,2.95151,K36,RTX 4070 Ti,1.0
3854761984,3.0193,K36,RTX 4070 Ti,1.0
3856072704,2.98342,K36,RTX 4070 Ti,1.0
3857383424,3.00202,K36,RTX 4070 Ti,1.0
3858694144,2.92565,K36,RTX 4070 Ti,1.0
3860004864,2.8736,K36,RTX 4070 Ti,1.0
3861315584,2.92379,K36,RTX 4070 Ti,1.0
3862626304,3.02467,K36,RTX 4070 Ti,1.0
3863937024,2.95725,K36,RTX 4070 Ti,1.0
3865247744,2.96803,K36,RTX 4070 Ti,1.0
3866558464,2.97408,K36,RTX 4070 Ti,1.0
3867869184,2.97772,K36,RTX 4070 Ti,1.0
3869179904,3.10436,K36,RTX 4070 Ti,1.0
3870490624,2.95147,K36,RTX 4070 Ti,1.0
3871801344,3.02283,K36,RTX 4070 Ti,1.0
3873112064,2.92223,K36,RTX 4070 Ti,1.0
3874422784,3.01502,K36,RTX 4070 Ti,1.0
3875733504,2.94592,K36,RTX 4070 Ti,1.0
3877044224,3.02831,K36,RTX 4070 Ti,1.0
3878354944,2.92078,K36,RTX 4070 Ti,1.0
3879665664,2.97823,K36,RTX 4070 Ti,1.0
3880976384,2.93353,K36,RTX 4070 Ti,1.0
3882287104,2.8923,K36,RTX 4070 Ti,1.0
3883597824,2.9713,K36,RTX 4070 Ti,1.0
3884908544,3.09322,K36,RTX 4070 Ti,1.0
3886219264,2.94532,K36,RTX 4070 Ti,1.0
3887529984,3.0127,K36,RTX 4070 Ti,1.0
3888840704,2.90174,K36,RTX 4070 Ti,1.0
3890151424,3.058,K36,RTX 4070 Ti,1.0
3891462144,3.01844,K36,RTX 4070 Ti,1.0
3892772864,3.06893,K36,RTX 4070 Ti,1.0
3894083584,2.96123,K36,RTX 4070 Ti,1.0
3895394304,2.9129,K36,RTX 4070 Ti,1.0
3896705024,2.89348,K36,RTX 4070 Ti,1.0
3898015744,2.94684,K36,RTX 4070 Ti,1.0
3899326464,2.95065,K36,RTX 4070 Ti,1.0
3900637184,2.96818,K36,RTX 4070 Ti,1.0
3901947904,3.01224,K36,RTX 4070 Ti,1.0
3903258624,2.92406,K36,RTX 4070 Ti,1.0
3904569344,2.99001,K36,RTX 4070 Ti,1.0
3905880064,2.91293,K36,RTX 4070 Ti,1.0
3907190784,2.98813,K36,RTX 4070 Ti,1.0
3908501504,2.90515,K36,RTX 4070 Ti,1.0
3909812224,3.04712,K36,RTX 4070 Ti,1.0
3911122944,3.01558,K36,RTX 4070 Ti,1.0
3912433664,2.99465,K36,RTX 4070 Ti,1.0
3913744384,3.0456,K36,RTX 4070 Ti,1.0
3915055104,3.01448,K36,RTX 4070 Ti,1.0
3916365824,2.94416,K36,RTX 4070 Ti,1.0
3917676544,2.95045,K36,RTX 4070 Ti,1.0
3918987264,2.88452,K36,RTX 4070 Ti,1.0
3920297984,3.12301,K36,RTX 4070 Ti,1.0
3921608704,2.94406,K36,RTX 4070 Ti,1.0
3922919424,3.02301,K36,RTX 4070 Ti,1.0
3924230144,2.98282,K36,RTX 4070 Ti,1.0
3925540864,2.91285,K36,RTX 4070 Ti,1.0
3926851584,3.0392,K36,RTX 4070 Ti,1.0
3928162304,2.90571,K36,RTX 4070 Ti,1.0
3929473024,2.98287,K36,RTX 4070 Ti,1.0
3930783744,2.96966,K36,RTX 4070 Ti,1.0
3932094464,2.92439,K36,RTX 4070 Ti,1.0
3933405184,2.98274,K36,RTX 4070 Ti,1.0
3934715904,2.96868,K36,RTX 4070 Ti,1.0
3936026624,3.03373,K36,RTX 4070 Ti,1.0
3937337344,2.99516,K36,RTX 4070 Ti,1.0
3938648064,2.99925,K36,RTX 4070 Ti,1.0
3939958784,2.92296,K36,RTX 4070 Ti,1.0
3941269504,3.0283,K36,RTX 4070 Ti,1.0
3942580224,3.01312,K36,RTX 4070 Ti,1.0
3943890944,3.10999,K36,RTX 4070 Ti,1.0
3945201664,2.95735,K36,RTX 4070 Ti,1.0
3946512384,2.88246,K36,RTX 4070 Ti,1.0
3947823104,2.90784,K36,RTX 4070 Ti,1.0
3949133824,2.90103,K36,RTX 4070 Ti,1.0
3950444544,2.98409,K36,RTX 4070 Ti,1.0
3951755264,3.02051,K36,RTX 4070 Ti,1.0
3953065984,3.00048,K36,RTX 4070 Ti,1.0
3954376704,2.94458,K36,RTX 4070 Ti,1.0
3955687424,2.94425,K36,RTX 4070 Ti,1.0
3956998144,2.96408,K36,RTX 4070 Ti,1.0
3958308864,2.99571,K36,RTX 4070 Ti,1.0
3959619584,3.06491,K36,RTX 4070 Ti,1.0
3960930304,2.94058,K36,RTX 4070 Ti,1.0
3962241024,3.00762,K36,RTX 4070 Ti,1.0
3963551744,2.99073,K36,RTX 4070 Ti,1.0
3964862464,2.93884,K36,RTX 4070 Ti,1.0
3966173184,2.99626,K36,RTX 4070 Ti,1.0
3967483904,2.90338,K36,RTX 4070 Ti,1.0
3968794624,3.09898,K36,RTX 4070 Ti,1.0
3970105344,2.91689,K36,RTX 4070 Ti,1.0
3971416064,2.98452,K36,RTX 4070 Ti,1.0
3972726784,3.05321,K36,RTX 4070 Ti,1.0
3974037504,2.98565,K36,RTX 4070 Ti,1.0
3975348224,2.96601,K36,RTX 4070 Ti,1.0
3976658944,2.93055,K36,RTX 4070 Ti,1.0
3977969664,2.97291,K36,RTX 4070 Ti,1.0
3979280384,3.01464,K36,RTX 4070 Ti,1.0
3980591104,3.01344,K36,RTX 4070 Ti,1.0
3981901824,3.02665,K36,RTX 4070 Ti,1.0
3983212544,2.95814,K36,RTX 4070 Ti,1.0
3984523264,2.94235,K36,RTX 4070 Ti,1.0
3985833984,2.93657,K36,RTX 4070 Ti,1.0
3987144704,2.96904,K36,RTX 4070 Ti,1.0
3988455424,2.9435,K36,RTX 4070 Ti,1.0
3989766144,2.95709,K36,RTX 4070 Ti,1.0
3991076864,3.0114,K36,RTX 4070 Ti,1.0
3992387584,3.08152,K36,RTX 4070 Ti,1.0
3993698304,3.01157,K36,RTX 4070 Ti,1.0
3995009024,3.01782,K36,RTX 4070 Ti,1.0
3996319744,3.05427,K36,RTX 4070 Ti,1.0
3997630464,2.92437,K36,RTX 4070 Ti,1.0
3998941184,2.96632,K36,RTX 4070 Ti,1.0
6501105664,2.8753,K48-32K,RTX 5090,1.0
6502416384,3.01114,K48-32K,RTX 5090,1.0
6503727104,2.86514,K48-32K,RTX 5090,1.0
6505037824,3.24808,K48-32K,RTX 5090,1.0
6506348544,3.09747,K48-32K,RTX 5090,1.0
6507659264,3.08343,K48-32K,RTX 5090,1.0
6508969984,3.2024,K48-32K,RTX 5090,1.0
6510280704,3.11987,K48-32K,RTX 5090,1.0
6511591424,3.03567,K48-32K,RTX 5090,1.0
6512902144,3.00623,K48-32K,RTX 5090,1.0
6514212864,3.21368,K48-32K,RTX 5090,1.0
6515523584,3.29365,K48-32K,RTX 5090,1.0
6516834304,3.19772,K48-32K,RTX 5090,1.0
6518145024,2.96497,K48-32K,RTX 5090,1.0
6519455744,2.91599,K48-32K,RTX 5090,1.0
6520766464,3.09148,K48-32K,RTX 5090,1.0
6522077184,2.96429,K48-32K,RTX 5090,1.0
6523387904,3.07895,K48-32K,RTX 5090,1.0
6524698624,2.87485,K48-32K,RTX 5090,1.0
6526009344,2.98289,K48-32K,RTX 5090,1.0
6527320064,2.84213,K48-32K,RTX 5090,1.0
6528630784,2.97712,K48-32K,RTX 5090,1.0
6529941504,3.20897,K48-32K,RTX 5090,1.0
6531252224,3.13837,K48-32K,RTX 5090,1.0
6532562944,3.04541,K48-32K,RTX 5090,1.0
6533873664,2.87946,K48-32K,RTX 5090,1.0
6535184384,3.20944,K48-32K,RTX 5090,1.0
6536495104,3.13789,K48-32K,RTX 5090,1.0
6537805824,3.04099,K48-32K,RTX 5090,1.0
6539116544,2.97668,K48-32K,RTX 5090,1.0
6540427264,2.94318,K48-32K,RTX 5090,1.0
6541737984,3.08795,K48-32K,RTX 5090,1.0
6543048704,2.59097,K48-32K,RTX 5090,1.0
6544359424,3.12227,K48-32K,RTX 5090,1.0
6545670144,2.89346,K48-32K,RTX 5090,1.0
6546980864,2.9947,K48-32K,RTX 5090,1.0
6548291584,2.84453,K48-32K,RTX 5090,1.0
6549602304,2.97505,K48-32K,RTX 5090,1.0
6550913024,2.99978,K48-32K,RTX 5090,1.0
6552223744,2.91071,K48-32K,RTX 5090,1.0
6553534464,2.93662,K48-32K,RTX 5090,1.0
6554845184,2.69899,K48-32K,RTX 5090,1.0
6556155904,3.04953,K48-32K,RTX 5090,1.0
6557466624,2.84286,K48-32K,RTX 5090,1.0
6558777344,2.95823,K48-32K,RTX 5090,1.0
6560088064,3.11604,K48-32K,RTX 5090,1.0
6561398784,3.02193,K48-32K,RTX 5090,1.0
6562709504,2.95078,K48-32K,RTX 5090,1.0
6564020224,2.83619,K48-32K,RTX 5090,1.0
6565330944,3.08493,K48-32K,RTX 5090,1.0
6566641664,2.93034,K48-32K,RTX 5090,1.0
6567952384,3.07802,K48-32K,RTX 5090,1.0
6569263104,2.82854,K48-32K,RTX 5090,1.0
6570573824,2.89638,K48-32K,RTX 5090,1.0
6571884544,2.83749,K48-32K,RTX 5090,1.0
6573195264,2.80019,K48-32K,RTX 5090,1.0
6574505984,2.91422,K48-32K,RTX 5090,1.0
6575816704,3.0358,K48-32K,RTX 5090,1.0
6577127424,2.79613,K48-32K,RTX 5090,1.0
6578438144,3.04856,K48-32K,RTX 5090,1.0
6579748864,3.11966,K48-32K,RTX 5090,1.0
6581059584,2.96447,K48-32K,RTX 5090,1.0
6582370304,2.68237,K48-32K,RTX 5090,1.0
6583681024,2.82676,K48-32K,RTX 5090,1.0
6584991744,3.05458,K48-32K,RTX 5090,1.0
6586302464,3.28022,K48-32K,RTX 5090,1.0
6587613184,2.77613,K48-32K,RTX 5090,1.0
6588923904,2.80144,K48-32K,RTX 5090,1.0
6590234624,2.75846,K48-32K,RTX 5090,1.0
6591545344,3.15618,K48-32K,RTX 5090,1.0
6592856064,2.87132,K48-32K,RTX 5090,1.0
6594166784,2.83986,K48-32K,RTX 5090,1.0
6595477504,2.80541,K48-32K,RTX 5090,1.0
6596788224,3.3182,K48-32K,RTX 5090,1.0
6598098944,2.89636,K48-32K,RTX 5090,1.0
6599409664,2.84548,K48-32K,RTX 5090,1.0
6600720384,3.1757,K48-32K,RTX 5090,1.0
6602031104,2.86733,K48-32K,RTX 5090,1.0
6603341824,2.75421,K48-32K,RTX 5090,1.0
6604652544,2.895,K48-32K,RTX 5090,1.0
6605963264,3.13145,K48-32K,RTX 5090,1.0
6607273984,2.87563,K48-32K,RTX 5090,1.0
6608584704,2.66144,K48-32K,RTX 5090,1.0
6609895424,3.14168,K48-32K,RTX 5090,1.0
6611206144,2.82555,K48-32K,RTX 5090,1.0
6612516864,2.84764,K48-32K,RTX 5090,1.0
6613827584,2.87502,K48-32K,RTX 5090,1.0
6615138304,2.80589,K48-32K,RTX 5090,1.0
6616449024,2.95862,K48-32K,RTX 5090,1.0
6617759744,2.60547,K48-32K,RTX 5090,1.0
6619070464,3.01122,K48-32K,RTX 5090,1.0
6620381184,2.83809,K48-32K,RTX 5090,1.0
6621691904,2.87794,K48-32K,RTX 5090,1.0
6623002624,3.03046,K48-32K,RTX 5090,1.0
6624313344,2.80236,K48-32K,RTX 5090,1.0
6625624064,3.17561,K48-32K,RTX 5090,1.0
6626934784,2.97813,K48-32K,RTX 5090,1.0
6628245504,3.11151,K48-32K,RTX 5090,1.0
6629556224,3.16405,K48-32K,RTX 5090,1.0
6630866944,2.96595,K48-32K,RTX 5090,1.0
6632177664,2.88689,K48-32K,RTX 5090,1.0
6633488384,2.91193,K48-32K,RTX 5090,1.0
6634799104,2.88806,K48-32K,RTX 5090,1.0
6636109824,2.93983,K48-32K,RTX 5090,1.0
6637420544,2.89137,K48-32K,RTX 5090,1.0
6638731264,2.80666,K48-32K,RTX 5090,1.0
6640041984,3.13829,K48-32K,RTX 5090,1.0
6641352704,2.69639,K48-32K,RTX 5090,1.0
6642663424,2.84043,K48-32K,RTX 5090,1.0
6643974144,2.79079,K48-32K,RTX 5090,1.0
6645284864,2.73364,K48-32K,RTX 5090,1.0
6646595584,2.91599,K48-32K,RTX 5090,1.0
6647906304,2.84481,K48-32K,RTX 5090,1.0
6649217024,2.87974,K48-32K,RTX 5090,1.0
6650527744,2.83984,K48-32K,RTX 5090,1.0
6651838464,2.86005,K48-32K,RTX 5090,1.0
6653149184,2.95906,K48-32K,RTX 5090,1.0
6654459904,2.83799,K48-32K,RTX 5090,1.0
6655770624,2.81788,K48-32K,RTX 5090,1.0
6657081344,3.08064,K48-32K,RTX 5090,1.0
6658392064,2.74651,K48-32K,RTX 5090,1.0
6659702784,2.61114,K48-32K,RTX 5090,1.0
6661013504,3.14616,K48-32K,RTX 5090,1.0
6662324224,2.91751,K48-32K,RTX 5090,1.0
6663634944,2.90039,K48-32K,RTX 5090,1.0
6664945664,2.69309,K48-32K,RTX 5090,1.0
6666256384,2.95294,K48-32K,RTX 5090,1.0
6667567104,2.76492,K48-32K,RTX 5090,1.0
6668877824,2.85439,K48-32K,RTX 5090,1.0
6670188544,2.82169,K48-32K,RTX 5090,1.0
6671499264,2.90515,K48-32K,RTX 5090,1.0
6672809984,2.8444,K48-32K,RTX 5090,1.0
6674120704,2.67997,K48-32K,RTX 5090,1.0
6675431424,2.66631,K48-32K,RTX 5090,1.0
6676742144,2.94793,K48-32K,RTX 5090,1.0
6678052864,3.03845,K48-32K,RTX 5090,1.0
6679363584,2.91492,K48-32K,RTX 5090,1.0
6680674304,2.56777,K48-32K,RTX 5090,1.0
6681985024,2.99412,K48-32K,RTX 5090,1.0
6683295744,2.85618,K48-32K,RTX 5090,1.0
6684606464,2.6008,K48-32K,RTX 5090,1.0
6685917184,2.90315,K48-32K,RTX 5090,1.0
6687227904,2.96096,K48-32K,RTX 5090,1.0
6688538624,2.8244,K48-32K,RTX 5090,1.0
6689849344,2.84425,K48-32K,RTX 5090,1.0
6691160064,2.78101,K48-32K,RTX 5090,1.0
6692470784,2.93315,K48-32K,RTX 5090,1.0
6693781504,2.77952,K48-32K,RTX 5090,1.0
6695092224,2.97564,K48-32K,RTX 5090,1.0
6696402944,2.76948,K48-32K,RTX 5090,1.0
6697713664,3.04431,K48-32K,RTX 5090,1.0
6699024384,2.5692,K48-32K,RTX 5090,1.0
6700335104,2.80516,K48-32K,RTX 5090,1.0
6701645824,2.72474,K48-32K,RTX 5090,1.0
6702956544,2.73888,K48-32K,RTX 5090,1.0
6704267264,2.89508,K48-32K,RTX 5090,1.0
6705577984,3.00675,K48-32K,RTX 5090,1.0
6706888704,2.84741,K48-32K,RTX 5090,1.0
6708199424,2.83709,K48-32K,RTX 5090,1.0
6709510144,2.98973,K48-32K,RTX 5090,1.0
6710820864,2.80683,K48-32K,RTX 5090,1.0
6712131584,3.03978,K48-32K,RTX 5090,1.0
6713442304,2.67623,K48-32K,RTX 5090,1.0
6714753024,3.05585,K48-32K,RTX 5090,1.0
6716063744,2.90603,K48-32K,RTX 5090,1.0
6717374464,2.85426,K48-32K,RTX 5090,1.0
6718685184,2.85201,K48-32K,RTX 5090,1.0
6719995904,2.84173,K48-32K,RTX 5090,1.0
6721306624,3.01744,K48-32K,RTX 5090,1.0
6722617344,2.72892,K48-32K,RTX 5090,1.0
6723928064,2.84034,K48-32K,RTX 5090,1.0
6725238784,2.897,K48-32K,RTX 5090,1.0
6726549504,2.60213,K48-32K,RTX 5090,1.0
6727860224,2.6651,K48-32K,RTX 5090,1.0
6729170944,2.45893,K48-32K,RTX 5090,1.0
6730481664,2.93537,K48-32K,RTX 5090,1.0
6731792384,2.97425,K48-32K,RTX 5090,1.0
6733103104,3.08141,K48-32K,RTX 5090,1.0
6734413824,2.67787,K48-32K,RTX 5090,1.0
6735724544,2.87863,K48-32K,RTX 5090,1.0
6737035264,2.7132,K48-32K,RTX 5090,1.0
6738345984,2.48779,K48-32K,RTX 5090,1.0
6739656704,2.69652,K48-32K,RTX 5090,1.0
6740967424,2.69672,K48-32K,RTX 5090,1.0
6742278144,2.96431,K48-32K,RTX 5090,1.0
6743588864,2.84646,K48-32K,RTX 5090,1.0
6744899584,2.63535,K48-32K,RTX 5090,1.0
6746210304,2.77914,K48-32K,RTX 5090,1.0
6747521024,2.82232,K48-32K,RTX 5090,1.0
6748831744,2.79167,K48-32K,RTX 5090,1.0
6750142464,2.77168,K48-32K,RTX 5090,1.0
6751453184,2.70286,K48-32K,RTX 5090,1.0
6752763904,2.54183,K48-32K,RTX 5090,1.0
6754074624,2.79601,K48-32K,RTX 5090,1.0
6755385344,2.9152,K48-32K,RTX 5090,1.0
6756696064,2.6787,K48-32K,RTX 5090,1.0
6758006784,2.89126,K48-32K,RTX 5090,1.0
6759317504,2.76484,K48-32K,RTX 5090,1.0
6760628224,2.93652,K48-32K,RTX 5090,1.0
6761938944,2.97812,K48-32K,RTX 5090,1.0
6763249664,2.79023,K48-32K,RTX 5090,1.0
6764560384,2.63984,K48-32K,RTX 5090,1.0
6765871104,2.6416,K48-32K,RTX 5090,1.0
6767181824,2.5577,K48-32K,RTX 5090,1.0
6768492544,2.73874,K48-32K,RTX 5090,1.0
6769803264,3.30714,K48-32K,RTX 5090,1.0
6771113984,2.94716,K48-32K,RTX 5090,1.0
6772424704,2.81275,K48-32K,RTX 5090,1.0
6773735424,2.80254,K48-32K,RTX 5090,1.0
6775046144,2.66928,K48-32K,RTX 5090,1.0
6776356864,2.65415,K48-32K,RTX 5090,1.0
6777667584,2.96079,K48-32K,RTX 5090,1.0
6778978304,2.34291,K48-32K,RTX 5090,1.0
6780289024,2.72347,K48-32K,RTX 5090,1.0
6781599744,2.93615,K48-32K,RTX 5090,1.0
6782910464,2.98779,K48-32K,RTX 5090,1.0
6784221184,2.71866,K48-32K,RTX 5090,1.0
6785531904,2.45153,K48-32K,RTX 5090,1.0
6786842624,2.96434,K48-32K,RTX 5090,1.0
6788153344,2.86434,K48-32K,RTX 5090,1.0
6789464064,2.65977,K48-32K,RTX 5090,1.0
6790774784,2.85374,K48-32K,RTX 5090,1.0
6792085504,2.82253,K48-32K,RTX 5090,1.0
6793396224,2.99986,K48-32K,RTX 5090,1.0
6794706944,2.94989,K48-32K,RTX 5090,1.0
6796017664,2.78675,K48-32K,RTX 5090,1.0
6797328384,2.92648,K48-32K,RTX 5090,1.0
6798639104,2.89937,K48-32K,RTX 5090,1.0
6799949824,2.21378,K48-32K,RTX 5090,1.0
6801260544,2.74951,K48-32K,RTX 5090,1.0
6802571264,2.72759,K48-32K,RTX 5090,1.0
6803881984,2.98092,K48-32K,RTX 5090,1.0
6805192704,2.8605,K48-32K,RTX 5090,1.0
6806503424,2.76149,K48-32K,RTX 5090,1.0
6807814144,3.00176,K48-32K,RTX 5090,1.0
6809124864,2.98711,K48-32K,RTX 5090,1.0
6810435584,2.88331,K48-32K,RTX 5090,1.0
6811746304,2.91655,K48-32K,RTX 5090,1.0
6813057024,2.86645,K48-32K,RTX 5090,1.0
6814367744,2.9658,K48-32K,RTX 5090,1.0
6815678464,2.88459,K48-32K,RTX 5090,1.0
6816989184,2.75681,K48-32K,RTX 5090,1.0
6818299904,2.71736,K48-32K,RTX 5090,1.0
6819610624,2.85895,K48-32K,RTX 5090,1.0
6820921344,2.66123,K48-32K,RTX 5090,1.0
6822232064,2.83256,K48-32K,RTX 5090,1.0
6823542784,2.86438,K48-32K,RTX 5090,1.0
6824853504,2.64524,K48-32K,RTX 5090,1.0
6826164224,2.78161,K48-32K,RTX 5090,1.0
6827474944,2.85477,K48-32K,RTX 5090,1.0
6828785664,3.03041,K48-32K,RTX 5090,1.0
6830096384,2.84162,K48-32K,RTX 5090,1.0
6831407104,2.76087,K48-32K,RTX 5090,1.0
6832717824,3.06476,K48-32K,RTX 5090,1.0
6834028544,2.90855,K48-32K,RTX 5090,1.0
6835339264,2.7263,K48-32K,RTX 5090,1.0
6836649984,2.65159,K48-32K,RTX 5090,1.0
6837960704,3.1184,K48-32K,RTX 5090,1.0
6839271424,2.62997,K48-32K,RTX 5090,1.0
6840582144,2.99469,K48-32K,RTX 5090,1.0
6841892864,2.80981,K48-32K,RTX 5090,1.0
6843203584,2.84154,K48-32K,RTX 5090,1.0
6844514304,2.87798,K48-32K,RTX 5090,1.0
6845825024,2.64995,K48-32K,RTX 5090,1.0
6847135744,3.13245,K48-32K,RTX 5090,1.0
6848446464,2.76935,K48-32K,RTX 5090,1.0
6849757184,2.73631,K48-32K,RTX 5090,1.0
6851067904,2.9351,K48-32K,RTX 5090,1.0
6852378624,2.64005,K48-32K,RTX 5090,1.0
6853689344,2.94575,K48-32K,RTX 5090,1.0
6855000064,2.60953,K48-32K,RTX 5090,1.0
6856310784,2.95965,K48-32K,RTX 5090,1.0
6857621504,2.66287,K48-32K,RTX 5090,1.0
6858932224,2.84865,K48-32K,RTX 5090,1.0
6860242944,2.62754,K48-32K,RTX 5090,1.0
6861553664,2.94165,K48-32K,RTX 5090,1.0
6862864384,2.81051,K48-32K,RTX 5090,1.0
6864175104,2.80955,K48-32K,RTX 5090,1.0
6865485824,2.7676,K48-32K,RTX 5090,1.0
6866796544,2.75491,K48-32K,RTX 5090,1.0
6868107264,3.07456,K48-32K,RTX 5090,1.0
6869417984,3.12712,K48-32K,RTX 5090,1.0
6870728704,2.76637,K48-32K,RTX 5090,1.0
6872039424,2.78927,K48-32K,RTX 5090,1.0
6873350144,2.82064,K48-32K,RTX 5090,1.0
6874660864,2.98698,K48-32K,RTX 5090,1.0
6875971584,2.88676,K48-32K,RTX 5090,1.0
6877282304,2.85606,K48-32K,RTX 5090,1.0
6878593024,2.73017,K48-32K,RTX 5090,1.0
6879903744,2.7882,K48-32K,RTX 5090,1.0
6881214464,2.71835,K48-32K,RTX 5090,1.0
6882525184,2.70464,K48-32K,RTX 5090,1.0
6883835904,2.72012,K48-32K,RTX 5090,1.0
6885146624,2.82674,K48-32K,RTX 5090,1.0
6886457344,2.98209,K48-32K,RTX 5090,1.0
6887768064,2.92191,K48-32K,RTX 5090,1.0
6889078784,3.03557,K48-32K,RTX 5090,1.0
6890389504,2.91342,K48-32K,RTX 5090,1.0
6891700224,2.83493,K48-32K,RTX 5090,1.0
6893010944,3.02021,K48-32K,RTX 5090,1.0
6894321664,3.05525,K48-32K,RTX 5090,1.0
6895632384,2.85601,K48-32K,RTX 5090,1.0
6896943104,2.69385,K48-32K,RTX 5090,1.0
6898253824,2.94244,K48-32K,RTX 5090,1.0
6899564544,2.98448,K48-32K,RTX 5090,1.0
6900875264,2.54449,K48-32K,RTX 5090,1.0
6902185984,2.73883,K48-32K,RTX 5090,1.0
6903496704,2.45245,K48-32K,RTX 5090,1.0
6904807424,2.92,K48-32K,RTX 5090,1.0
6906118144,2.45661,K48-32K,RTX 5090,1.0
6907428864,2.94011,K48-32K,RTX 5090,1.0
6908739584,2.755,K48-32K,RTX 5090,1.0
6910050304,2.68765,K48-32K,RTX 5090,1.0
6911361024,2.846,K48-32K,RTX 5090,1.0
6912671744,2.54413,K48-32K,RTX 5090,1.0
6913982464,2.85217,K48-32K,RTX 5090,1.0
6915293184,2.78998,K48-32K,RTX 5090,1.0
6916603904,2.67099,K48-32K,RTX 5090,1.0
6917914624,2.91577,K48-32K,RTX 5090,1.0
6919225344,2.61788,K48-32K,RTX 5090,1.0
6920536064,2.5514,K48-32K,RTX 5090,1.0
6921846784,2.40139,K48-32K,RTX 5090,1.0
6923157504,2.71036,K48-32K,RTX 5090,1.0
6924468224,2.9861,K48-32K,RTX 5090,1.0
6925778944,2.71903,K48-32K,RTX 5090,1.0
6927089664,2.73495,K48-32K,RTX 5090,1.0
6928400384,2.76637,K48-32K,RTX 5090,1.0
6929711104,2.72554,K48-32K,RTX 5090,1.0
6931021824,2.78583,K48-32K,RTX 5090,1.0
6932332544,2.7735,K48-32K,RTX 5090,1.0
6933643264,2.72809,K48-32K,RTX 5090,1.0
6934953984,2.99364,K48-32K,RTX 5090,1.0
6936264704,2.85239,K48-32K,RTX 5090,1.0
6937575424,2.7587,K48-32K,RTX 5090,1.0
6938886144,2.63243,K48-32K,RTX 5090,1.0
6940196864,2.92531,K48-32K,RTX 5090,1.0
6941507584,2.77741,K48-32K,RTX 5090,1.0
6942818304,2.49081,K48-32K,RTX 5090,1.0
6944129024,2.50636,K48-32K,RTX 5090,1.0
6945439744,2.99225,K48-32K,RTX 5090,1.0
6946750464,2.896,K48-32K,RTX 5090,1.0
6948061184,2.67853,K48-32K,RTX 5090,1.0
6949371904,3.00662,K48-32K,RTX 5090,1.0
6950682624,2.77897,K48-32K,RTX 5090,1.0
6951993344,2.6464,K48-32K,RTX 5090,1.0
6953304064,2.94806,K48-32K,RTX 5090,1.0
6954614784,2.85958,K48-32K,RTX 5090,1.0
6955925504,2.913,K48-32K,RTX 5090,1.0
6957236224,2.76733,K48-32K,RTX 5090,1.0
6958546944,2.94568,K48-32K,RTX 5090,1.0
6959857664,2.81263,K48-32K,RTX 5090,1.0
6961168384,3.0249,K48-32K,RTX 5090,1.0
6962479104,2.67438,K48-32K,RTX 5090,1.0
6963789824,2.71379,K48-32K,RTX 5090,1.0
6965100544,2.76783,K48-32K,RTX 5090,1.0
6966411264,2.53255,K48-32K,RTX 5090,1.0
6967721984,2.77676,K48-32K,RTX 5090,1.0
6969032704,2.78159,K48-32K,RTX 5090,1.0
6970343424,3.00067,K48-32K,RTX 5090,1.0
6971654144,2.91185,K48-32K,RTX 5090,1.0
6972964864,2.8681,K48-32K,RTX 5090,1.0
6974275584,2.73598,K48-32K,RTX 5090,1.0
6975586304,2.84183,K48-32K,RTX 5090,1.0
6976897024,2.88245,K48-32K,RTX 5090,1.0
6978207744,2.6706,K48-32K,RTX 5090,1.0
6979518464,2.65033,K48-32K,RTX 5090,1.0
6980829184,2.66078,K48-32K,RTX 5090,1.0
6982139904,2.70207,K48-32K,RTX 5090,1.0
6983450624,2.91568,K48-32K,RTX 5090,1.0
6984761344,2.87256,K48-32K,RTX 5090,1.0
6986072064,2.84209,K48-32K,RTX 5090,1.0
6987382784,2.88028,K48-32K,RTX 5090,1.0
6988693504,2.83811,K48-32K,RTX 5090,1.0
6990004224,2.78859,K48-32K,RTX 5090,1.0
6991314944,3.04513,K48-32K,RTX 5090,1.0
6992625664,2.70936,K48-32K,RTX 5090,1.0
6993936384,2.64919,K48-32K,RTX 5090,1.0
6995247104,2.91933,K48-32K,RTX 5090,1.0
6996557824,2.83211,K48-32K,RTX 5090,1.0
6997868544,2.86787,K48-32K,RTX 5090,1.0
6999179264,2.8444,K48-32K,RTX 5090,1.0
7000489984,3.00147,K60,RTX 5090,1.0
7001800704,3.15808,K60,RTX 5090,1.0
7003111424,3.04383,K60,RTX 5090,1.0
7004422144,2.9921,K60,RTX 5090,1.0
7005732864,2.89504,K60,RTX 5090,1.0
7007043584,2.99667,K60,RTX 5090,1.0
7008354304,2.96145,K60,RTX 5090,1.0
7009665024,3.0172,K60,RTX 5090,1.0
7010975744,2.96827,K60,RTX 5090,1.0
7012286464,2.98663,K60,RTX 5090,1.0
7013597184,3.11267,K60,RTX 5090,1.0
7014907904,3.00602,K60,RTX 5090,1.0
7016218624,2.94602,K60,RTX 5090,1.0
7017529344,2.86701,K60,RTX 5090,1.0
7018840064,2.93116,K60,RTX 5090,1.0
7020150784,3.14334,K60,RTX 5090,1.0
7021461504,2.95685,K60,RTX 5090,1.0
7022772224,3.02348,K60,RTX 5090,1.0
7024082944,2.88566,K60,RTX 5090,1.0
7025393664,3.00268,K60,RTX 5090,1.0
7026704384,2.88922,K60,RTX 5090,1.0
7028015104,3.00716,K60,RTX 5090,1.0
7029325824,3.0305,K60,RTX 5090,1.0
7030636544,3.013,K60,RTX 5090,1.0
7031947264,2.8739,K60,RTX 5090,1.0
7033257984,2.81551,K60,RTX 5090,1.0
7034568704,2.95205,K60,RTX 5090,1.0
7035879424,2.83686,K60,RTX 5090,1.0
7037190144,3.11226,K60,RTX 5090,1.0
7038500864,2.82114,K60,RTX 5090,1.0
7039811584,2.978,K60,RTX 5090,1.0
7041122304,2.88583,K60,RTX 5090,1.0
7042433024,2.84427,K60,RTX 5090,1.0
7043743744,2.92926,K60,RTX 5090,1.0
7045054464,2.91687,K60,RTX 5090,1.0
7046365184,2.86525,K60,RTX 5090,1.0
7047675904,2.92653,K60,RTX 5090,1.0
7048986624,3.018,K60,RTX 5090,1.0
7050297344,2.91846,K60,RTX 5090,1.0
7051608064,2.92513,K60,RTX 5090,1.0
7052918784,2.89342,K60,RTX 5090,1.0
7054229504,3.13212,K60,RTX 5090,1.0
7055540224,3.04636,K60,RTX 5090,1.0
7056850944,2.89312,K60,RTX 5090,1.0
7058161664,2.99343,K60,RTX 5090,1.0
7059472384,2.72872,K60,RTX 5090,1.0
7060783104,2.97474,K60,RTX 5090,1.0
7062093824,2.80503,K60,RTX 5090,1.0
7063404544,2.9839,K60,RTX 5090,1.0
7064715264,2.84316,K60,RTX 5090,1.0
7066025984,3.06005,K60,RTX 5090,1.0
7067336704,2.98506,K60,RTX 5090,1.0
7068647424,2.96362,K60,RTX 5090,1.0
7069958144,2.96257,K60,RTX 5090,1.0
7071268864,2.94275,K60,RTX 5090,1.0
7072579584,2.8726,K60,RTX 5090,1.0
7073890304,2.90339,K60,RTX 5090,1.0
7075201024,3.0994,K60,RTX 5090,1.0
7076511744,2.9044,K60,RTX 5090,1.0
7077822464,2.95025,K60,RTX 5090,1.0
7079133184,2.78603,K60,RTX 5090,1.0
7080443904,2.97626,K60,RTX 5090,1.0
7081754624,2.9149,K60,RTX 5090,1.0
7083065344,2.87576,K60,RTX 5090,1.0
7084376064,2.96748,K60,RTX 5090,1.0
7085686784,2.88893,K60,RTX 5090,1.0
7086997504,2.8609,K60,RTX 5090,1.0
7088308224,2.72391,K60,RTX 5090,1.0
7089618944,3.01739,K60,RTX 5090,1.0
7090929664,2.92614,K60,RTX 5090,1.0
7092240384,2.87699,K60,RTX 5090,1.0
7093551104,2.92458,K60,RTX 5090,1.0
7094861824,2.8984,K60,RTX 5090,1.0
7096172544,2.95485,K60,RTX 5090,1.0
7097483264,2.91954,K60,RTX 5090,1.0
7098793984,2.89349,K60,RTX 5090,1.0
7100104704,2.90287,K60,RTX 5090,1.0
7101415424,2.96616,K60,RTX 5090,1.0
7102726144,2.92625,K60,RTX 5090,1.0
7104036864,2.94656,K60,RTX 5090,1.0
7105347584,2.90647,K60,RTX 5090,1.0
7106658304,3.03998,K60,RTX 5090,1.0
7107969024,2.94416,K60,RTX 5090,1.0
7109279744,2.80748,K60,RTX 5090,1.0
7110590464,3.04518,K60,RTX 5090,1.0
7111901184,2.80189,K60,RTX 5090,1.0
7113211904,2.89929,K60,RTX 5090,1.0
7114522624,2.93971,K60,RTX 5090,1.0
7115833344,3.04206,K60,RTX 5090,1.0
7117144064,2.93288,K60,RTX 5090,1.0
7118454784,2.95367,K60,RTX 5090,1.0
7119765504,2.94647,K60,RTX 5090,1.0
7121076224,2.83091,K60,RTX 5090,1.0
7122386944,2.96516,K60,RTX 5090,1.0
7123697664,2.76821,K60,RTX 5090,1.0
7125008384,2.99209,K60,RTX 5090,1.0
7126319104,2.96985,K60,RTX 5090,1.0
7127629824,2.82705,K60,RTX 5090,1.0
7128940544,2.83863,K60,RTX 5090,1.0
7130251264,2.88468,K60,RTX 5090,1.0
7131561984,2.96421,K60,RTX 5090,1.0
7132872704,2.81869,K60,RTX 5090,1.0
7134183424,2.8625,K60,RTX 5090,1.0
7135494144,2.95979,K60,RTX 5090,1.0
7136804864,2.95359,K60,RTX 5090,1.0
7138115584,2.93406,K60,RTX 5090,1.0
7139426304,2.80847,K60,RTX 5090,1.0
7140737024,2.90983,K60,RTX 5090,1.0
7142047744,2.90027,K60,RTX 5090,1.0
7143358464,2.91971,K60,RTX 5090,1.0
7144669184,2.88386,K60,RTX 5090,1.0
7145979904,2.92101,K60,RTX 5090,1.0
7147290624,2.75633,K60,RTX 5090,1.0
7148601344,3.04411,K60,RTX 5090,1.0
7149912064,2.85059,K60,RTX 5090,1.0
7151222784,2.9525,K60,RTX 5090,1.0
7152533504,2.74696,K60,RTX 5090,1.0
7153844224,3.00316,K60,RTX 5090,1.0
7155154944,2.91788,K60,RTX 5090,1.0
7156465664,2.92988,K60,RTX 5090,1.0
7157776384,3.03645,K60,RTX 5090,1.0
7159087104,2.99784,K60,RTX 5090,1.0
7160397824,3.00019,K60,RTX 5090,1.0
7161708544,2.92043,K60,RTX 5090,1.0
7163019264,3.01895,K60,RTX 5090,1.0
7164329984,2.86311,K60,RTX 5090,1.0
7165640704,2.87553,K60,RTX 5090,1.0
7166951424,2.91612,K60,RTX 5090,1.0
7168262144,3.04439,K60,RTX 5090,1.0
7169572864,2.94111,K60,RTX 5090,1.0
7170883584,2.8437,K60,RTX 5090,1.0
7172194304,2.8727,K60,RTX 5090,1.0
7173505024,2.83608,K60,RTX 5090,1.0
7174815744,2.94213,K60,RTX 5090,1.0
7176126464,2.69877,K60,RTX 5090,1.0
7177437184,2.94065,K60,RTX 5090,1.0
7178747904,3.00256,K60,RTX 5090,1.0
7180058624,2.81164,K60,RTX 5090,1.0
7181369344,2.79035,K60,RTX 5090,1.0
7182680064,2.99412,K60,RTX 5090,1.0
7183990784,2.99164,K60,RTX 5090,1.0
7185301504,2.83943,K60,RTX 5090,1.0
7186612224,2.93173,K60,RTX 5090,1.0
7187922944,3.0288,K60,RTX 5090,1.0
7189233664,2.9479,K60,RTX 5090,1.0
7190544384,2.85123,K60,RTX 5090,1.0
7191855104,2.8377,K60,RTX 5090,1.0
7193165824,2.98727,K60,RTX 5090,1.0
7194476544,2.901,K60,RTX 5090,1.0
7195787264,3.01913,K60,RTX 5090,1.0
7197097984,2.83017,K60,RTX 5090,1.0
7198408704,3.01205,K60,RTX 5090,1.0
7199719424,2.93183,K60,RTX 5090,1.0
7201030144,2.88018,K60,RTX 5090,1.0
7202340864,2.86464,K60,RTX 5090,1.0
7203651584,3.00674,K60,RTX 5090,1.0
7204962304,2.81995,K60,RTX 5090,1.0
7206273024,2.91938,K60,RTX 5090,1.0
7207583744,2.93821,K60,RTX 5090,1.0
7208894464,2.81263,K60,RTX 5090,1.0
7210205184,2.83362,K60,RTX 5090,1.0
7211515904,2.77891,K60,RTX 5090,1.0
7212826624,2.83982,K60,RTX 5090,1.0
7214137344,3.00436,K60,RTX 5090,1.0
7215448064,2.92685,K60,RTX 5090,1.0
7216758784,2.84335,K60,RTX 5090,1.0
7218069504,2.88327,K60,RTX 5090,1.0
7219380224,2.93545,K60,RTX 5090,1.0
7220690944,3.04442,K60,RTX 5090,1.0
7222001664,2.9225,K60,RTX 5090,1.0
7223312384,3.0174,K60,RTX 5090,1.0
7224623104,3.07687,K60,RTX 5090,1.0
7225933824,2.96987,K60,RTX 5090,1.0
7227244544,2.88496,K60,RTX 5090,1.0
7228555264,2.90198,K60,RTX 5090,1.0
7229865984,2.81884,K60,RTX 5090,1.0
7231176704,2.88147,K60,RTX 5090,1.0
7232487424,2.83547,K60,RTX 5090,1.0
7233798144,2.89077,K60,RTX 5090,1.0
7235108864,2.92833,K60,RTX 5090,1.0
7236419584,2.93398,K60,RTX 5090,1.0
7237730304,2.76054,K60,RTX 5090,1.0
7239041024,2.90406,K60,RTX 5090,1.0
7240351744,2.86467,K60,RTX 5090,1.0
7241662464,2.89028,K60,RTX 5090,1.0
7242973184,2.90037,K60,RTX 5090,1.0
7244283904,2.97351,K60,RTX 5090,1.0
7245594624,2.9226,K60,RTX 5090,1.0
7246905344,2.78803,K60,RTX 5090,1.0
7248216064,2.87028,K60,RTX 5090,1.0
7249526784,2.84333,K60,RTX 5090,1.0
7250837504,3.05946,K60,RTX 5090,1.0
7252148224,2.82131,K60,RTX 5090,1.0
7253458944,2.91549,K60,RTX 5090,1.0
7254769664,3.02487,K60,RTX 5090,1.0
7256080384,2.89653,K60,RTX 5090,1.0
7257391104,2.83312,K60,RTX 5090,1.0
7258701824,2.84965,K60,RTX 5090,1.0
7260012544,2.76286,K60,RTX 5090,1.0
7261323264,2.79493,K60,RTX 5090,1.0
7262633984,2.98518,K60,RTX 5090,1.0
7263944704,2.84389,K60,RTX 5090,1.0
7265255424,3.00342,K60,RTX 5090,1.0
7266566144,2.86512,K60,RTX 5090,1.0
7267876864,2.93558,K60,RTX 5090,1.0
7269187584,2.8617,K60,RTX 5090,1.0
7270498304,2.8884,K60,RTX 5090,1.0
7271809024,2.82618,K60,RTX 5090,1.0
7273119744,2.70423,K60,RTX 5090,1.0
7274430464,2.94943,K60,RTX 5090,1.0
7275741184,3.06895,K60,RTX 5090,1.0
7277051904,2.88686,K60,RTX 5090,1.0
7278362624,2.84758,K60,RTX 5090,1.0
7279673344,2.80195,K60,RTX 5090,1.0
7280984064,2.89442,K60,RTX 5090,1.0
7282294784,2.74506,K60,RTX 5090,1.0
7283605504,2.83739,K60,RTX 5090,1.0
7284916224,2.84027,K60,RTX 5090,1.0
7286226944,3.16798,K60,RTX 5090,1.0
7287537664,2.8698,K60,RTX 5090,1.0
7288848384,2.96131,K60,RTX 5090,1.0
7290159104,2.91994,K60,RTX 5090,1.0
7291469824,2.76516,K60,RTX 5090,1.0
7292780544,2.85145,K60,RTX 5090,1.0
7294091264,2.93501,K60,RTX 5090,1.0
7295401984,2.93037,K60,RTX 5090,1.0
7296712704,2.84573,K60,RTX 5090,1.0
7298023424,2.89735,K60,RTX 5090,1.0
7299334144,2.78834,K60,RTX 5090,1.0
7300644864,2.95092,K60,RTX 5090,1.0
7301955584,2.82764,K60,RTX 5090,1.0
7303266304,3.01118,K60,RTX 5090,1.0
7304577024,2.7342,K60,RTX 5090,1.0
7305887744,2.97737,K60,RTX 5090,1.0
7307198464,2.85981,K60,RTX 5090,1.0
7308509184,2.83782,K60,RTX 5090,1.0
7309819904,2.98302,K60,RTX 5090,1.0
7311130624,2.86303,K60,RTX 5090,1.0
7312441344,3.00963,K60,RTX 5090,1.0
7313752064,2.81669,K60,RTX 5090,1.0
7315062784,2.95998,K60,RTX 5090,1.0
7316373504,3.05452,K60,RTX 5090,1.0
7317684224,2.83363,K60,RTX 5090,1.0
7318994944,2.95048,K60,RTX 5090,1.0
7320305664,2.94651,K60,RTX 5090,1.0
7321616384,2.96107,K60,RTX 5090,1.0
7322927104,2.78603,K60,RTX 5090,1.0
7324237824,2.88421,K60,RTX 5090,1.0
7325548544,2.71611,K60,RTX 5090,1.0
7326859264,2.94012,K60,RTX 5090,1.0
7328169984,2.8001,K60,RTX 5090,1.0
7329480704,2.8698,K60,RTX 5090,1.0
7330791424,2.93327,K60,RTX 5090,1.0
7332102144,2.78022,K60,RTX 5090,1.0
7333412864,2.98336,K60,RTX 5090,1.0
7334723584,2.7572,K60,RTX 5090,1.0
7336034304,2.99219,K60,RTX 5090,1.0
7337345024,2.9235,K60,RTX 5090,1.0
7338655744,2.99911,K60,RTX 5090,1.0
7339966464,2.93839,K60,RTX 5090,1.0
7341277184,2.86874,K60,RTX 5090,1.0
7342587904,2.84128,K60,RTX 5090,1.0
7343898624,2.84282,K60,RTX 5090,1.0
7345209344,2.86687,K60,RTX 5090,1.0
7346520064,2.85621,K60,RTX 5090,1.0
7347830784,2.96347,K60,RTX 5090,1.0
7349141504,2.84314,K60,RTX 5090,1.0
7350452224,2.92159,K60,RTX 5090,1.0
7351762944,2.86338,K60,RTX 5090,1.0
7353073664,2.85371,K60,RTX 5090,1.0
7354384384,2.97852,K60,RTX 5090,1.0
7355695104,2.90151,K60,RTX 5090,1.0
7357005824,2.99361,K60,RTX 5090,1.0
7358316544,2.93146,K60,RTX 5090,1.0
7359627264,2.90498,K60,RTX 5090,1.0
7360937984,2.79261,K60,RTX 5090,1.0
7362248704,2.96627,K60,RTX 5090,1.0
7363559424,2.87568,K60,RTX 5090,1.0
7364870144,2.9161,K60,RTX 5090,1.0
7366180864,2.87066,K60,RTX 5090,1.0
7367491584,2.9138,K60,RTX 5090,1.0
7368802304,3.02564,K60,RTX 5090,1.0
7370113024,2.78545,K60,RTX 5090,1.0
7371423744,2.7822,K60,RTX 5090,1.0
7372734464,2.98728,K60,RTX 5090,1.0
7374045184,2.93492,K60,RTX 5090,1.0
7375355904,2.70638,K60,RTX 5090,1.0
7376666624,2.87571,K60,RTX 5090,1.0
7377977344,2.89888,K60,RTX 5090,1.0
7379288064,2.7752,K60,RTX 5090,1.0
7380598784,2.81249,K60,RTX 5090,1.0
7381909504,3.00804,K60,RTX 5090,1.0
7383220224,3.03432,K60,RTX 5090,1.0
7384530944,2.91447,K60,RTX 5090,1.0
7385841664,2.86972,K60,RTX 5090,1.0
7387152384,2.81897,K60,RTX 5090,1.0
7388463104,3.06675,K60,RTX 5090,1.0
7389773824,2.81467,K60,RTX 5090,1.0
7391084544,2.83023,K60,RTX 5090,1.0
7392395264,2.98615,K60,RTX 5090,1.0
7393705984,2.77151,K60,RTX 5090,1.0
7395016704,2.93522,K60,RTX 5090,1.0
7396327424,2.76484,K60,RTX 5090,1.0
7397638144,2.87748,K60,RTX 5090,1.0
7398948864,2.90065,K60,RTX 5090,1.0
7400259584,2.9067,K60,RTX 5090,1.0
7401570304,2.94335,K60,RTX 5090,1.0
7402881024,2.91773,K60,RTX 5090,1.0
7404191744,2.9128,K60,RTX 5090,1.0
7405502464,2.75402,K60,RTX 5090,1.0
7406813184,2.94324,K60,RTX 5090,1.0
7408123904,2.796,K60,RTX 5090,1.0
7409434624,2.90841,K60,RTX 5090,1.0
7410745344,2.84715,K60,RTX 5090,1.0
7412056064,2.70479,K60,RTX 5090,1.0
7413366784,2.89825,K60,RTX 5090,1.0
7414677504,2.80636,K60,RTX 5090,1.0
7415988224,2.84111,K60,RTX 5090,1.0
7417298944,2.89567,K60,RTX 5090,1.0
7418609664,2.88554,K60,RTX 5090,1.0
7419920384,2.77961,K60,RTX 5090,1.0
7421231104,2.88322,K60,RTX 5090,1.0
7422541824,2.79398,K60,RTX 5090,1.0
7423852544,3.00389,K60,RTX 5090,1.0
7425163264,2.96683,K60,RTX 5090,1.0
7426473984,2.826,K60,RTX 5090,1.0
7427784704,2.93818,K60,RTX 5090,1.0
7429095424,2.86823,K60,RTX 5090,1.0
7430406144,2.88976,K60,RTX 5090,1.0
7431716864,2.72484,K60,RTX 5090,1.0
7433027584,2.87172,K60,RTX 5090,1.0
7434338304,2.93043,K60,RTX 5090,1.0
7435649024,2.85875,K60,RTX 5090,1.0
7436959744,2.80245,K60,RTX 5090,1.0
7438270464,2.89315,K60,RTX 5090,1.0
7439581184,2.71882,K60,RTX 5090,1.0
7440891904,2.81037,K60,RTX 5090,1.0
7442202624,2.9357,K60,RTX 5090,1.0
7443513344,3.11002,K60,RTX 5090,1.0
7444824064,3.03032,K60,RTX 5090,1.0
7446134784,2.87275,K60,RTX 5090,1.0
7447445504,2.92387,K60,RTX 5090,1.0
7448756224,2.89961,K60,RTX 5090,1.0
7450066944,2.92662,K60,RTX 5090,1.0
7451377664,2.91124,K60,RTX 5090,1.0
7452688384,2.92825,K60,RTX 5090,1.0
7453999104,3.01255,K60,RTX 5090,1.0
7455309824,3.04179,K60,RTX 5090,1.0
7456620544,2.81153,K60,RTX 5090,1.0
7457931264,2.75185,K60,RTX 5090,1.0
7459241984,2.78487,K60,RTX 5090,1.0
7460552704,2.84673,K60,RTX 5090,1.0
7461863424,2.93553,K60,RTX 5090,1.0
7463174144,2.81065,K60,RTX 5090,1.0
7464484864,2.86591,K60,RTX 5090,1.0
7465795584,2.82936,K60,RTX 5090,1.0
7467106304,2.74434,K60,RTX 5090,1.0
7468417024,2.89111,K60,RTX 5090,1.0
7469727744,2.94697,K60,RTX 5090,1.0
7471038464,2.94488,K60,RTX 5090,1.0
7472349184,2.73791,K60,RTX 5090,1.0
7473659904,2.99198,K60,RTX 5090,1.0
7474970624,2.95322,K60,RTX 5090,1.0
7476281344,2.92804,K60,RTX 5090,1.0
7477592064,2.94777,K60,RTX 5090,1.0
7478902784,2.91751,K60,RTX 5090,1.0
7480213504,2.78262,K60,RTX 5090,1.0
7481524224,2.83248,K60,RTX 5090,1.0
7482834944,2.83488,K60,RTX 5090,1.0
7484145664,2.81963,K60,RTX 5090,1.0
7485456384,3.00819,K60,RTX 5090,1.0
7486767104,2.84149,K60,RTX 5090,1.0
7488077824,2.90274,K60,RTX 5090,1.0
7489388544,2.91115,K60,RTX 5090,1.0
7490699264,2.81658,K60,RTX 5090,1.0
7492009984,2.91136,K60,RTX 5090,1.0
7493320704,2.75472,K60,RTX 5090,1.0
7494631424,2.875,K60,RTX 5090,1.0
7495942144,2.90923,K60,RTX 5090,1.0
7497252864,2.91615,K60,RTX 5090,1.0
7498563584,2.86806,K60,RTX 5090,1.0
7499874304,2.85418,K60,RTX 5090,1.0
7501185024,2.97986,K60,RTX 5090,1.0
7502495744,2.87015,K60,RTX 5090,1.0
7503806464,2.82398,K60,RTX 5090,1.0
7505117184,2.9127,K60,RTX 5090,1.0
7506427904,2.87955,K60,RTX 5090,1.0
7507738624,2.75606,K60,RTX 5090,1.0
7509049344,2.8512,K60,RTX 5090,1.0
7510360064,2.92496,K60,RTX 5090,1.0
7511670784,2.82351,K60,RTX 5090,1.0
7512981504,2.85372,K60,RTX 5090,1.0
7514292224,2.85676,K60,RTX 5090,1.0
7515602944,2.90312,K60,RTX 5090,1.0
7516913664,3.03495,K60,RTX 5090,1.0
7518224384,2.84426,K60,RTX 5090,1.0
7519535104,2.86502,K60,RTX 5090,1.0
7520845824,2.84995,K60,RTX 5090,1.0
7522156544,2.77329,K60,RTX 5090,1.0
7523467264,2.79955,K60,RTX 5090,1.0
7524777984,2.77726,K60,RTX 5090,1.0
7526088704,2.86607,K60,RTX 5090,1.0
7527399424,2.86213,K60,RTX 5090,1.0
7528710144,2.80995,K60,RTX 5090,1.0
7530020864,2.98469,K60,RTX 5090,1.0
7531331584,2.91163,K60,RTX 5090,1.0
7532642304,2.96498,K60,RTX 5090,1.0
7533953024,2.62736,K60,RTX 5090,1.0
7535263744,3.01188,K60,RTX 5090,1.0
7536574464,2.87782,K60,RTX 5090,1.0
7537885184,2.99169,K60,RTX 5090,1.0
7539195904,2.81569,K60,RTX 5090,1.0
7540506624,2.8265,K60,RTX 5090,1.0
7541817344,2.89542,K60,RTX 5090,1.0
7543128064,2.71767,K60,RTX 5090,1.0
7544438784,2.87818,K60,RTX 5090,1.0
7545749504,2.73945,K60,RTX 5090,1.0
7547060224,2.98303,K60,RTX 5090,1.0
7548370944,2.78593,K60,RTX 5090,1.0
7549681664,2.83984,K60,RTX 5090,1.0
7550992384,2.88286,K60,RTX 5090,1.0
7552303104,2.85205,K60,RTX 5090,1.0
7553613824,2.89656,K60,RTX 5090,1.0
7554924544,2.78957,K60,RTX 5090,1.0
7556235264,2.88106,K60,RTX 5090,1.0
7557545984,3.02381,K60,RTX 5090,1.0
7558856704,2.83599,K60,RTX 5090,1.0
7560167424,2.83664,K60,RTX 5090,1.0
7561478144,2.937,K60,RTX 5090,1.0
7562788864,2.90383,K60,RTX 5090,1.0
7564099584,2.85592,K60,RTX 5090,1.0
7565410304,2.76643,K60,RTX 5090,1.0
7566721024,2.89466,K60,RTX 5090,1.0
7568031744,3.01777,K60,RTX 5090,1.0
7569342464,2.80838,K60,RTX 5090,1.0
7570653184,2.93538,K60,RTX 5090,1.0
7571963904,2.88451,K60,RTX 5090,1.0
7573274624,2.89382,K60,RTX 5090,1.0
7574585344,2.84483,K60,RTX 5090,1.0
7575896064,2.90504,K60,RTX 5090,1.0
7577206784,2.79556,K60,RTX 5090,1.0
7578517504,2.82976,K60,RTX 5090,1.0
7579828224,2.84146,K60,RTX 5090,1.0
7581138944,2.877,K60,RTX 5090,1.0
7582449664,2.99717,K60,RTX 5090,1.0
7583760384,2.9262,K60,RTX 5090,1.0
7585071104,2.75133,K60,RTX 5090,1.0
7586381824,2.74972,K60,RTX 5090,1.0
7587692544,2.86978,K60,RTX 5090,1.0
7589003264,2.78629,K60,RTX 5090,1.0
7590313984,2.88935,K60,RTX 5090,1.0
7591624704,2.83744,K60,RTX 5090,1.0
7592935424,2.95494,K60,RTX 5090,1.0
7594246144,2.87917,K60,RTX 5090,1.0
7595556864,2.67376,K60,RTX 5090,1.0
7596867584,2.86335,K60,RTX 5090,1.0
7598178304,2.83673,K60,RTX 5090,1.0
7599489024,2.88197,K60,RTX 5090,1.0
7600799744,2.81765,K60,RTX 5090,1.0
7602110464,2.92342,K60,RTX 5090,1.0
7603421184,3.02553,K60,RTX 5090,1.0
7604731904,2.70415,K60,RTX 5090,1.0
7606042624,2.86564,K60,RTX 5090,1.0
7607353344,2.80204,K60,RTX 5090,1.0
7608664064,2.94992,K60,RTX 5090,1.0
7609974784,2.86355,K60,RTX 5090,1.0
7611285504,2.67757,K60,RTX 5090,1.0
7612596224,2.86027,K60,RTX 5090,1.0
7613906944,2.84943,K60,RTX 5090,1.0
7615217664,2.78074,K60,RTX 5090,1.0
7616528384,2.81831,K60,RTX 5090,1.0
7617839104,2.78578,K60,RTX 5090,1.0
7619149824,2.95042,K60,RTX 5090,1.0
7620460544,2.92971,K60,RTX 5090,1.0
7621771264,2.74532,K60,RTX 5090,1.0
7623081984,3.04122,K60,RTX 5090,1.0
7624392704,3.03412,K60,RTX 5090,1.0
7625703424,2.88421,K60,RTX 5090,1.0
7627014144,2.98781,K60,RTX 5090,1.0
7628324864,2.84672,K60,RTX 5090,1.0
7629635584,2.94486,K60,RTX 5090,1.0
7630946304,2.75186,K60,RTX 5090,1.0
7632257024,2.87271,K60,RTX 5090,1.0
7633567744,2.82968,K60,RTX 5090,1.0
7634878464,2.92911,K60,RTX 5090,1.0
7636189184,2.82498,K60,RTX 5090,1.0
7637499904,2.80276,K60,RTX 5090,1.0
7638810624,2.76025,K60,RTX 5090,1.0
7640121344,2.80799,K60,RTX 5090,1.0
7641432064,2.88927,K60,RTX 5090,1.0
7642742784,2.90261,K60,RTX 5090,1.0
7644053504,2.97884,K60,RTX 5090,1.0
7645364224,2.95618,K60,RTX 5090,1.0
7646674944,2.91534,K60,RTX 5090,1.0
7647985664,2.89305,K60,RTX 5090,1.0
7649296384,2.99268,K60,RTX 5090,1.0
7650607104,2.91587,K60,RTX 5090,1.0
7651917824,2.88119,K60,RTX 5090,1.0
7653228544,2.9588,K60,RTX 5090,1.0
7654539264,2.97861,K60,RTX 5090,1.0
7655849984,2.75338,K60,RTX 5090,1.0
7657160704,2.68918,K60,RTX 5090,1.0
7658471424,2.93275,K60,RTX 5090,1.0
7659782144,2.80752,K60,RTX 5090,1.0
7661092864,2.84555,K60,RTX 5090,1.0
7662403584,2.87387,K60,RTX 5090,1.0
7663714304,2.80257,K60,RTX 5090,1.0
7665025024,2.93107,K60,RTX 5090,1.0
7666335744,2.72235,K60,RTX 5090,1.0
7667646464,2.94358,K60,RTX 5090,1.0
7668957184,2.87651,K60,RTX 5090,1.0
7670267904,2.88945,K60,RTX 5090,1.0
7671578624,2.95929,K60,RTX 5090,1.0
7672889344,2.89097,K60,RTX 5090,1.0
7674200064,2.92196,K60,RTX 5090,1.0
7675510784,2.98635,K60,RTX 5090,1.0
7676821504,2.88993,K60,RTX 5090,1.0
7678132224,2.80529,K60,RTX 5090,1.0
7679442944,2.92927,K60,RTX 5090,1.0
7680753664,2.86891,K60,RTX 5090,1.0
7682064384,2.89248,K60,RTX 5090,1.0
7683375104,2.8761,K60,RTX 5090,1.0
7684685824,2.97051,K60,RTX 5090,1.0
7685996544,2.94589,K60,RTX 5090,1.0
7687307264,2.86705,K60,RTX 5090,1.0
7688617984,2.91818,K60,RTX 5090,1.0
7689928704,2.82806,K60,RTX 5090,1.0
7691239424,2.97565,K60,RTX 5090,1.0
7692550144,2.7484,K60,RTX 5090,1.0
7693860864,2.92154,K60,RTX 5090,1.0
7695171584,2.83865,K60,RTX 5090,1.0
7696482304,2.7804,K60,RTX 5090,1.0
7697793024,2.88032,K60,RTX 5090,1.0
7699103744,2.79129,K60,RTX 5090,1.0
7700414464,2.89298,K60,RTX 5090,1.0
7701725184,2.82042,K60,RTX 5090,1.0
7703035904,2.91825,K60,RTX 5090,1.0
7704346624,2.88851,K60,RTX 5090,1.0
7705657344,3.08402,K60,RTX 5090,1.0
7706968064,2.89596,K60,RTX 5090,1.0
7708278784,2.9094,K60,RTX 5090,1.0
7709589504,2.861,K60,RTX 5090,1.0
7710900224,2.90129,K60,RTX 5090,1.0
7712210944,2.85604,K60,RTX 5090,1.0
7713521664,2.71732,K60,RTX 5090,1.0
7714832384,2.9569,K60,RTX 5090,1.0
7716143104,2.97543,K60,RTX 5090,1.0
7717453824,2.83262,K60,RTX 5090,1.0
7718764544,2.78209,K60,RTX 5090,1.0
7720075264,2.97189,K60,RTX 5090,1.0
7721385984,2.72464,K60,RTX 5090,1.0
7722696704,2.78317,K60,RTX 5090,1.0
7724007424,2.85999,K60,RTX 5090,1.0
7725318144,2.79606,K60,RTX 5090,1.0
7726628864,2.83493,K60,RTX 5090,1.0
7727939584,2.79104,K60,RTX 5090,1.0
7729250304,2.90418,K60,RTX 5090,1.0
7730561024,2.90282,K60,RTX 5090,1.0
7731871744,2.91561,K60,RTX 5090,1.0
7733182464,2.79234,K60,RTX 5090,1.0
7734493184,2.94008,K60,RTX 5090,1.0
7735803904,2.84535,K60,RTX 5090,1.0
7737114624,2.95109,K60,RTX 5090,1.0
7738425344,2.79206,K60,RTX 5090,1.0
7739736064,2.83099,K60,RTX 5090,1.0
7741046784,2.9428,K60,RTX 5090,1.0
7742357504,2.89303,K60,RTX 5090,1.0
7743668224,2.83747,K60,RTX 5090,1.0
7744978944,2.8219,K60,RTX 5090,1.0
7746289664,2.81847,K60,RTX 5090,1.0
7747600384,2.91588,K60,RTX 5090,1.0
7748911104,2.93096,K60,RTX 5090,1.0
7750221824,2.90074,K60,RTX 5090,1.0
7751532544,2.78418,K60,RTX 5090,1.0
7752843264,2.86472,K60,RTX 5090,1.0
7754153984,2.72731,K60,RTX 5090,1.0
7755464704,3.02638,K60,RTX 5090,1.0
7756775424,2.92469,K60,RTX 5090,1.0
7758086144,2.88882,K60,RTX 5090,1.0
7759396864,2.75273,K60,RTX 5090,1.0
7760707584,2.87237,K60,RTX 5090,1.0
7762018304,2.96296,K60,RTX 5090,1.0
7763329024,2.98688,K60,RTX 5090,1.0
7764639744,2.89374,K60,RTX 5090,1.0
7765950464,2.77218,K60,RTX 5090,1.0
7767261184,2.94753,K60,RTX 5090,1.0
7768571904,2.99266,K60,RTX 5090,1.0
7769882624,2.88623,K60,RTX 5090,1.0
7771193344,2.80449,K60,RTX 5090,1.0
7772504064,2.91335,K60,RTX 5090,1.0
7773814784,2.83231,K60,RTX 5090,1.0
7775125504,2.84733,K60,RTX 5090,1.0
7776436224,2.90615,K60,RTX 5090,1.0
7777746944,2.8764,K60,RTX 5090,1.0
7779057664,2.90005,K60,RTX 5090,1.0
7780368384,2.80342,K60,RTX 5090,1.0
7781679104,2.96122,K60,RTX 5090,1.0
7782989824,2.94653,K60,RTX 5090,1.0
7784300544,2.88315,K60,RTX 5090,1.0
7785611264,2.855,K60,RTX 5090,1.0
7786921984,2.76646,K60,RTX 5090,1.0
7788232704,2.90505,K60,RTX 5090,1.0
7789543424,2.85904,K60,RTX 5090,1.0
7790854144,2.84472,K60,RTX 5090,1.0
7792164864,2.9023,K60,RTX 5090,1.0
7793475584,2.87704,K60,RTX 5090,1.0
7794786304,2.77312,K60,RTX 5090,1.0
7796097024,2.81101,K60,RTX 5090,1.0
7797407744,2.82315,K60,RTX 5090,1.0
7798718464,2.96134,K60,RTX 5090,1.0
7800029184,2.74711,K60,RTX 5090,1.0
7801339904,2.95396,K60,RTX 5090,1.0
7802650624,3.03066,K60,RTX 5090,1.0
7803961344,2.79951,K60,RTX 5090,1.0
7805272064,2.86759,K60,RTX 5090,1.0
7806582784,2.77662,K60,RTX 5090,1.0
7807893504,2.8768,K60,RTX 5090,1.0
7809204224,2.80573,K60,RTX 5090,1.0
7810514944,2.7389,K60,RTX 5090,1.0
7811825664,2.78641,K60,RTX 5090,1.0
7813136384,2.98767,K60,RTX 5090,1.0
7814447104,2.86442,K60,RTX 5090,1.0
7815757824,2.83539,K60,RTX 5090,1.0
7817068544,2.90654,K60,RTX 5090,1.0
7818379264,2.76803,K60,RTX 5090,1.0
7819689984,2.98952,K60,RTX 5090,1.0
7821000704,2.79824,K60,RTX 5090,1.0
7822311424,2.84998,K60,RTX 5090,1.0
7823622144,3.04991,K60,RTX 5090,1.0
7824932864,2.75142,K60,RTX 5090,1.0
7826243584,2.9013,K60,RTX 5090,1.0
7827554304,2.82169,K60,RTX 5090,1.0
7828865024,3.01924,K60,RTX 5090,1.0
7830175744,2.91849,K60,RTX 5090,1.0
7831486464,2.87181,K60,RTX 5090,1.0
7832797184,2.79113,K60,RTX 5090,1.0
7834107904,2.93368,K60,RTX 5090,1.0
7835418624,2.74035,K60,RTX 5090,1.0
7836729344,2.82964,K60,RTX 5090,1.0
7838040064,2.90968,K60,RTX 5090,1.0
7839350784,2.75383,K60,RTX 5090,1.0
7840661504,2.85492,K60,RTX 5090,1.0
7841972224,2.73262,K60,RTX 5090,1.0
7843282944,2.89574,K60,RTX 5090,1.0
7844593664,2.95962,K60,RTX 5090,1.0
7845904384,2.88805,K60,RTX 5090,1.0
7847215104,2.91099,K60,RTX 5090,1.0
7848525824,2.9049,K60,RTX 5090,1.0
7849836544,2.94694,K60,RTX 5090,1.0
7851147264,2.85924,K60,RTX 5090,1.0
7852457984,2.9838,K60,RTX 5090,1.0
7853768704,2.89235,K60,RTX 5090,1.0
7855079424,2.89133,K60,RTX 5090,1.0
7856390144,2.82586,K60,RTX 5090,1.0
7857700864,2.83247,K60,RTX 5090,1.0
7859011584,2.77923,K60,RTX 5090,1.0
7860322304,2.8039,K60,RTX 5090,1.0
7861633024,2.88346,K60,RTX 5090,1.0
7862943744,2.94274,K60,RTX 5090,1.0
7864254464,2.94039,K60,RTX 5090,1.0
7865565184,2.941,K60,RTX 5090,1.0
7866875904,2.88013,K60,RTX 5090,1.0
7868186624,2.69879,K60,RTX 5090,1.0
7869497344,2.94067,K60,RTX 5090,1.0
7870808064,2.8991,K60,RTX 5090,1.0
7872118784,2.99865,K60,RTX 5090,1.0
7873429504,2.91609,K60,RTX 5090,1.0
7874740224,2.77958,K60,RTX 5090,1.0
7876050944,2.85075,K60,RTX 5090,1.0
7877361664,2.81579,K60,RTX 5090,1.0
7878672384,2.90257,K60,RTX 5090,1.0
7879983104,2.759,K60,RTX 5090,1.0
7881293824,2.97458,K60,RTX 5090,1.0
7882604544,2.78271,K60,RTX 5090,1.0
7883915264,2.76163,K60,RTX 5090,1.0
7885225984,2.90004,K60,RTX 5090,1.0
7886536704,2.92551,K60,RTX 5090,1.0
7887847424,2.9244,K60,RTX 5090,1.0
7889158144,2.83564,K60,RTX 5090,1.0
7890468864,3.01187,K60,RTX 5090,1.0
7891779584,2.7347,K60,RTX 5090,1.0
7893090304,2.91201,K60,RTX 5090,1.0
7894401024,2.72259,K60,RTX 5090,1.0
7895711744,2.75425,K60,RTX 5090,1.0
7897022464,2.83881,K60,RTX 5090,1.0
7898333184,2.80993,K60,RTX 5090,1.0
7899643904,2.9556,K60,RTX 5090,1.0
7900954624,2.7784,K60,RTX 5090,1.0
7902265344,2.91736,K60,RTX 5090,1.0
7903576064,2.77551,K60,RTX 5090,1.0
7904886784,2.88777,K60,RTX 5090,1.0
7906197504,2.92008,K60,RTX 5090,1.0
7907508224,2.83858,K60,RTX 5090,1.0
7908818944,2.86643,K60,RTX 5090,1.0
7910129664,2.93121,K60,RTX 5090,1.0
7911440384,2.83723,K60,RTX 5090,1.0
7912751104,2.75008,K60,RTX 5090,1.0
7914061824,2.93845,K60,RTX 5090,1.0
7915372544,2.82204,K60,RTX 5090,1.0
7916683264,2.91857,K60,RTX 5090,1.0
7917993984,2.83331,K60,RTX 5090,1.0
7919304704,2.94388,K60,RTX 5090,1.0
7920615424,2.89872,K60,RTX 5090,1.0
7921926144,2.80612,K60,RTX 5090,1.0
7923236864,2.6842,K60,RTX 5090,1.0
7924547584,2.93678,K60,RTX 5090,1.0
7925858304,2.95753,K60,RTX 5090,1.0
7927169024,2.76839,K60,RTX 5090,1.0
7928479744,2.83529,K60,RTX 5090,1.0
7929790464,2.84167,K60,RTX 5090,1.0
7931101184,2.90307,K60,RTX 5090,1.0
7932411904,2.74441,K60,RTX 5090,1.0
7933722624,2.84835,K60,RTX 5090,1.0
7935033344,2.84657,K60,RTX 5090,1.0
7936344064,3.03867,K60,RTX 5090,1.0
7937654784,2.96522,K60,RTX 5090,1.0
7938965504,2.76035,K60,RTX 5090,1.0
7940276224,2.94201,K60,RTX 5090,1.0
7941586944,2.83899,K60,RTX 5090,1.0
7942897664,2.85514,K60,RTX 5090,1.0
7944208384,2.79978,K60,RTX 5090,1.0
7945519104,2.95768,K60,RTX 5090,1.0
7946829824,2.85288,K60,RTX 5090,1.0
7948140544,2.85423,K60,RTX 5090,1.0
7949451264,2.84532,K60,RTX 5090,1.0
7950761984,2.92783,K60,RTX 5090,1.0
7952072704,2.88041,K60,RTX 5090,1.0
7953383424,2.69176,K60,RTX 5090,1.0
7954694144,2.77434,K60,RTX 5090,1.0
7956004864,2.76338,K60,RTX 5090,1.0
7957315584,2.95661,K60,RTX 5090,1.0
7958626304,2.80698,K60,RTX 5090,1.0
7959937024,2.83401,K60,RTX 5090,1.0
7961247744,3.03891,K60,RTX 5090,1.0
7962558464,2.83998,K60,RTX 5090,1.0
7963869184,2.87469,K60,RTX 5090,1.0
7965179904,2.71043,K60,RTX 5090,1.0
7966490624,2.8574,K60,RTX 5090,1.0
7967801344,2.91133,K60,RTX 5090,1.0
7969112064,2.90923,K60,RTX 5090,1.0
7970422784,2.89103,K60,RTX 5090,1.0
7971733504,2.82473,K60,RTX 5090,1.0
7973044224,2.93598,K60,RTX 5090,1.0
7974354944,2.86464,K60,RTX 5090,1.0
7975665664,2.85105,K60,RTX 5090,1.0
7976976384,2.86182,K60,RTX 5090,1.0
7978287104,3.00465,K60,RTX 5090,1.0
7979597824,2.76471,K60,RTX 5090,1.0
7980908544,2.86846,K60,RTX 5090,1.0
7982219264,2.8196,K60,RTX 5090,1.0
7983529984,2.84697,K60,RTX 5090,1.0
7984840704,2.88862,K60,RTX 5090,1.0
7986151424,2.82751,K60,RTX 5090,1.0
7987462144,2.8858,K60,RTX 5090,1.0
7988772864,2.85815,K60,RTX 5090,1.0
7990083584,2.94665,K60,RTX 5090,1.0
7991394304,2.94986,K60,RTX 5090,1.0
7992705024,2.8067,K60,RTX 5090,1.0
7994015744,2.89155,K60,RTX 5090,1.0
7995326464,2.82447,K60,RTX 5090,1.0
7996637184,2.84829,K60,RTX 5090,1.0
7997947904,2.84807,K60,RTX 5090,1.0
7999258624,2.9372,K60,RTX 5090,1.0
8000569344,2.9106,K60,RTX 5090,1.0
8001880064,2.87258,K60,RTX 5090,1.0
8003190784,2.80068,K60,RTX 5090,1.0
8004501504,3.02876,K60,RTX 5090,1.0
8005812224,2.8013,K60,RTX 5090,1.0
8007122944,2.85582,K60,RTX 5090,1.0
8008433664,2.90379,K60,RTX 5090,1.0
8009744384,2.76502,K60,RTX 5090,1.0
8011055104,2.85308,K60,RTX 5090,1.0
8012365824,2.92196,K60,RTX 5090,1.0
8013676544,2.91865,K60,RTX 5090,1.0
8014987264,2.8489,K60,RTX 5090,1.0
8016297984,2.87843,K60,RTX 5090,1.0
8017608704,2.82045,K60,RTX 5090,1.0
8018919424,2.84991,K60,RTX 5090,1.0
8020230144,2.78428,K60,RTX 5090,1.0
8021540864,2.91154,K60,RTX 5090,1.0
8022851584,2.98948,K60,RTX 5090,1.0
8024162304,2.65525,K60,RTX 5090,1.0
8025473024,2.9251,K60,RTX 5090,1.0
8026783744,2.70837,K60,RTX 5090,1.0
8028094464,2.97054,K60,RTX 5090,1.0
8029405184,2.88608,K60,RTX 5090,1.0
8030715904,2.86451,K60,RTX 5090,1.0
8032026624,2.8359,K60,RTX 5090,1.0
8033337344,2.8542,K60,RTX 5090,1.0
8034648064,2.9284,K60,RTX 5090,1.0
8035958784,2.80411,K60,RTX 5090,1.0
8037269504,2.80187,K60,RTX 5090,1.0
8038580224,2.83349,K60,RTX 5090,1.0
8039890944,2.93875,K60,RTX 5090,1.0
8041201664,2.83648,K60,RTX 5090,1.0
8042512384,2.73588,K60,RTX 5090,1.0
8043823104,2.79259,K60,RTX 5090,1.0
8045133824,2.80584,K60,RTX 5090,1.0
8046444544,2.87382,K60,RTX 5090,1.0
8047755264,2.85359,K60,RTX 5090,1.0
8049065984,2.88239,K60,RTX 5090,1.0
8050376704,2.81831,K60,RTX 5090,1.0
8051687424,2.88502,K60,RTX 5090,1.0
8052998144,2.69621,K60,RTX 5090,1.0
8054308864,3.08377,K60,RTX 5090,1.0
8055619584,2.84408,K60,RTX 5090,1.0
8056930304,2.80653,K60,RTX 5090,1.0
8058241024,2.9667,K60,RTX 5090,1.0
8059551744,2.71857,K60,RTX 5090,1.0
8060862464,2.78877,K60,RTX 5090,1.0
8062173184,2.76816,K60,RTX 5090,1.0
8063483904,2.86211,K60,RTX 5090,1.0
8064794624,2.91771,K60,RTX 5090,1.0
8066105344,2.8371,K60,RTX 5090,1.0
8067416064,2.89255,K60,RTX 5090,1.0
8068726784,2.83807,K60,RTX 5090,1.0
8070037504,2.81717,K60,RTX 5090,1.0
8071348224,2.91943,K60,RTX 5090,1.0
8072658944,2.92168,K60,RTX 5090,1.0
8073969664,2.91048,K60,RTX 5090,1.0
8075280384,2.93568,K60,RTX 5090,1.0
8076591104,2.80044,K60,RTX 5090,1.0
8077901824,2.86175,K60,RTX 5090,1.0
8079212544,2.88636,K60,RTX 5090,1.0
8080523264,2.92318,K60,RTX 5090,1.0
8081833984,2.75055,K60,RTX 5090,1.0
8083144704,2.78464,K60,RTX 5090,1.0
8084455424,2.8537,K60,RTX 5090,1.0
8085766144,2.80762,K60,RTX 5090,1.0
8087076864,2.8084,K60,RTX 5090,1.0
8088387584,2.81133,K60,RTX 5090,1.0
8089698304,3.02384,K60,RTX 5090,1.0
8091009024,2.83996,K60,RTX 5090,1.0
8092319744,2.82027,K60,RTX 5090,1.0
8093630464,2.71181,K60,RTX 5090,1.0
8094941184,2.80902,K60,RTX 5090,1.0
8096251904,2.79657,K60,RTX 5090,1.0
8097562624,2.73379,K60,RTX 5090,1.0
8098873344,2.9408,K60,RTX 5090,1.0
8100184064,2.90489,K60,RTX 5090,1.0
8101494784,2.89604,K60,RTX 5090,1.0
8102805504,2.89125,K60,RTX 5090,1.0
8104116224,2.91359,K60,RTX 5090,1.0
8105426944,2.8477,K60,RTX 5090,1.0
8106737664,2.88354,K60,RTX 5090,1.0
8108048384,2.82785,K60,RTX 5090,1.0
8109359104,3.02632,K60,RTX 5090,1.0
8110669824,2.85546,K60,RTX 5090,1.0
8111980544,2.81968,K60,RTX 5090,1.0
8113291264,2.90242,K60,RTX 5090,1.0
8114601984,2.89442,K60,RTX 5090,1.0
8115912704,2.86826,K60,RTX 5090,1.0
8117223424,2.86384,K60,RTX 5090,1.0
8118534144,2.82934,K60,RTX 5090,1.0
8119844864,2.91025,K60,RTX 5090,1.0
8121155584,2.77554,K60,RTX 5090,1.0
8122466304,2.84026,K60,RTX 5090,1.0
8123777024,2.7554,K60,RTX 5090,1.0
8125087744,2.77711,K60,RTX 5090,1.0
8126398464,2.91116,K60,RTX 5090,1.0
8127709184,2.76767,K60,RTX 5090,1.0
8129019904,2.82951,K60,RTX 5090,1.0
8130330624,2.89094,K60,RTX 5090,1.0
8131641344,2.82474,K60,RTX 5090,1.0
8132952064,2.80403,K60,RTX 5090,1.0
8134262784,2.80234,K60,RTX 5090,1.0
8135573504,3.04742,K60,RTX 5090,1.0
8136884224,2.96152,K60,RTX 5090,1.0
8138194944,2.814,K60,RTX 5090,1.0
8139505664,2.81866,K60,RTX 5090,1.0
8140816384,2.90515,K60,RTX 5090,1.0
8142127104,2.77836,K60,RTX 5090,1.0
8143437824,2.8893,K60,RTX 5090,1.0
8144748544,2.90723,K60,RTX 5090,1.0
8146059264,2.89475,K60,RTX 5090,1.0
8147369984,2.84466,K60,RTX 5090,1.0
8148680704,2.9195,K60,RTX 5090,1.0
8149991424,2.83897,K60,RTX 5090,1.0
8151302144,2.97359,K60,RTX 5090,1.0
8152612864,2.72339,K60,RTX 5090,1.0
8153923584,2.83959,K60,RTX 5090,1.0
8155234304,2.82299,K60,RTX 5090,1.0
8156545024,2.79351,K60,RTX 5090,1.0
8157855744,2.78662,K60,RTX 5090,1.0
8159166464,2.92725,K60,RTX 5090,1.0
8160477184,2.82762,K60,RTX 5090,1.0
8161787904,2.91633,K60,RTX 5090,1.0
8163098624,2.89228,K60,RTX 5090,1.0
8164409344,2.86351,K60,RTX 5090,1.0
8165720064,2.94904,K60,RTX 5090,1.0
8167030784,2.87818,K60,RTX 5090,1.0
8168341504,2.92965,K60,RTX 5090,1.0
8169652224,2.7942,K60,RTX 5090,1.0
8170962944,2.93077,K60,RTX 5090,1.0
8172273664,2.90585,K60,RTX 5090,1.0
8173584384,2.90548,K60,RTX 5090,1.0
8174895104,2.88571,K60,RTX 5090,1.0
8176205824,2.9002,K60,RTX 5090,1.0
8177516544,2.87479,K60,RTX 5090,1.0
8178827264,2.80472,K60,RTX 5090,1.0
8180137984,2.84239,K60,RTX 5090,1.0
8181448704,2.91159,K60,RTX 5090,1.0
8182759424,2.87012,K60,RTX 5090,1.0
8184070144,2.911,K60,RTX 5090,1.0
8185380864,2.66061,K60,RTX 5090,1.0
8186691584,2.87732,K60,RTX 5090,1.0
8188002304,2.79794,K60,RTX 5090,1.0
8189313024,2.83763,K60,RTX 5090,1.0
8190623744,2.84078,K60,RTX 5090,1.0
8191934464,2.9399,K60,RTX 5090,1.0
8193245184,2.90403,K60,RTX 5090,1.0
8194555904,2.72833,K60,RTX 5090,1.0
8195866624,2.76858,K60,RTX 5090,1.0
8197177344,2.88835,K60,RTX 5090,1.0
8198488064,2.91526,K60,RTX 5090,1.0
8199798784,2.88244,K60,RTX 5090,1.0
8201109504,2.87662,K60,RTX 5090,1.0
8202420224,2.98287,K60,RTX 5090,1.0
8203730944,3.04381,K60,RTX 5090,1.0
8205041664,2.89169,K60,RTX 5090,1.0
8206352384,2.82535,K60,RTX 5090,1.0
8207663104,2.79375,K60,RTX 5090,1.0
8208973824,2.73154,K60,RTX 5090,1.0
8210284544,2.93698,K60,RTX 5090,1.0
8211595264,2.83269,K60,RTX 5090,1.0
8212905984,2.91792,K60,RTX 5090,1.0
8214216704,2.72856,K60,RTX 5090,1.0
8215527424,2.81514,K60,RTX 5090,1.0
8216838144,2.75034,K60,RTX 5090,1.0
8218148864,2.7822,K60,RTX 5090,1.0
8219459584,2.81782,K60,RTX 5090,1.0
8220770304,2.84382,K60,RTX 5090,1.0
8222081024,2.81362,K60,RTX 5090,1.0
8223391744,2.99406,K60,RTX 5090,1.0
8224702464,2.85192,K60,RTX 5090,1.0
8226013184,2.7055,K60,RTX 5090,1.0
8227323904,2.88685,K60,RTX 5090,1.0
8228634624,2.82082,K60,RTX 5090,1.0
8229945344,2.86048,K60,RTX 5090,1.0
8231256064,2.88882,K60,RTX 5090,1.0
8232566784,2.84239,K60,RTX 5090,1.0
8233877504,2.92851,K60,RTX 5090,1.0
8235188224,2.73144,K60,RTX 5090,1.0
8236498944,2.9565,K60,RTX 5090,1.0
8237809664,2.76971,K60,RTX 5090,1.0
8239120384,2.76907,K60,RTX 5090,1.0
8240431104,2.74136,K60,RTX 5090,1.0
8241741824,2.96427,K60,RTX 5090,1.0
8243052544,2.8224,K60,RTX 5090,1.0
8244363264,2.88009,K60,RTX 5090,1.0
8245673984,2.8409,K60,RTX 5090,1.0
8246984704,2.783,K60,RTX 5090,1.0
8248295424,2.93163,K60,RTX 5090,1.0
8249606144,2.84544,K60,RTX 5090,1.0
8250916864,2.69874,K60,RTX 5090,1.0
8252227584,2.88218,K60,RTX 5090,1.0
8253538304,2.91844,K60,RTX 5090,1.0
8254849024,2.87996,K60,RTX 5090,1.0
8256159744,2.87348,K60,RTX 5090,1.0
8257470464,2.9682,K60,RTX 5090,1.0
8258781184,2.85668,K60,RTX 5090,1.0
8260091904,3.01464,K60,RTX 5090,1.0
8261402624,2.68954,K60,RTX 5090,1.0
8262713344,2.97608,K60,RTX 5090,1.0
8264024064,2.83868,K60,RTX 5090,1.0
8265334784,2.83783,K60,RTX 5090,1.0
8266645504,2.734,K60,RTX 5090,1.0
8267956224,2.98297,K60,RTX 5090,1.0
8269266944,2.89389,K60,RTX 5090,1.0
8270577664,2.81565,K60,RTX 5090,1.0
8271888384,2.89428,K60,RTX 5090,1.0
8273199104,2.83838,K60,RTX 5090,1.0
8274509824,2.93262,K60,RTX 5090,1.0
8275820544,2.84416,K60,RTX 5090,1.0
8277131264,2.95354,K60,RTX 5090,1.0
8278441984,2.8408,K60,RTX 5090,1.0
8279752704,2.91239,K60,RTX 5090,1.0
8281063424,2.69999,K60,RTX 5090,1.0
8282374144,2.75864,K60,RTX 5090,1.0
8283684864,2.96061,K60,RTX 5090,1.0
8284995584,2.87465,K60,RTX 5090,1.0
8286306304,2.94268,K60,RTX 5090,1.0
8287617024,2.77395,K60,RTX 5090,1.0
8288927744,2.9137,K60,RTX 5090,1.0
8290238464,2.74822,K60,RTX 5090,1.0
8291549184,2.85598,K60,RTX 5090,1.0
8292859904,2.71031,K60,RTX 5090,1.0
8294170624,2.90842,K60,RTX 5090,1.0
8295481344,3.02737,K60,RTX 5090,1.0
8296792064,2.81705,K60,RTX 5090,1.0
8298102784,2.76529,K60,RTX 5090,1.0
8299413504,2.79129,K60,RTX 5090,1.0
8300724224,2.82768,K60,RTX 5090,1.0
8302034944,2.85963,K60,RTX 5090,1.0
8303345664,2.87912,K60,RTX 5090,1.0
8304656384,2.94869,K60,RTX 5090,1.0
8305967104,2.85519,K60,RTX 5090,1.0
8307277824,2.80191,K60,RTX 5090,1.0
8308588544,2.85485,K60,RTX 5090,1.0
8309899264,2.93907,K60,RTX 5090,1.0
8311209984,3.01087,K60,RTX 5090,1.0
8312520704,2.92914,K60,RTX 5090,1.0
8313831424,2.77781,K60,RTX 5090,1.0
8315142144,2.83357,K60,RTX 5090,1.0
8316452864,2.83821,K60,RTX 5090,1.0
8317763584,2.75396,K60,RTX 5090,1.0
8319074304,2.8246,K60,RTX 5090,1.0
8320385024,2.88602,K60,RTX 5090,1.0
8321695744,2.83665,K60,RTX 5090,1.0
8323006464,2.53895,K60,RTX 5090,1.0
8324317184,2.82909,K60,RTX 5090,1.0
8325627904,2.78583,K60,RTX 5090,1.0
8326938624,2.80265,K60,RTX 5090,1.0
8328249344,2.79638,K60,RTX 5090,1.0
8329560064,2.97941,K60,RTX 5090,1.0
8330870784,3.00662,K60,RTX 5090,1.0
8332181504,2.71364,K60,RTX 5090,1.0
8333492224,2.84511,K60,RTX 5090,1.0
8334802944,2.84051,K60,RTX 5090,1.0
8336113664,3.05099,K60,RTX 5090,1.0
8337424384,2.82799,K60,RTX 5090,1.0
8338735104,2.86243,K60,RTX 5090,1.0
8340045824,2.87028,K60,RTX 5090,1.0
8341356544,2.9002,K60,RTX 5090,1.0
8342667264,2.88914,K60,RTX 5090,1.0
8343977984,2.68568,K60,RTX 5090,1.0
8345288704,2.82023,K60,RTX 5090,1.0
8346599424,2.98536,K60,RTX 5090,1.0
8347910144,2.90043,K60,RTX 5090,1.0
8349220864,2.90166,K60,RTX 5090,1.0
8350531584,2.97637,K60,RTX 5090,1.0
8351842304,2.84276,K60,RTX 5090,1.0
8353153024,2.89288,K60,RTX 5090,1.0
8354463744,2.83842,K60,RTX 5090,1.0
8355774464,2.64927,K60,RTX 5090,1.0
8357085184,2.7401,K60,RTX 5090,1.0
8358395904,2.75643,K60,RTX 5090,1.0
8359706624,2.74066,K60,RTX 5090,1.0
8361017344,2.90053,K60,RTX 5090,1.0
8362328064,2.84009,K60,RTX 5090,1.0
8363638784,2.92654,K60,RTX 5090,1.0
8364949504,2.93309,K60,RTX 5090,1.0
8366260224,2.82313,K60,RTX 5090,1.0
8367570944,2.87637,K60,RTX 5090,1.0
8368881664,2.79559,K60,RTX 5090,1.0
8370192384,2.84805,K60,RTX 5090,1.0
8371503104,2.9843,K60,RTX 5090,1.0
8372813824,2.89047,K60,RTX 5090,1.0
8374124544,2.88038,K60,RTX 5090,1.0
8375435264,2.84441,K60,RTX 5090,1.0
8376745984,2.81517,K60,RTX 5090,1.0
8378056704,2.80509,K60,RTX 5090,1.0
8379367424,2.83234,K60,RTX 5090,1.0
8380678144,2.90208,K60,RTX 5090,1.0
8381988864,2.94633,K60,RTX 5090,1.0
8383299584,2.89913,K60,RTX 5090,1.0
8384610304,2.83069,K60,RTX 5090,1.0
8385921024,2.89111,K60,RTX 5090,1.0
8387231744,2.59911,K60,RTX 5090,1.0
8388542464,2.75445,K60,RTX 5090,1.0
8389853184,2.82824,K60,RTX 5090,1.0
8391163904,2.98115,K60,RTX 5090,1.0
8392474624,2.92929,K60,RTX 5090,1.0
8393785344,2.82402,K60,RTX 5090,1.0
8395096064,2.75269,K60,RTX 5090,1.0
8396406784,2.79462,K60,RTX 5090,1.0
8397717504,2.87389,K60,RTX 5090,1.0
8399028224,2.91553,K60,RTX 5090,1.0
8400338944,2.83993,K60,RTX 5090,1.0
8401649664,2.89907,K60,RTX 5090,1.0
8402960384,2.98313,K60,RTX 5090,1.0
8404271104,2.83689,K60,RTX 5090,1.0
8405581824,2.77107,K60,RTX 5090,1.0
8406892544,2.87685,K60,RTX 5090,1.0
8408203264,2.85144,K60,RTX 5090,1.0
8409513984,2.86493,K60,RTX 5090,1.0
8410824704,2.85998,K60,RTX 5090,1.0
8412135424,2.9044,K60,RTX 5090,1.0
8413446144,2.88438,K60,RTX 5090,1.0
8414756864,2.72921,K60,RTX 5090,1.0
8416067584,2.74679,K60,RTX 5090,1.0
8417378304,2.93734,K60,RTX 5090,1.0
8418689024,2.9825,K60,RTX 5090,1.0
8419999744,2.73298,K60,RTX 5090,1.0
8421310464,2.85895,K60,RTX 5090,1.0
8422621184,2.96093,K60,RTX 5090,1.0
8423931904,2.99242,K60,RTX 5090,1.0
8425242624,2.76851,K60,RTX 5090,1.0
8426553344,2.71108,K60,RTX 5090,1.0
8427864064,2.84169,K60,RTX 5090,1.0
8429174784,2.87104,K60,RTX 5090,1.0
8430485504,2.79014,K60,RTX 5090,1.0
8431796224,2.86347,K60,RTX 5090,1.0
8433106944,2.93061,K60,RTX 5090,1.0
8434417664,2.85987,K60,RTX 5090,1.0
8435728384,2.793,K60,RTX 5090,1.0
8437039104,2.71582,K60,RTX 5090,1.0
8438349824,2.88501,K60,RTX 5090,1.0
8439660544,2.76402,K60,RTX 5090,1.0
8440971264,2.74603,K60,RTX 5090,1.0
8442281984,2.94564,K60,RTX 5090,1.0
8443592704,2.89314,K60,RTX 5090,1.0
8444903424,2.82239,K60,RTX 5090,1.0
8446214144,2.80992,K60,RTX 5090,1.0
8447524864,2.90119,K60,RTX 5090,1.0
8448835584,2.79485,K60,RTX 5090,1.0
8450146304,2.94319,K60,RTX 5090,1.0
8451457024,2.88366,K60,RTX 5090,1.0
8452767744,2.89358,K60,RTX 5090,1.0
8454078464,2.86385,K60,RTX 5090,1.0
8455389184,2.78417,K60,RTX 5090,1.0
8456699904,2.88668,K60,RTX 5090,1.0
8458010624,2.82378,K60,RTX 5090,1.0
8459321344,2.81503,K60,RTX 5090,1.0
8460632064,2.82291,K60,RTX 5090,1.0
8461942784,2.91777,K60,RTX 5090,1.0
8463253504,2.87177,K60,RTX 5090,1.0
8464564224,2.85051,K60,RTX 5090,1.0
8465874944,2.70104,K60,RTX 5090,1.0
8467185664,2.82729,K60,RTX 5090,1.0
8468496384,2.85041,K60,RTX 5090,1.0
8469807104,2.80075,K60,RTX 5090,1.0
8471117824,2.91999,K60,RTX 5090,1.0
8472428544,2.73713,K60,RTX 5090,1.0
8473739264,2.8525,K60,RTX 5090,1.0
8475049984,2.78636,K60,RTX 5090,1.0
8476360704,2.89315,K60,RTX 5090,1.0
8477671424,2.91615,K60,RTX 5090,1.0
8478982144,2.91014,K60,RTX 5090,1.0
8480292864,2.88936,K60,RTX 5090,1.0
8481603584,2.83824,K60,RTX 5090,1.0
8482914304,3.00613,K60,RTX 5090,1.0
8484225024,2.84136,K60,RTX 5090,1.0
8485535744,2.86564,K60,RTX 5090,1.0
8486846464,2.92383,K60,RTX 5090,1.0
8488157184,2.84307,K60,RTX 5090,1.0
8489467904,2.91036,K60,RTX 5090,1.0
8490778624,2.86199,K60,RTX 5090,1.0
8492089344,2.78878,K60,RTX 5090,1.0
8493400064,2.85483,K60,RTX 5090,1.0
8494710784,2.99422,K60,RTX 5090,1.0
8496021504,2.81984,K60,RTX 5090,1.0
8497332224,2.79324,K60,RTX 5090,1.0
8498642944,2.66781,K60,RTX 5090,1.0
8499953664,2.73924,K60,RTX 5090,1.0
8501264384,2.87045,K60,RTX 5090,1.0
8502575104,2.79644,K60,RTX 5090,1.0
8503885824,2.93509,K60,RTX 5090,1.0
8505196544,2.99153,K60,RTX 5090,1.0
8506507264,2.82174,K60,RTX 5090,1.0
8507817984,2.74484,K60,RTX 5090,1.0
8509128704,2.90661,K60,RTX 5090,1.0
8510439424,2.78808,K60,RTX 5090,1.0
8511750144,2.9552,K60,RTX 5090,1.0
8513060864,2.73834,K60,RTX 5090,1.0
8514371584,2.7951,K60,RTX 5090,1.0
8515682304,2.89633,K60,RTX 5090,1.0
8516993024,2.71543,K60,RTX 5090,1.0
8518303744,2.9128,K60,RTX 5090,1.0
8519614464,2.84681,K60,RTX 5090,1.0
8520925184,2.876,K60,RTX 5090,1.0
8522235904,2.74621,K60,RTX 5090,1.0
8523546624,2.90518,K60,RTX 5090,1.0
8524857344,2.76638,K60,RTX 5090,1.0
8526168064,2.8219,K60,RTX 5090,1.0
8527478784,2.82404,K60,RTX 5090,1.0
8528789504,2.86654,K60,RTX 5090,1.0
8530100224,2.97479,K60,RTX 5090,1.0
8531410944,2.81309,K60,RTX 5090,1.0
8532721664,2.89916,K60,RTX 5090,1.0
8534032384,2.78676,K60,RTX 5090,1.0
8535343104,2.90626,K60,RTX 5090,1.0
8536653824,2.86497,K60,RTX 5090,1.0
8537964544,2.83593,K60,RTX 5090,1.0
8539275264,2.87304,K60,RTX 5090,1.0
8540585984,2.86227,K60,RTX 5090,1.0
8541896704,2.85707,K60,RTX 5090,1.0
8543207424,2.6544,K60,RTX 5090,1.0
8544518144,2.91478,K60,RTX 5090,1.0
8545828864,2.72416,K60,RTX 5090,1.0
8547139584,2.99678,K60,RTX 5090,1.0
8548450304,2.79123,K60,RTX 5090,1.0
8549761024,2.82874,K60,RTX 5090,1.0
8551071744,3.01889,K60,RTX 5090,1.0
8552382464,2.71483,K60,RTX 5090,1.0
8553693184,2.78484,K60,RTX 5090,1.0
8555003904,2.69103,K60,RTX 5090,1.0
8556314624,2.98581,K60,RTX 5090,1.0
8557625344,2.84793,K60,RTX 5090,1.0
8558936064,2.84764,K60,RTX 5090,1.0
8560246784,2.77645,K60,RTX 5090,1.0
8561557504,3.0018,K60,RTX 5090,1.0
8562868224,2.9644,K60,RTX 5090,1.0
8564178944,2.88203,K60,RTX 5090,1.0
8565489664,2.85238,K60,RTX 5090,1.0
8566800384,2.92476,K60,RTX 5090,1.0
8568111104,2.90522,K60,RTX 5090,1.0
8569421824,2.73456,K60,RTX 5090,1.0
8570732544,3.03377,K60,RTX 5090,1.0
8572043264,2.7956,K60,RTX 5090,1.0
8573353984,2.83714,K60,RTX 5090,1.0
8574664704,2.99794,K60,RTX 5090,1.0
8575975424,2.89072,K60,RTX 5090,1.0
8577286144,2.82309,K60,RTX 5090,1.0
8578596864,2.69995,K60,RTX 5090,1.0
8579907584,2.9209,K60,RTX 5090,1.0
8581218304,2.93326,K60,RTX 5090,1.0
8582529024,2.86507,K60,RTX 5090,1.0
8583839744,2.80781,K60,RTX 5090,1.0
8585150464,2.84668,K60,RTX 5090,1.0
8586461184,2.68882,K60,RTX 5090,1.0
8587771904,2.80989,K60,RTX 5090,1.0
8589082624,2.82565,K60,RTX 5090,1.0
8590393344,2.81214,K60,RTX 5090,1.0
8591704064,2.98464,K60,RTX 5090,1.0
8593014784,2.89616,K60,RTX 5090,1.0
8594325504,2.87904,K60,RTX 5090,1.0
8595636224,2.79272,K60,RTX 5090,1.0
8596946944,2.87337,K60,RTX 5090,1.0
8598257664,2.93835,K60,RTX 5090,1.0
8599568384,2.91598,K60,RTX 5090,1.0
8600879104,2.88817,K60,RTX 5090,1.0
8602189824,2.96467,K60,RTX 5090,1.0
8603500544,2.75507,K60,RTX 5090,1.0
8604811264,2.78049,K60,RTX 5090,1.0
8606121984,2.90357,K60,RTX 5090,1.0
8607432704,2.84543,K60,RTX 5090,1.0
8608743424,2.91247,K60,RTX 5090,1.0
8610054144,2.76268,K60,RTX 5090,1.0
8611364864,2.85581,K60,RTX 5090,1.0
8612675584,2.89712,K60,RTX 5090,1.0
8613986304,2.72484,K60,RTX 5090,1.0
8615297024,2.82099,K60,RTX 5090,1.0
8616607744,2.78201,K60,RTX 5090,1.0
8617918464,2.95182,K60,RTX 5090,1.0
8619229184,2.88789,K60,RTX 5090,1.0
8620539904,2.84177,K60,RTX 5090,1.0
8621850624,2.89044,K60,RTX 5090,1.0
8623161344,2.94793,K60,RTX 5090,1.0
8624472064,2.78502,K60,RTX 5090,1.0
8625782784,2.66941,K60,RTX 5090,1.0
8627093504,2.97978,K60,RTX 5090,1.0
8628404224,2.81296,K60,RTX 5090,1.0
8629714944,2.85494,K60,RTX 5090,1.0
8631025664,2.86434,K60,RTX 5090,1.0
8632336384,2.93658,K60,RTX 5090,1.0
8633647104,2.87316,K60,RTX 5090,1.0
8634957824,2.86276,K60,RTX 5090,1.0
8636268544,2.82678,K60,RTX 5090,1.0
8637579264,2.7895,K60,RTX 5090,1.0
8638889984,2.90122,K60,RTX 5090,1.0
8640200704,2.69131,K60,RTX 5090,1.0
8641511424,2.77447,K60,RTX 5090,1.0
8642822144,2.83357,K60,RTX 5090,1.0
8644132864,2.92089,K60,RTX 5090,1.0
8645443584,2.69582,K60,RTX 5090,1.0
8646754304,2.78608,K60,RTX 5090,1.0
8648065024,2.79889,K60,RTX 5090,1.0
8649375744,2.92998,K60,RTX 5090,1.0
8650686464,2.78264,K60,RTX 5090,1.0
8651997184,2.82249,K60,RTX 5090,1.0
8653307904,2.91339,K60,RTX 5090,1.0
8654618624,2.67242,K60,RTX 5090,1.0
8655929344,2.7736,K60,RTX 5090,1.0
8657240064,2.83434,K60,RTX 5090,1.0
8658550784,2.90224,K60,RTX 5090,1.0
8659861504,2.76177,K60,RTX 5090,1.0
8661172224,2.80004,K60,RTX 5090,1.0
8662482944,2.7874,K60,RTX 5090,1.0
8663793664,2.94772,K60,RTX 5090,1.0
8665104384,2.83416,K60,RTX 5090,1.0
8666415104,2.89174,K60,RTX 5090,1.0
8667725824,2.86564,K60,RTX 5090,1.0
8669036544,2.74444,K60,RTX 5090,1.0
8670347264,2.8639,K60,RTX 5090,1.0
8671657984,2.76188,K60,RTX 5090,1.0
8672968704,2.7874,K60,RTX 5090,1.0
8674279424,2.74757,K60,RTX 5090,1.0
8675590144,2.78661,K60,RTX 5090,1.0
8676900864,2.86904,K60,RTX 5090,1.0
8678211584,2.96934,K60,RTX 5090,1.0
8679522304,2.77315,K60,RTX 5090,1.0
8680833024,2.85187,K60,RTX 5090,1.0
8682143744,2.99099,K60,RTX 5090,1.0
8683454464,2.87175,K60,RTX 5090,1.0
8684765184,2.99128,K60,RTX 5090,1.0
8686075904,2.79408,K60,RTX 5090,1.0
8687386624,2.78765,K60,RTX 5090,1.0
8688697344,2.91094,K60,RTX 5090,1.0
8690008064,2.6824,K60,RTX 5090,1.0
8691318784,2.80838,K60,RTX 5090,1.0
8692629504,2.78666,K60,RTX 5090,1.0
8693940224,2.9147,K60,RTX 5090,1.0
8695250944,2.90861,K60,RTX 5090,1.0
8696561664,2.8777,K60,RTX 5090,1.0
8697872384,2.80726,K60,RTX 5090,1.0
8699183104,2.78589,K60,RTX 5090,1.0
8700493824,2.80484,K60,RTX 5090,1.0
8701804544,2.78327,K60,RTX 5090,1.0
8703115264,2.88712,K60,RTX 5090,1.0
8704425984,2.82985,K60,RTX 5090,1.0
8705736704,3.00951,K60,RTX 5090,1.0
8707047424,2.72475,K60,RTX 5090,1.0
8708358144,2.80348,K60,RTX 5090,1.0
8709668864,2.79224,K60,RTX 5090,1.0
8710979584,2.83859,K60,RTX 5090,1.0
8712290304,2.76001,K60,RTX 5090,1.0
8713601024,2.79031,K60,RTX 5090,1.0
8714911744,2.89714,K60,RTX 5090,1.0
8716222464,2.78982,K60,RTX 5090,1.0
8717533184,2.84821,K60,RTX 5090,1.0
8718843904,2.76246,K60,RTX 5090,1.0
8720154624,2.81627,K60,RTX 5090,1.0
8721465344,2.70592,K60,RTX 5090,1.0
8722776064,2.88243,K60,RTX 5090,1.0
8724086784,2.81947,K60,RTX 5090,1.0
8725397504,2.75003,K60,RTX 5090,1.0
8726708224,2.89155,K60,RTX 5090,1.0
8728018944,2.86556,K60,RTX 5090,1.0
8729329664,2.91171,K60,RTX 5090,1.0
8730640384,2.84957,K60,RTX 5090,1.0
8731951104,2.92772,K60,RTX 5090,1.0
8733261824,2.74872,K60,RTX 5090,1.0
8734572544,2.846,K60,RTX 5090,1.0
8735883264,2.84175,K60,RTX 5090,1.0
8737193984,2.94735,K60,RTX 5090,1.0
8738504704,2.84435,K60,RTX 5090,1.0
8739815424,2.78346,K60,RTX 5090,1.0
8741126144,2.97477,K60,RTX 5090,1.0
8742436864,2.79504,K60,RTX 5090,1.0
8743747584,2.87164,K60,RTX 5090,1.0
8745058304,2.84346,K60,RTX 5090,1.0
8746369024,2.93936,K60,RTX 5090,1.0
8747679744,2.79183,K60,RTX 5090,1.0
8748990464,3.02269,K60,RTX 5090,1.0
8750301184,2.95889,K60,RTX 5090,1.0
8751611904,2.81323,K60,RTX 5090,1.0
8752922624,2.93408,K60,RTX 5090,1.0
8754233344,2.68975,K60,RTX 5090,1.0
8755544064,2.83648,K60,RTX 5090,1.0
8756854784,2.79681,K60,RTX 5090,1.0
8758165504,2.79762,K60,RTX 5090,1.0
8759476224,2.83776,K60,RTX 5090,1.0
8760786944,2.95835,K60,RTX 5090,1.0
8762097664,2.91078,K60,RTX 5090,1.0
8763408384,2.76968,K60,RTX 5090,1.0
8764719104,2.77752,K60,RTX 5090,1.0
8766029824,2.8493,K60,RTX 5090,1.0
8767340544,2.90382,K60,RTX 5090,1.0
8768651264,2.81218,K60,RTX 5090,1.0
8769961984,2.86484,K60,RTX 5090,1.0
8771272704,2.96173,K60,RTX 5090,1.0
8772583424,2.81873,K60,RTX 5090,1.0
8773894144,2.91055,K60,RTX 5090,1.0
8775204864,2.90072,K60,RTX 5090,1.0
8776515584,2.92034,K60,RTX 5090,1.0
8777826304,2.8419,K60,RTX 5090,1.0
8779137024,2.79671,K60,RTX 5090,1.0
8780447744,2.88967,K60,RTX 5090,1.0
8781758464,3.03496,K60,RTX 5090,1.0
8783069184,2.74498,K60,RTX 5090,1.0
8784379904,2.74877,K60,RTX 5090,1.0
8785690624,2.71566,K60,RTX 5090,1.0
8787001344,2.80695,K60,RTX 5090,1.0
8788312064,2.83292,K60,RTX 5090,1.0
8789622784,2.86285,K60,RTX 5090,1.0
8790933504,2.87874,K60,RTX 5090,1.0
8792244224,2.94904,K60,RTX 5090,1.0
8793554944,2.81757,K60,RTX 5090,1.0
8794865664,2.81461,K60,RTX 5090,1.0
8796176384,2.9483,K60,RTX 5090,1.0
8797487104,2.88294,K60,RTX 5090,1.0
8798797824,2.89014,K60,RTX 5090,1.0
8800108544,2.76226,K60,RTX 5090,1.0
8801419264,2.94761,K60,RTX 5090,1.0
8802729984,2.87202,K60,RTX 5090,1.0
8804040704,2.75782,K60,RTX 5090,1.0
8805351424,2.84589,K60,RTX 5090,1.0
8806662144,2.71023,K60,RTX 5090,1.0
8807972864,2.85726,K60,RTX 5090,1.0
8809283584,2.84596,K60,RTX 5090,1.0
8810594304,2.80844,K60,RTX 5090,1.0
8811905024,2.91883,K60,RTX 5090,1.0
8813215744,2.83865,K60,RTX 5090,1.0
8814526464,2.86446,K60,RTX 5090,1.0
8815837184,2.71705,K60,RTX 5090,1.0
8817147904,2.9519,K60,RTX 5090,1.0
8818458624,2.77678,K60,RTX 5090,1.0
8819769344,2.78831,K60,RTX 5090,1.0
8821080064,2.76106,K60,RTX 5090,1.0
8822390784,3.01841,K60,RTX 5090,1.0
8823701504,2.78002,K60,RTX 5090,1.0
8825012224,2.89499,K60,RTX 5090,1.0
8826322944,2.79581,K60,RTX 5090,1.0
8827633664,2.87207,K60,RTX 5090,1.0
8828944384,2.98597,K60,RTX 5090,1.0
8830255104,2.83714,K60,RTX 5090,1.0
8831565824,2.8673,K60,RTX 5090,1.0
8832876544,2.86539,K60,RTX 5090,1.0
8834187264,2.94048,K60,RTX 5090,1.0
8835497984,2.74552,K60,RTX 5090,1.0
8836808704,2.85083,K60,RTX 5090,1.0
8838119424,2.85165,K60,RTX 5090,1.0
8839430144,2.74073,K60,RTX 5090,1.0
8840740864,2.92948,K60,RTX 5090,1.0
8842051584,2.81412,K60,RTX 5090,1.0
8843362304,2.81158,K60,RTX 5090,1.0
8844673024,2.68873,K60,RTX 5090,1.0
8845983744,2.7941,K60,RTX 5090,1.0
8847294464,2.78128,K60,RTX 5090,1.0
8848605184,2.71506,K60,RTX 5090,1.0
8849915904,2.76082,K60,RTX 5090,1.0
8851226624,2.77733,K60,RTX 5090,1.0
8852537344,2.84899,K60,RTX 5090,1.0
8853848064,2.86975,K60,RTX 5090,1.0
8855158784,2.8297,K60,RTX 5090,1.0
8856469504,2.81305,K60,RTX 5090,1.0
8857780224,2.9896,K60,RTX 5090,1.0
8859090944,2.85367,K60,RTX 5090,1.0
8860401664,2.84155,K60,RTX 5090,1.0
8861712384,2.82496,K60,RTX 5090,1.0
8863023104,2.89578,K60,RTX 5090,1.0
8864333824,2.88474,K60,RTX 5090,1.0
8865644544,2.75502,K60,RTX 5090,1.0
8866955264,2.93826,K60,RTX 5090,1.0
8868265984,2.73196,K60,RTX 5090,1.0
8869576704,2.85919,K60,RTX 5090,1.0
8870887424,2.787,K60,RTX 5090,1.0
8872198144,2.91883,K60,RTX 5090,1.0
8873508864,2.75514,K60,RTX 5090,1.0
8874819584,2.72548,K60,RTX 5090,1.0
8876130304,2.76594,K60,RTX 5090,1.0
8877441024,2.90808,K60,RTX 5090,1.0
8878751744,2.90486,K60,RTX 5090,1.0
8880062464,2.71444,K60,RTX 5090,1.0
8881373184,2.90301,K60,RTX 5090,1.0
8882683904,2.82203,K60,RTX 5090,1.0
8883994624,2.89323,K60,RTX 5090,1.0
8885305344,2.88184,K60,RTX 5090,1.0
8886616064,2.70805,K60,RTX 5090,1.0
8887926784,2.85532,K60,RTX 5090,1.0
8889237504,2.87423,K60,RTX 5090,1.0
8890548224,2.88724,K60,RTX 5090,1.0
8891858944,2.72154,K60,RTX 5090,1.0
8893169664,2.86643,K60,RTX 5090,1.0
8894480384,2.94329,K60,RTX 5090,1.0
8895791104,2.86821,K60,RTX 5090,1.0
8897101824,2.80392,K60,RTX 5090,1.0
8898412544,2.86056,K60,RTX 5090,1.0
8899723264,2.90132,K60,RTX 5090,1.0
8901033984,2.75963,K60,RTX 5090,1.0
8902344704,2.85326,K60,RTX 5090,1.0
8903655424,2.68758,K60,RTX 5090,1.0
8904966144,2.93554,K60,RTX 5090,1.0
8906276864,2.82779,K60,RTX 5090,1.0
8907587584,2.84457,K60,RTX 5090,1.0
8908898304,2.93587,K60,RTX 5090,1.0
8910209024,2.799,K60,RTX 5090,1.0
8911519744,2.91549,K60,RTX 5090,1.0
8912830464,2.6609,K60,RTX 5090,1.0
8914141184,2.83099,K60,RTX 5090,1.0
8915451904,2.77694,K60,RTX 5090,1.0
8916762624,2.90497,K60,RTX 5090,1.0
8918073344,2.70187,K60,RTX 5090,1.0
8919384064,2.91192,K60,RTX 5090,1.0
8920694784,2.76075,K60,RTX 5090,1.0
8922005504,2.79382,K60,RTX 5090,1.0
8923316224,2.79392,K60,RTX 5090,1.0
8924626944,2.81939,K60,RTX 5090,1.0
8925937664,2.89169,K60,RTX 5090,1.0
8927248384,2.92086,K60,RTX 5090,1.0
8928559104,2.92215,K60,RTX 5090,1.0
8929869824,2.84141,K60,RTX 5090,1.0
8931180544,2.89089,K60,RTX 5090,1.0
8932491264,2.79581,K60,RTX 5090,1.0
8933801984,2.91399,K60,RTX 5090,1.0
8935112704,2.7506,K60,RTX 5090,1.0
8936423424,2.84585,K60,RTX 5090,1.0
8937734144,2.90639,K60,RTX 5090,1.0
8939044864,2.62299,K60,RTX 5090,1.0
8940355584,2.88802,K60,RTX 5090,1.0
8941666304,2.83959,K60,RTX 5090,1.0
8942977024,2.80756,K60,RTX 5090,1.0
8944287744,2.86143,K60,RTX 5090,1.0
8945598464,2.92987,K60,RTX 5090,1.0
8946909184,2.86076,K60,RTX 5090,1.0
8948219904,2.9204,K60,RTX 5090,1.0
8949530624,2.83986,K60,RTX 5090,1.0
8950841344,2.87165,K60,RTX 5090,1.0
8952152064,2.94588,K60,RTX 5090,1.0
8953462784,2.67702,K60,RTX 5090,1.0
8954773504,2.85443,K60,RTX 5090,1.0
8956084224,2.85735,K60,RTX 5090,1.0
8957394944,2.8281,K60,RTX 5090,1.0
8958705664,2.7395,K60,RTX 5090,1.0
8960016384,2.90256,K60,RTX 5090,1.0
8961327104,2.93702,K60,RTX 5090,1.0
8962637824,2.81948,K60,RTX 5090,1.0
8963948544,2.75861,K60,RTX 5090,1.0
8965259264,2.84641,K60,RTX 5090,1.0
8966569984,2.87566,K60,RTX 5090,1.0
8967880704,2.70553,K60,RTX 5090,1.0
8969191424,2.7566,K60,RTX 5090,1.0
8970502144,2.99388,K60,RTX 5090,1.0
8971812864,2.85756,K60,RTX 5090,1.0
8973123584,2.99961,K60,RTX 5090,1.0
8974434304,2.70113,K60,RTX 5090,1.0
8975745024,2.88134,K60,RTX 5090,1.0
8977055744,2.76463,K60,RTX 5090,1.0
8978366464,2.82147,K60,RTX 5090,1.0
8979677184,2.77631,K60,RTX 5090,1.0
8980987904,2.91599,K60,RTX 5090,1.0
8982298624,2.83338,K60,RTX 5090,1.0
8983609344,2.68681,K60,RTX 5090,1.0
8984920064,2.66509,K60,RTX 5090,1.0
8986230784,2.81596,K60,RTX 5090,1.0
8987541504,2.71181,K60,RTX 5090,1.0
8988852224,2.74767,K60,RTX 5090,1.0
8990162944,2.73374,K60,RTX 5090,1.0
8991473664,2.94742,K60,RTX 5090,1.0
8992784384,2.85258,K60,RTX 5090,1.0
8994095104,2.77709,K60,RTX 5090,1.0
8995405824,2.95369,K60,RTX 5090,1.0
8996716544,2.85611,K60,RTX 5090,1.0
8998027264,2.79019,K60,RTX 5090,1.0
8999337984,2.8561,K60,RTX 5090,1.0
9000648704,2.80436,K60,RTX 5090,1.0
9001959424,3.00864,K60,RTX 5090,1.0
9003270144,2.82975,K60,RTX 5090,1.0
9004580864,2.83877,K60,RTX 5090,1.0
9005891584,2.83329,K60,RTX 5090,1.0
9007202304,2.86375,K60,RTX 5090,1.0
9008513024,2.70822,K60,RTX 5090,1.0
9009823744,2.85396,K60,RTX 5090,1.0
9011134464,2.84317,K60,RTX 5090,1.0
9012445184,2.95173,K60,RTX 5090,1.0
9013755904,2.92754,K60,RTX 5090,1.0
9015066624,2.79881,K60,RTX 5090,1.0
9016377344,2.98352,K60,RTX 5090,1.0
9017688064,2.70467,K60,RTX 5090,1.0
9018998784,2.89571,K60,RTX 5090,1.0
9020309504,2.82435,K60,RTX 5090,1.0
9021620224,2.95988,K60,RTX 5090,1.0
9022930944,2.9671,K60,RTX 5090,1.0
9024241664,2.82131,K60,RTX 5090,1.0
9025552384,2.77973,K60,RTX 5090,1.0
9026863104,2.73791,K60,RTX 5090,1.0
9028173824,2.93377,K60,RTX 5090,1.0
9029484544,2.8804,K60,RTX 5090,1.0
9030795264,2.83998,K60,RTX 5090,1.0
9032105984,2.87796,K60,RTX 5090,1.0
9033416704,2.93352,K60,RTX 5090,1.0
9034727424,2.84959,K60,RTX 5090,1.0
9036038144,2.80632,K60,RTX 5090,1.0
9037348864,2.92947,K60,RTX 5090,1.0
9038659584,2.86821,K60,RTX 5090,1.0
9039970304,2.82745,K60,RTX 5090,1.0
9041281024,2.73372,K60,RTX 5090,1.0
9042591744,2.87858,K60,RTX 5090,1.0
9043902464,2.79429,K60,RTX 5090,1.0
9045213184,2.69987,K60,RTX 5090,1.0
9046523904,2.79144,K60,RTX 5090,1.0
9047834624,2.8827,K60,RTX 5090,1.0
9049145344,2.87847,K60,RTX 5090,1.0
9050456064,2.6993,K60,RTX 5090,1.0
9051766784,2.78358,K60,RTX 5090,1.0
9053077504,2.73799,K60,RTX 5090,1.0
9054388224,2.89555,K60,RTX 5090,1.0
9055698944,2.80121,K60,RTX 5090,1.0
9057009664,2.85864,K60,RTX 5090,1.0
9058320384,2.83304,K60,RTX 5090,1.0
9059631104,2.92746,K60,RTX 5090,1.0
9060941824,2.70412,K60,RTX 5090,1.0
9062252544,2.81853,K60,RTX 5090,1.0
9063563264,2.8571,K60,RTX 5090,1.0
9064873984,2.8374,K60,RTX 5090,1.0
9066184704,2.86782,K60,RTX 5090,1.0
9067495424,2.7974,K60,RTX 5090,1.0
9068806144,2.84195,K60,RTX 5090,1.0
9070116864,2.75504,K60,RTX 5090,1.0
9071427584,2.85063,K60,RTX 5090,1.0
9072738304,2.77633,K60,RTX 5090,1.0
9074049024,2.83395,K60,RTX 5090,1.0
9075359744,2.66448,K60,RTX 5090,1.0
9076670464,2.88874,K60,RTX 5090,1.0
9077981184,2.75335,K60,RTX 5090,1.0
9079291904,2.79559,K60,RTX 5090,1.0
9080602624,2.95616,K60,RTX 5090,1.0
9081913344,2.91323,K60,RTX 5090,1.0
9083224064,2.93031,K60,RTX 5090,1.0
9084534784,2.88855,K60,RTX 5090,1.0
9085845504,2.84189,K60,RTX 5090,1.0
9087156224,2.83959,K60,RTX 5090,1.0
9088466944,2.87916,K60,RTX 5090,1.0
9089777664,2.68947,K60,RTX 5090,1.0
9091088384,2.9525,K60,RTX 5090,1.0
9092399104,2.9252,K60,RTX 5090,1.0
9093709824,2.85514,K60,RTX 5090,1.0
9095020544,2.94942,K60,RTX 5090,1.0
9096331264,2.76643,K60,RTX 5090,1.0
9097641984,2.90856,K60,RTX 5090,1.0
9098952704,3.00914,K60,RTX 5090,1.0
9100263424,2.70608,K60,RTX 5090,1.0
9101574144,2.81496,K60,RTX 5090,1.0
9102884864,2.7572,K60,RTX 5090,1.0
9104195584,2.85997,K60,RTX 5090,1.0
9105506304,2.75942,K60,RTX 5090,1.0
9106817024,2.80837,K60,RTX 5090,1.0
9108127744,2.89135,K60,RTX 5090,1.0
9109438464,2.8972,K60,RTX 5090,1.0
9110749184,2.85562,K60,RTX 5090,1.0
9112059904,2.72384,K60,RTX 5090,1.0
9113370624,2.96082,K60,RTX 5090,1.0
9114681344,2.79967,K60,RTX 5090,1.0
9115992064,2.87286,K60,RTX 5090,1.0
9117302784,2.81721,K60,RTX 5090,1.0
9118613504,2.86204,K60,RTX 5090,1.0
9119924224,2.84331,K60,RTX 5090,1.0
9121234944,2.86437,K60,RTX 5090,1.0
9122545664,2.7907,K60,RTX 5090,1.0
9123856384,2.84751,K60,RTX 5090,1.0
9125167104,2.98612,K60,RTX 5090,1.0
9126477824,2.90123,K60,RTX 5090,1.0
9127788544,2.79928,K60,RTX 5090,1.0
9129099264,2.86121,K60,RTX 5090,1.0
9130409984,2.93059,K60,RTX 5090,1.0
9131720704,2.81326,K60,RTX 5090,1.0
9133031424,2.73714,K60,RTX 5090,1.0
9134342144,2.83064,K60,RTX 5090,1.0
9135652864,2.83549,K60,RTX 5090,1.0
9136963584,2.93435,K60,RTX 5090,1.0
9138274304,2.66485,K60,RTX 5090,1.0
9139585024,2.94093,K60,RTX 5090,1.0
9140895744,2.69538,K60,RTX 5090,1.0
9142206464,2.76381,K60,RTX 5090,1.0
9143517184,2.83708,K60,RTX 5090,1.0
9144827904,2.90822,K60,RTX 5090,1.0
9146138624,2.85102,K60,RTX 5090,1.0
9147449344,2.80288,K60,RTX 5090,1.0
9148760064,2.91419,K60,RTX 5090,1.0
9150070784,2.91527,K60,RTX 5090,1.0
9151381504,2.92739,K60,RTX 5090,1.0
9152692224,2.84825,K60,RTX 5090,1.0
9154002944,2.8886,K60,RTX 5090,1.0
9155313664,2.82033,K60,RTX 5090,1.0
9156624384,2.8732,K60,RTX 5090,1.0
9157935104,2.8546,K60,RTX 5090,1.0
9159245824,2.85906,K60,RTX 5090,1.0
9160556544,2.94673,K60,RTX 5090,1.0
9161867264,2.79515,K60,RTX 5090,1.0
9163177984,2.77604,K60,RTX 5090,1.0
9164488704,2.82814,K60,RTX 5090,1.0
9165799424,2.83707,K60,RTX 5090,1.0
9167110144,2.69111,K60,RTX 5090,1.0
9168420864,2.84357,K60,RTX 5090,1.0
9169731584,2.81758,K60,RTX 5090,1.0
9171042304,2.9931,K60,RTX 5090,1.0
9172353024,2.96981,K60,RTX 5090,1.0
9173663744,2.68407,K60,RTX 5090,1.0
9174974464,2.87094,K60,RTX 5090,1.0
9176285184,2.74114,K60,RTX 5090,1.0
9177595904,2.82135,K60,RTX 5090,1.0
9178906624,2.82912,K60,RTX 5090,1.0
9180217344,2.85747,K60,RTX 5090,1.0
9181528064,2.90117,K60,RTX 5090,1.0
9182838784,2.7305,K60,RTX 5090,1.0
9184149504,2.81312,K60,RTX 5090,1.0
9185460224,2.72788,K60,RTX 5090,1.0
9186770944,2.91736,K60,RTX 5090,1.0
9188081664,2.75476,K60,RTX 5090,1.0
9189392384,2.77833,K60,RTX 5090,1.0
9190703104,2.97569,K60,RTX 5090,1.0
9192013824,2.80317,K60,RTX 5090,1.0
9193324544,2.86199,K60,RTX 5090,1.0
9194635264,2.8145,K60,RTX 5090,1.0
9195945984,2.86665,K60,RTX 5090,1.0
9197256704,2.98736,K60,RTX 5090,1.0
9198567424,2.86606,K60,RTX 5090,1.0
9199878144,2.83184,K60,RTX 5090,1.0
9201188864,2.93873,K60,RTX 5090,1.0
9202499584,2.77282,K60,RTX 5090,1.0
9203810304,2.72102,K60,RTX 5090,1.0
9205121024,2.97328,K60,RTX 5090,1.0
9206431744,2.79195,K60,RTX 5090,1.0
9207742464,2.85956,K60,RTX 5090,1.0
9209053184,2.84949,K60,RTX 5090,1.0
9210363904,2.8616,K60,RTX 5090,1.0
9211674624,2.75807,K60,RTX 5090,1.0
9212985344,2.83636,K60,RTX 5090,1.0
9214296064,2.79516,K60,RTX 5090,1.0
9215606784,2.8699,K60,RTX 5090,1.0
9216917504,2.75729,K60,RTX 5090,1.0
9218228224,2.831,K60,RTX 5090,1.0
9219538944,2.77672,K60,RTX 5090,1.0
9220849664,2.98907,K60,RTX 5090,1.0
9222160384,2.94368,K60,RTX 5090,1.0
9223471104,2.75838,K60,RTX 5090,1.0
9224781824,2.81518,K60,RTX 5090,1.0
9226092544,2.7869,K60,RTX 5090,1.0
9227403264,2.96189,K60,RTX 5090,1.0
9228713984,2.87677,K60,RTX 5090,1.0
9230024704,2.91195,K60,RTX 5090,1.0
9231335424,2.93101,K60,RTX 5090,1.0
9232646144,2.93472,K60,RTX 5090,1.0
9233956864,2.82045,K60,RTX 5090,1.0
9235267584,2.7941,K60,RTX 5090,1.0
9236578304,2.97351,K60,RTX 5090,1.0
9237889024,2.74239,K60,RTX 5090,1.0
9239199744,2.81458,K60,RTX 5090,1.0
9240510464,2.78865,K60,RTX 5090,1.0
9241821184,2.89432,K60,RTX 5090,1.0
9243131904,2.82794,K60,RTX 5090,1.0
9244442624,2.76808,K60,RTX 5090,1.0
9245753344,2.80954,K60,RTX 5090,1.0
9247064064,2.76752,K60,RTX 5090,1.0
9248374784,2.76979,K60,RTX 5090,1.0
9249685504,2.78071,K60,RTX 5090,1.0
9250996224,2.90705,K60,RTX 5090,1.0
9252306944,2.85976,K60,RTX 5090,1.0
9253617664,2.86423,K60,RTX 5090,1.0
9254928384,2.76499,K60,RTX 5090,1.0
9256239104,2.85379,K60,RTX 5090,1.0
9257549824,3.00005,K60,RTX 5090,1.0
9258860544,2.8545,K60,RTX 5090,1.0
9260171264,2.82445,K60,RTX 5090,1.0
9261481984,2.74751,K60,RTX 5090,1.0
9262792704,2.97473,K60,RTX 5090,1.0
9264103424,2.79272,K60,RTX 5090,1.0
9265414144,2.88747,K60,RTX 5090,1.0
9266724864,2.89123,K60,RTX 5090,1.0
9268035584,2.8545,K60,RTX 5090,1.0
9269346304,2.88032,K60,RTX 5090,1.0
9270657024,2.46706,K60,RTX 5090,1.0
9271967744,2.81254,K60,RTX 5090,1.0
9273278464,2.89441,K60,RTX 5090,1.0
9274589184,2.80424,K60,RTX 5090,1.0
9275899904,2.86946,K60,RTX 5090,1.0
9277210624,2.77328,K60,RTX 5090,1.0
9278521344,2.80997,K60,RTX 5090,1.0
9279832064,2.93551,K60,RTX 5090,1.0
9281142784,2.8936,K60,RTX 5090,1.0
9282453504,2.89249,K60,RTX 5090,1.0
9283764224,2.96441,K60,RTX 5090,1.0
9285074944,2.95324,K60,RTX 5090,1.0
9286385664,2.79061,K60,RTX 5090,1.0
9287696384,2.95382,K60,RTX 5090,1.0
9289007104,2.73893,K60,RTX 5090,1.0
9290317824,2.87187,K60,RTX 5090,1.0
9291628544,2.84763,K60,RTX 5090,1.0
9292939264,2.9066,K60,RTX 5090,1.0
9294249984,2.83879,K60,RTX 5090,1.0
9295560704,2.80527,K60,RTX 5090,1.0
9296871424,2.87126,K60,RTX 5090,1.0
9298182144,2.873,K60,RTX 5090,1.0
9299492864,2.74267,K60,RTX 5090,1.0
9300803584,2.82266,K60,RTX 5090,1.0
9302114304,2.82452,K60,RTX 5090,1.0
9303425024,2.83671,K60,RTX 5090,1.0
9304735744,2.73751,K60,RTX 5090,1.0
9306046464,2.85968,K60,RTX 5090,1.0
9307357184,2.72837,K60,RTX 5090,1.0
9308667904,2.85446,K60,RTX 5090,1.0
9309978624,3.02213,K60,RTX 5090,1.0
9311289344,2.62307,K60,RTX 5090,1.0
9312600064,2.85323,K60,RTX 5090,1.0
9313910784,2.73151,K60,RTX 5090,1.0
9315221504,3.00207,K60,RTX 5090,1.0
9316532224,2.76426,K60,RTX 5090,1.0
9317842944,2.77305,K60,RTX 5090,1.0
9319153664,3.00766,K60,RTX 5090,1.0
9320464384,2.86397,K60,RTX 5090,1.0
9321775104,2.74606,K60,RTX 5090,1.0
9323085824,2.89044,K60,RTX 5090,1.0
9324396544,2.80954,K60,RTX 5090,1.0
9325707264,2.87048,K60,RTX 5090,1.0
9327017984,2.78755,K60,RTX 5090,1.0
9328328704,2.90116,K60,RTX 5090,1.0
9329639424,2.86566,K60,RTX 5090,1.0
9330950144,2.82214,K60,RTX 5090,1.0
9332260864,2.71187,K60,RTX 5090,1.0
9333571584,2.84451,K60,RTX 5090,1.0
9334882304,2.66373,K60,RTX 5090,1.0
9336193024,2.86555,K60,RTX 5090,1.0
9337503744,2.83203,K60,RTX 5090,1.0
9338814464,2.80723,K60,RTX 5090,1.0
9340125184,2.79085,K60,RTX 5090,1.0
9341435904,2.79522,K60,RTX 5090,1.0
9342746624,2.84989,K60,RTX 5090,1.0
9344057344,2.67298,K60,RTX 5090,1.0
9345368064,2.81798,K60,RTX 5090,1.0
9346678784,2.93486,K60,RTX 5090,1.0
9347989504,2.8552,K60,RTX 5090,1.0
9349300224,2.80515,K60,RTX 5090,1.0
9350610944,2.95654,K60,RTX 5090,1.0
9351921664,2.75325,K60,RTX 5090,1.0
9353232384,2.81067,K60,RTX 5090,1.0
9354543104,2.8331,K60,RTX 5090,1.0
9355853824,2.98615,K60,RTX 5090,1.0
9357164544,2.79093,K60,RTX 5090,1.0
9358475264,2.81736,K60,RTX 5090,1.0
9359785984,2.80264,K60,RTX 5090,1.0
9361096704,2.87657,K60,RTX 5090,1.0
9362407424,2.81075,K60,RTX 5090,1.0
9363718144,2.72868,K60,RTX 5090,1.0
9365028864,2.80096,K60,RTX 5090,1.0
9366339584,2.72453,K60,RTX 5090,1.0
9367650304,2.74483,K60,RTX 5090,1.0
9368961024,2.67608,K60,RTX 5090,1.0
9370271744,2.91363,K60,RTX 5090,1.0
9371582464,2.85443,K60,RTX 5090,1.0
9372893184,2.87209,K60,RTX 5090,1.0
9374203904,2.71361,K60,RTX 5090,1.0
9375514624,2.83726,K60,RTX 5090,1.0
9376825344,2.92057,K60,RTX 5090,1.0
9378136064,2.75794,K60,RTX 5090,1.0
9379446784,2.79647,K60,RTX 5090,1.0
9380757504,2.8796,K60,RTX 5090,1.0
9382068224,2.89756,K60,RTX 5090,1.0
9383378944,2.74629,K60,RTX 5090,1.0
9384689664,2.74014,K60,RTX 5090,1.0
9386000384,2.94722,K60,RTX 5090,1.0
9387311104,2.70359,K60,RTX 5090,1.0
9388621824,2.90258,K60,RTX 5090,1.0
9389932544,2.89158,K60,RTX 5090,1.0
9391243264,3.01688,K60,RTX 5090,1.0
9392553984,2.89031,K60,RTX 5090,1.0
9393864704,2.74182,K60,RTX 5090,1.0
9395175424,2.84135,K60,RTX 5090,1.0
9396486144,2.75924,K60,RTX 5090,1.0
9397796864,2.99179,K60,RTX 5090,1.0
9399107584,2.82513,K60,RTX 5090,1.0
9400418304,2.78524,K60,RTX 5090,1.0
9401729024,2.75531,K60,RTX 5090,1.0
9403039744,2.70377,K60,RTX 5090,1.0
9404350464,2.91585,K60,RTX 5090,1.0
9405661184,2.83148,K60,RTX 5090,1.0
9406971904,2.85507,K60,RTX 5090,1.0
9408282624,2.75013,K60,RTX 5090,1.0
9409593344,2.80956,K60,RTX 5090,1.0
9410904064,2.78728,K60,RTX 5090,1.0
9412214784,2.91284,K60,RTX 5090,1.0
9413525504,2.7297,K60,RTX 5090,1.0
9414836224,2.85754,K60,RTX 5090,1.0
9416146944,2.89023,K60,RTX 5090,1.0
9417457664,2.73742,K60,RTX 5090,1.0
9418768384,2.84582,K60,RTX 5090,1.0
9420079104,2.8306,K60,RTX 5090,1.0
9421389824,2.98047,K60,RTX 5090,1.0
9422700544,2.73718,K60,RTX 5090,1.0
9424011264,2.81166,K60,RTX 5090,1.0
9425321984,2.86073,K60,RTX 5090,1.0
9426632704,2.88292,K60,RTX 5090,1.0
9427943424,2.82416,K60,RTX 5090,1.0
9429254144,2.79575,K60,RTX 5090,1.0
9430564864,2.89434,K60,RTX 5090,1.0
9431875584,2.9846,K60,RTX 5090,1.0
9433186304,2.90941,K60,RTX 5090,1.0
9434497024,2.87323,K60,RTX 5090,1.0
9435807744,2.78063,K60,RTX 5090,1.0
9437118464,2.78844,K60,RTX 5090,1.0
9438429184,2.89641,K60,RTX 5090,1.0
9439739904,2.80097,K60,RTX 5090,1.0
9441050624,2.99027,K60,RTX 5090,1.0
9442361344,2.87983,K60,RTX 5090,1.0
9443672064,2.91643,K60,RTX 5090,1.0
9444982784,2.81419,K60,RTX 5090,1.0
9446293504,2.7258,K60,RTX 5090,1.0
9447604224,2.90644,K60,RTX 5090,1.0
9448914944,2.63041,K60,RTX 5090,1.0
9450225664,2.82563,K60,RTX 5090,1.0
9451536384,2.70935,K60,RTX 5090,1.0
9452847104,2.98715,K60,RTX 5090,1.0
9454157824,2.85939,K60,RTX 5090,1.0
9455468544,2.87848,K60,RTX 5090,1.0
9456779264,2.83917,K60,RTX 5090,1.0
9458089984,2.85317,K60,RTX 5090,1.0
9459400704,2.82032,K60,RTX 5090,1.0
9460711424,2.86922,K60,RTX 5090,1.0
9462022144,2.79894,K60,RTX 5090,1.0
9463332864,2.87647,K60,RTX 5090,1.0
9464643584,2.91178,K60,RTX 5090,1.0
9465954304,2.84047,K60,RTX 5090,1.0
9467265024,2.87085,K60,RTX 5090,1.0
9468575744,2.86402,K60,RTX 5090,1.0
9469886464,2.66261,K60,RTX 5090,1.0
9471197184,2.8632,K60,RTX 5090,1.0
9472507904,2.70707,K60,RTX 5090,1.0
9473818624,2.8315,K60,RTX 5090,1.0
9475129344,2.76125,K60,RTX 5090,1.0
9476440064,2.83521,K60,RTX 5090,1.0
9477750784,2.92112,K60,RTX 5090,1.0
9479061504,2.82941,K60,RTX 5090,1.0
9480372224,2.90727,K60,RTX 5090,1.0
9481682944,2.67224,K60,RTX 5090,1.0
9482993664,2.88159,K60,RTX 5090,1.0
9484304384,3.00108,K60,RTX 5090,1.0
9485615104,2.91233,K60,RTX 5090,1.0
9486925824,2.9057,K60,RTX 5090,1.0
9488236544,2.9118,K60,RTX 5090,1.0
9489547264,2.88264,K60,RTX 5090,1.0
9490857984,2.74496,K60,RTX 5090,1.0
9492168704,2.83514,K60,RTX 5090,1.0
9493479424,2.86571,K60,RTX 5090,1.0
9494790144,2.9637,K60,RTX 5090,1.0
9496100864,2.71636,K60,RTX 5090,1.0
9497411584,2.86109,K60,RTX 5090,1.0
9498722304,2.89409,K60,RTX 5090,1.0
9500033024,2.83557,K60,RTX 5090,1.0
9501343744,2.71663,K60,RTX 5090,1.0
9502654464,2.90874,K60,RTX 5090,1.0
9503965184,2.87361,K60,RTX 5090,1.0
9505275904,2.70459,K60,RTX 5090,1.0
9506586624,2.66327,K60,RTX 5090,1.0
9507897344,2.7593,K60,RTX 5090,1.0
9509208064,2.92661,K60,RTX 5090,1.0
9510518784,2.77436,K60,RTX 5090,1.0
9511829504,2.82436,K60,RTX 5090,1.0
9513140224,2.72844,K60,RTX 5090,1.0
9514450944,3.06683,K60,RTX 5090,1.0
9515761664,2.83364,K60,RTX 5090,1.0
9517072384,2.73932,K60,RTX 5090,1.0
9518383104,2.9139,K60,RTX 5090,1.0
9519693824,2.79461,K60,RTX 5090,1.0
9521004544,2.85524,K60,RTX 5090,1.0
9522315264,2.82351,K60,RTX 5090,1.0
9523625984,2.94233,K60,RTX 5090,1.0
9524936704,2.76584,K60,RTX 5090,1.0
9526247424,2.74718,K60,RTX 5090,1.0
9527558144,2.75762,K60,RTX 5090,1.0
9528868864,2.94738,K60,RTX 5090,1.0
9530179584,2.91109,K60,RTX 5090,1.0
9531490304,2.79627,K60,RTX 5090,1.0
9532801024,2.96057,K60,RTX 5090,1.0
9534111744,2.58784,K60,RTX 5090,1.0
9535422464,2.93103,K60,RTX 5090,1.0
9536733184,2.73236,K60,RTX 5090,1.0
9538043904,2.81503,K60,RTX 5090,1.0
9539354624,2.87973,K60,RTX 5090,1.0
9540665344,2.76859,K60,RTX 5090,1.0
9541976064,2.86046,K60,RTX 5090,1.0
9543286784,2.63911,K60,RTX 5090,1.0
9544597504,2.8342,K60,RTX 5090,1.0
9545908224,2.83887,K60,RTX 5090,1.0
9547218944,2.88262,K60,RTX 5090,1.0
9548529664,2.78268,K60,RTX 5090,1.0
9549840384,2.92769,K60,RTX 5090,1.0
9551151104,2.79467,K60,RTX 5090,1.0
9552461824,2.85479,K60,RTX 5090,1.0
9553772544,2.70103,K60,RTX 5090,1.0
9555083264,2.83304,K60,RTX 5090,1.0
9556393984,2.88974,K60,RTX 5090,1.0
9557704704,2.72299,K60,RTX 5090,1.0
9559015424,2.73501,K60,RTX 5090,1.0
9560326144,2.86636,K60,RTX 5090,1.0
9561636864,2.79845,K60,RTX 5090,1.0
9562947584,2.66926,K60,RTX 5090,1.0
9564258304,2.86169,K60,RTX 5090,1.0
9565569024,2.87025,K60,RTX 5090,1.0
9566879744,2.8774,K60,RTX 5090,1.0
9568190464,2.89621,K60,RTX 5090,1.0
9569501184,2.78859,K60,RTX 5090,1.0
9570811904,2.85963,K60,RTX 5090,1.0
9572122624,2.90851,K60,RTX 5090,1.0
9573433344,2.84288,K60,RTX 5090,1.0
9574744064,2.80278,K60,RTX 5090,1.0
9576054784,2.89451,K60,RTX 5090,1.0
9577365504,2.89944,K60,RTX 5090,1.0
9578676224,2.83401,K60,RTX 5090,1.0
9579986944,2.81741,K60,RTX 5090,1.0
9581297664,2.94519,K60,RTX 5090,1.0
9582608384,2.85301,K60,RTX 5090,1.0
9583919104,2.76589,K60,RTX 5090,1.0
9585229824,2.90601,K60,RTX 5090,1.0
9586540544,2.72755,K60,RTX 5090,1.0
9587851264,2.93408,K60,RTX 5090,1.0
9589161984,2.84703,K60,RTX 5090,1.0
9590472704,2.9419,K60,RTX 5090,1.0
9591783424,2.99407,K60,RTX 5090,1.0
9593094144,2.68797,K60,RTX 5090,1.0
9594404864,2.73476,K60,RTX 5090,1.0
9595715584,2.80171,K60,RTX 5090,1.0
9597026304,2.98752,K60,RTX 5090,1.0
9598337024,2.68996,K60,RTX 5090,1.0
9599647744,2.83135,K60,RTX 5090,1.0
9600958464,2.90007,K60,RTX 5090,1.0
9602269184,2.79793,K60,RTX 5090,1.0
9603579904,2.93177,K60,RTX 5090,1.0
9604890624,2.68647,K60,RTX 5090,1.0
9606201344,2.90239,K60,RTX 5090,1.0
9607512064,2.65968,K60,RTX 5090,1.0
9608822784,2.92986,K60,RTX 5090,1.0
9610133504,2.87864,K60,RTX 5090,1.0
9611444224,2.86491,K60,RTX 5090,1.0
9612754944,2.79292,K60,RTX 5090,1.0
9614065664,2.77981,K60,RTX 5090,1.0
9615376384,2.8923,K60,RTX 5090,1.0
9616687104,2.85446,K60,RTX 5090,1.0
9617997824,2.82042,K60,RTX 5090,1.0
9619308544,2.79422,K60,RTX 5090,1.0
9620619264,2.84967,K60,RTX 5090,1.0
9621929984,2.83084,K60,RTX 5090,1.0
9623240704,2.92636,K60,RTX 5090,1.0
9624551424,2.82215,K60,RTX 5090,1.0
9625862144,2.90381,K60,RTX 5090,1.0
9627172864,2.77256,K60,RTX 5090,1.0
9628483584,2.73717,K60,RTX 5090,1.0
9629794304,2.78005,K60,RTX 5090,1.0
9631105024,2.79671,K60,RTX 5090,1.0
9632415744,2.90334,K60,RTX 5090,1.0
9633726464,2.91484,K60,RTX 5090,1.0
9635037184,2.80615,K60,RTX 5090,1.0
9636347904,2.84162,K60,RTX 5090,1.0
9637658624,2.82759,K60,RTX 5090,1.0
9638969344,2.81914,K60,RTX 5090,1.0
9640280064,2.84419,K60,RTX 5090,1.0
9641590784,2.82671,K60,RTX 5090,1.0
9642901504,2.85184,K60,RTX 5090,1.0
9644212224,2.85875,K60,RTX 5090,1.0
9645522944,2.76244,K60,RTX 5090,1.0
9646833664,2.92689,K60,RTX 5090,1.0
9648144384,2.75154,K60,RTX 5090,1.0
9649455104,2.79655,K60,RTX 5090,1.0
9650765824,2.66819,K60,RTX 5090,1.0
9652076544,2.86592,K60,RTX 5090,1.0
9653387264,2.9377,K60,RTX 5090,1.0
9654697984,2.68156,K60,RTX 5090,1.0
9656008704,2.79414,K60,RTX 5090,1.0
9657319424,2.93796,K60,RTX 5090,1.0
9658630144,2.80321,K60,RTX 5090,1.0
9659940864,2.78414,K60,RTX 5090,1.0
9661251584,2.79702,K60,RTX 5090,1.0
9662562304,2.7868,K60,RTX 5090,1.0
9663873024,2.92573,K60,RTX 5090,1.0
9665183744,2.73337,K60,RTX 5090,1.0
9666494464,2.82597,K60,RTX 5090,1.0
9667805184,2.82271,K60,RTX 5090,1.0
9669115904,2.78013,K60,RTX 5090,1.0
9670426624,2.8064,K60,RTX 5090,1.0
9671737344,2.67738,K60,RTX 5090,1.0
9673048064,2.80929,K60,RTX 5090,1.0
9674358784,2.78179,K60,RTX 5090,1.0
9675669504,2.85252,K60,RTX 5090,1.0
9676980224,2.96513,K60,RTX 5090,1.0
9678290944,2.79349,K60,RTX 5090,1.0
9679601664,2.95163,K60,RTX 5090,1.0
9680912384,2.73051,K60,RTX 5090,1.0
9682223104,2.82811,K60,RTX 5090,1.0
9683533824,2.78014,K60,RTX 5090,1.0
9684844544,2.86216,K60,RTX 5090,1.0
9686155264,2.76664,K60,RTX 5090,1.0
9687465984,2.82776,K60,RTX 5090,1.0
9688776704,2.88509,K60,RTX 5090,1.0
9690087424,2.75835,K60,RTX 5090,1.0
9691398144,2.87013,K60,RTX 5090,1.0
9692708864,2.82829,K60,RTX 5090,1.0
9694019584,2.94579,K60,RTX 5090,1.0
9695330304,2.7903,K60,RTX 5090,1.0
9696641024,2.77187,K60,RTX 5090,1.0
9697951744,2.8546,K60,RTX 5090,1.0
9699262464,2.81997,K60,RTX 5090,1.0
9700573184,2.76703,K60,RTX 5090,1.0
9701883904,2.74426,K60,RTX 5090,1.0
9703194624,2.88412,K60,RTX 5090,1.0
9704505344,2.83076,K60,RTX 5090,1.0
9705816064,2.7485,K60,RTX 5090,1.0
9707126784,2.67781,K60,RTX 5090,1.0
9708437504,2.79311,K60,RTX 5090,1.0
9709748224,2.8328,K60,RTX 5090,1.0
9711058944,2.89255,K60,RTX 5090,1.0
9712369664,2.77651,K60,RTX 5090,1.0
9713680384,2.94545,K60,RTX 5090,1.0
9714991104,2.83538,K60,RTX 5090,1.0
9716301824,2.74019,K60,RTX 5090,1.0
9717612544,2.93621,K60,RTX 5090,1.0
9718923264,2.84213,K60,RTX 5090,1.0
9720233984,2.81271,K60,RTX 5090,1.0
9721544704,2.83748,K60,RTX 5090,1.0
9722855424,2.87698,K60,RTX 5090,1.0
9724166144,2.86658,K60,RTX 5090,1.0
9725476864,2.92856,K60,RTX 5090,1.0
9726787584,2.84853,K60,RTX 5090,1.0
9728098304,2.82137,K60,RTX 5090,1.0
9729409024,2.92397,K60,RTX 5090,1.0
9730719744,2.79354,K60,RTX 5090,1.0
9732030464,2.73189,K60,RTX 5090,1.0
9733341184,2.63412,K60,RTX 5090,1.0
9734651904,2.86976,K60,RTX 5090,1.0
9735962624,2.69376,K60,RTX 5090,1.0
9737273344,2.84069,K60,RTX 5090,1.0
9738584064,2.74538,K60,RTX 5090,1.0
9739894784,2.80436,K60,RTX 5090,1.0
9741205504,2.90407,K60,RTX 5090,1.0
9742516224,2.74801,K60,RTX 5090,1.0
9743826944,2.79108,K60,RTX 5090,1.0
9745137664,2.66537,K60,RTX 5090,1.0
9746448384,2.92675,K60,RTX 5090,1.0
9747759104,2.82896,K60,RTX 5090,1.0
9749069824,2.86512,K60,RTX 5090,1.0
9750380544,2.97846,K60,RTX 5090,1.0
9751691264,2.84622,K60,RTX 5090,1.0
9753001984,2.73465,K60,RTX 5090,1.0
9754312704,2.81959,K60,RTX 5090,1.0
9755623424,2.81069,K60,RTX 5090,1.0
9756934144,2.75676,K60,RTX 5090,1.0
9758244864,2.89085,K60,RTX 5090,1.0
9759555584,2.80456,K60,RTX 5090,1.0
9760866304,2.85642,K60,RTX 5090,1.0
9762177024,2.7872,K60,RTX 5090,1.0
9763487744,2.72679,K60,RTX 5090,1.0
9764798464,2.82086,K60,RTX 5090,1.0
9766109184,2.7494,K60,RTX 5090,1.0
9767419904,2.79615,K60,RTX 5090,1.0
9768730624,2.74279,K60,RTX 5090,1.0
9770041344,2.94492,K60,RTX 5090,1.0
9771352064,2.80162,K60,RTX 5090,1.0
9772662784,2.74381,K60,RTX 5090,1.0
9773973504,2.87501,K60,RTX 5090,1.0
9775284224,2.8459,K60,RTX 5090,1.0
9776594944,2.92495,K60,RTX 5090,1.0
9777905664,2.91573,K60,RTX 5090,1.0
9779216384,2.87351,K60,RTX 5090,1.0
9780527104,2.94774,K60,RTX 5090,1.0
9781837824,2.90321,K60,RTX 5090,1.0
9783148544,2.7621,K60,RTX 5090,1.0
9784459264,2.96842,K60,RTX 5090,1.0
9785769984,2.81594,K60,RTX 5090,1.0
9787080704,2.82343,K60,RTX 5090,1.0
9788391424,2.7933,K60,RTX 5090,1.0
9789702144,2.82605,K60,RTX 5090,1.0
9791012864,2.9262,K60,RTX 5090,1.0
9792323584,2.7126,K60,RTX 5090,1.0
9793634304,2.83555,K60,RTX 5090,1.0
9794945024,2.73563,K60,RTX 5090,1.0
9796255744,2.8966,K60,RTX 5090,1.0
9797566464,2.72365,K60,RTX 5090,1.0
9798877184,2.82106,K60,RTX 5090,1.0
9800187904,2.76777,K60,RTX 5090,1.0
9801498624,2.85952,K60,RTX 5090,1.0
9802809344,2.84706,K60,RTX 5090,1.0
9804120064,2.68154,K60,RTX 5090,1.0
9805430784,2.90374,K60,RTX 5090,1.0
9806741504,2.6269,K60,RTX 5090,1.0
9808052224,2.92169,K60,RTX 5090,1.0
9809362944,2.79606,K60,RTX 5090,1.0
9810673664,2.92202,K60,RTX 5090,1.0
9811984384,2.94917,K60,RTX 5090,1.0
9813295104,2.81282,K60,RTX 5090,1.0
9814605824,2.94874,K60,RTX 5090,1.0
9815916544,2.76754,K60,RTX 5090,1.0
9817227264,2.84914,K60,RTX 5090,1.0
9818537984,2.79302,K60,RTX 5090,1.0
9819848704,2.90146,K60,RTX 5090,1.0
9821159424,2.88261,K60,RTX 5090,1.0
9822470144,2.79183,K60,RTX 5090,1.0
9823780864,2.86216,K60,RTX 5090,1.0
9825091584,2.83578,K60,RTX 5090,1.0
9826402304,2.75367,K60,RTX 5090,1.0
9827713024,2.79821,K60,RTX 5090,1.0
9829023744,2.7714,K60,RTX 5090,1.0
9830334464,2.68296,K60,RTX 5090,1.0
9831645184,2.89601,K60,RTX 5090,1.0
9832955904,2.81623,K60,RTX 5090,1.0
9834266624,2.83131,K60,RTX 5090,1.0
9835577344,2.86355,K60,RTX 5090,1.0
9836888064,2.80389,K60,RTX 5090,1.0
9838198784,2.95033,K60,RTX 5090,1.0
9839509504,2.65338,K60,RTX 5090,1.0
9840820224,2.88253,K60,RTX 5090,1.0
9842130944,2.90188,K60,RTX 5090,1.0
9843441664,2.83247,K60,RTX 5090,1.0
9844752384,2.75633,K60,RTX 5090,1.0
9846063104,2.96709,K60,RTX 5090,1.0
9847373824,2.76253,K60,RTX 5090,1.0
9848684544,2.73769,K60,RTX 5090,1.0
9849995264,2.82969,K60,RTX 5090,1.0
9851305984,2.82503,K60,RTX 5090,1.0
9852616704,2.80767,K60,RTX 5090,1.0
9853927424,2.74046,K60,RTX 5090,1.0
9855238144,2.87613,K60,RTX 5090,1.0
9856548864,2.87202,K60,RTX 5090,1.0
9857859584,2.76407,K60,RTX 5090,1.0
9859170304,2.79035,K60,RTX 5090,1.0
9860481024,2.83562,K60,RTX 5090,1.0
9861791744,2.88039,K60,RTX 5090,1.0
9863102464,2.93307,K60,RTX 5090,1.0
9864413184,2.87436,K60,RTX 5090,1.0
9865723904,2.73843,K60,RTX 5090,1.0
9867034624,2.91343,K60,RTX 5090,1.0
9868345344,2.68848,K60,RTX 5090,1.0
9869656064,2.84605,K60,RTX 5090,1.0
9870966784,2.71029,K60,RTX 5090,1.0
9872277504,2.7757,K60,RTX 5090,1.0
9873588224,2.85335,K60,RTX 5090,1.0
9874898944,2.84943,K60,RTX 5090,1.0
9876209664,2.79268,K60,RTX 5090,1.0
9877520384,2.84523,K60,RTX 5090,1.0
9878831104,2.80155,K60,RTX 5090,1.0
9880141824,2.72577,K60,RTX 5090,1.0
9881452544,2.92453,K60,RTX 5090,1.0
9882763264,2.86559,K60,RTX 5090,1.0
9884073984,2.80151,K60,RTX 5090,1.0
9885384704,2.92015,K60,RTX 5090,1.0
9886695424,2.76382,K60,RTX 5090,1.0
9888006144,2.98889,K60,RTX 5090,1.0
9889316864,2.78084,K60,RTX 5090,1.0
9890627584,2.85255,K60,RTX 5090,1.0
9891938304,2.66941,K60,RTX 5090,1.0
9893249024,2.77876,K60,RTX 5090,1.0
9894559744,2.85361,K60,RTX 5090,1.0
9895870464,2.84373,K60,RTX 5090,1.0
9897181184,2.86937,K60,RTX 5090,1.0
9898491904,2.85239,K60,RTX 5090,1.0
9899802624,2.89373,K60,RTX 5090,1.0
9901113344,2.67205,K60,RTX 5090,1.0
9902424064,2.86077,K60,RTX 5090,1.0
9903734784,2.77951,K60,RTX 5090,1.0
9905045504,2.90905,K60,RTX 5090,1.0
9906356224,2.75551,K60,RTX 5090,1.0
9907666944,2.90537,K60,RTX 5090,1.0
9908977664,2.96569,K60,RTX 5090,1.0
9910288384,2.68497,K60,RTX 5090,1.0
9911599104,2.68231,K60,RTX 5090,1.0
9912909824,2.87701,K60,RTX 5090,1.0
9914220544,2.85256,K60,RTX 5090,1.0
9915531264,2.75653,K60,RTX 5090,1.0
9916841984,2.90381,K60,RTX 5090,1.0
9918152704,2.98059,K60,RTX 5090,1.0
9919463424,2.76104,K60,RTX 5090,1.0
9920774144,2.74056,K60,RTX 5090,1.0
9922084864,2.79388,K60,RTX 5090,1.0
9923395584,2.93964,K60,RTX 5090,1.0
9924706304,2.92705,K60,RTX 5090,1.0
9926017024,2.77206,K60,RTX 5090,1.0
9927327744,2.86427,K60,RTX 5090,1.0
9928638464,2.85625,K60,RTX 5090,1.0
9929949184,2.78368,K60,RTX 5090,1.0
9931259904,2.78175,K60,RTX 5090,1.0
9932570624,2.73497,K60,RTX 5090,1.0
9933881344,2.76772,K60,RTX 5090,1.0
9935192064,2.77139,K60,RTX 5090,1.0
9936502784,2.79248,K60,RTX 5090,1.0
9937813504,2.73959,K60,RTX 5090,1.0
9939124224,2.83698,K60,RTX 5090,1.0
9940434944,2.8639,K60,RTX 5090,1.0
9941745664,2.79217,K60,RTX 5090,1.0
9943056384,2.93874,K60,RTX 5090,1.0
9944367104,2.84099,K60,RTX 5090,1.0
9945677824,2.76022,K60,RTX 5090,1.0
9946988544,2.80026,K60,RTX 5090,1.0
9948299264,2.75052,K60,RTX 5090,1.0
9949609984,3.06775,K60,RTX 5090,1.0
9950920704,2.89295,K60,RTX 5090,1.0
9952231424,2.76108,K60,RTX 5090,1.0
9953542144,2.77148,K60,RTX 5090,1.0
9954852864,2.86682,K60,RTX 5090,1.0
9956163584,2.66513,K60,RTX 5090,1.0
9957474304,2.85262,K60,RTX 5090,1.0
9958785024,2.79412,K60,RTX 5090,1.0
9960095744,2.92196,K60,RTX 5090,1.0
9961406464,2.77444,K60,RTX 5090,1.0
9962717184,2.72828,K60,RTX 5090,1.0
9964027904,2.85244,K60,RTX 5090,1.0
9965338624,2.54155,K60,RTX 5090,1.0
9966649344,2.82672,K60,RTX 5090,1.0
9967960064,2.76935,K60,RTX 5090,1.0
9969270784,2.92752,K60,RTX 5090,1.0
9970581504,2.781,K60,RTX 5090,1.0
9971892224,2.77347,K60,RTX 5090,1.0
9973202944,2.73437,K60,RTX 5090,1.0
9974513664,2.77797,K60,RTX 5090,1.0
9975824384,2.90107,K60,RTX 5090,1.0
9977135104,2.94728,K60,RTX 5090,1.0
9978445824,2.80489,K60,RTX 5090,1.0
9979756544,2.81018,K60,RTX 5090,1.0
9981067264,2.88366,K60,RTX 5090,1.0
9982377984,2.71293,K60,RTX 5090,1.0
9983688704,2.82966,K60,RTX 5090,1.0
9984999424,2.92676,K60,RTX 5090,1.0
9986310144,2.79567,K60,RTX 5090,1.0
9987620864,2.76418,K60,RTX 5090,1.0
9988931584,2.80196,K60,RTX 5090,1.0
9990242304,2.82344,K60,RTX 5090,1.0
9991553024,2.94182,K60,RTX 5090,1.0
9992863744,2.73186,K60,RTX 5090,1.0
9994174464,2.79108,K60,RTX 5090,1.0
9995485184,2.87155,K60,RTX 5090,1.0
9996795904,2.78604,K60,RTX 5090,1.0
9998106624,2.84925,K60,RTX 5090,1.0
9999417344,2.73908,K60,RTX 5090,1.0
10000728064,2.89573,K60,RTX 5090,1.0
10002038784,2.88203,K60,RTX 5090,1.0
10003349504,2.90308,K60,RTX 5090,1.0
10004660224,2.81045,K60,RTX 5090,1.0
10005970944,2.76155,K60,RTX 5090,1.0
10007281664,2.88803,K60,RTX 5090,1.0
10008592384,2.70213,K60,RTX 5090,1.0
10009903104,2.87587,K60,RTX 5090,1.0
10011213824,2.84824,K60,RTX 5090,1.0
10012524544,2.98033,K60,RTX 5090,1.0
10013835264,2.96145,K60,RTX 5090,1.0
10015145984,2.72727,K60,RTX 5090,1.0
10016456704,2.81111,K60,RTX 5090,1.0
10017767424,2.74105,K60,RTX 5090,1.0
10019078144,2.87068,K60,RTX 5090,1.0
10020388864,2.90063,K60,RTX 5090,1.0
10021699584,2.92501,K60,RTX 5090,1.0
10023010304,2.77405,K60,RTX 5090,1.0
10024321024,2.80545,K60,RTX 5090,1.0
10025631744,2.8118,K60,RTX 5090,1.0
10026942464,2.75615,K60,RTX 5090,1.0
10028253184,2.93662,K60,RTX 5090,1.0
10029563904,2.71812,K60,RTX 5090,1.0
10030874624,2.76508,K60,RTX 5090,1.0
10032185344,2.87956,K60,RTX 5090,1.0
10033496064,2.82117,K60,RTX 5090,1.0
10034806784,2.76565,K60,RTX 5090,1.0
10036117504,2.87884,K60,RTX 5090,1.0
10037428224,2.7931,K60,RTX 5090,1.0
10038738944,2.77417,K60,RTX 5090,1.0
10040049664,2.89417,K60,RTX 5090,1.0
10041360384,2.84256,K60,RTX 5090,1.0
10042671104,2.88891,K60,RTX 5090,1.0
10043981824,2.83794,K60,RTX 5090,1.0
10045292544,2.84188,K60,RTX 5090,1.0
10046603264,2.945,K60,RTX 5090,1.0
10047913984,2.92386,K60,RTX 5090,1.0
10049224704,2.74935,K60,RTX 5090,1.0
10050535424,2.67685,K60,RTX 5090,1.0
10051846144,2.88513,K60,RTX 5090,1.0
10053156864,2.78849,K60,RTX 5090,1.0
10054467584,2.82218,K60,RTX 5090,1.0
10055778304,2.83802,K60,RTX 5090,1.0
10057089024,2.85198,K60,RTX 5090,1.0
10058399744,2.88335,K60,RTX 5090,1.0
10059710464,2.80789,K60,RTX 5090,1.0
10061021184,2.79662,K60,RTX 5090,1.0
10062331904,2.7295,K60,RTX 5090,1.0
10063642624,2.91334,K60,RTX 5090,1.0
10064953344,2.75615,K60,RTX 5090,1.0
10066264064,2.76763,K60,RTX 5090,1.0
10067574784,2.75341,K60,RTX 5090,1.0
10068885504,2.88738,K60,RTX 5090,1.0
10070196224,2.7247,K60,RTX 5090,1.0
10071506944,2.78579,K60,RTX 5090,1.0
10072817664,2.82461,K60,RTX 5090,1.0
10074128384,2.86226,K60,RTX 5090,1.0
10075439104,2.69814,K60,RTX 5090,1.0
10076749824,2.72675,K60,RTX 5090,1.0
10078060544,2.98628,K60,RTX 5090,1.0
10079371264,2.67757,K60,RTX 5090,1.0
10080681984,2.81461,K60,RTX 5090,1.0
10081992704,2.8514,K60,RTX 5090,1.0
10083303424,2.8678,K60,RTX 5090,1.0
10084614144,2.84605,K60,RTX 5090,1.0
10085924864,2.73906,K60,RTX 5090,1.0
10087235584,2.86536,K60,RTX 5090,1.0
10088546304,2.7248,K60,RTX 5090,1.0
10089857024,2.85728,K60,RTX 5090,1.0
10091167744,2.69367,K60,RTX 5090,1.0
10092478464,2.81424,K60,RTX 5090,1.0
10093789184,2.88451,K60,RTX 5090,1.0
10095099904,2.88853,K60,RTX 5090,1.0
10096410624,2.8469,K60,RTX 5090,1.0
10097721344,2.85051,K60,RTX 5090,1.0
10099032064,2.98656,K60,RTX 5090,1.0
10100342784,2.73567,K60,RTX 5090,1.0
10101653504,2.93065,K60,RTX 5090,1.0
10102964224,2.70801,K60,RTX 5090,1.0
10104274944,2.91915,K60,RTX 5090,1.0
10105585664,2.71628,K60,RTX 5090,1.0
10106896384,2.76966,K60,RTX 5090,1.0
10108207104,3.00581,K60,RTX 5090,1.0
10109517824,2.87593,K60,RTX 5090,1.0
10110828544,2.67178,K60,RTX 5090,1.0
10112139264,2.77531,K60,RTX 5090,1.0
10113449984,2.90649,K60,RTX 5090,1.0
10114760704,2.74572,K60,RTX 5090,1.0
10116071424,2.86646,K60,RTX 5090,1.0
10117382144,3.0062,K60,RTX 5090,1.0
10118692864,2.92115,K60,RTX 5090,1.0
10120003584,2.84775,K60,RTX 5090,1.0
10121314304,2.67046,K60,RTX 5090,1.0
10122625024,2.91218,K60,RTX 5090,1.0
10123935744,2.80373,K60,RTX 5090,1.0
10125246464,2.82469,K60,RTX 5090,1.0
10126557184,2.75461,K60,RTX 5090,1.0
10127867904,2.9526,K60,RTX 5090,1.0
10129178624,2.9834,K60,RTX 5090,1.0
10130489344,2.77019,K60,RTX 5090,1.0
10131800064,2.92343,K60,RTX 5090,1.0
10133110784,2.88885,K60,RTX 5090,1.0
10134421504,2.84753,K60,RTX 5090,1.0
10135732224,2.6375,K60,RTX 5090,1.0
10137042944,2.78537,K60,RTX 5090,1.0
10138353664,2.77927,K60,RTX 5090,1.0
10139664384,2.91339,K60,RTX 5090,1.0
10140975104,2.67527,K60,RTX 5090,1.0
10142285824,2.93257,K60,RTX 5090,1.0
10143596544,2.82964,K60,RTX 5090,1.0
10144907264,2.93471,K60,RTX 5090,1.0
10146217984,2.83582,K60,RTX 5090,1.0
10147528704,2.78271,K60,RTX 5090,1.0
10148839424,2.99699,K60,RTX 5090,1.0
10150150144,2.74463,K60,RTX 5090,1.0
10151460864,2.88783,K60,RTX 5090,1.0
10152771584,2.89841,K60,RTX 5090,1.0
10154082304,2.84368,K60,RTX 5090,1.0
10155393024,2.76201,K60,RTX 5090,1.0
10156703744,2.75319,K60,RTX 5090,1.0
10158014464,2.80695,K60,RTX 5090,1.0
10159325184,2.86819,K60,RTX 5090,1.0
10160635904,2.77918,K60,RTX 5090,1.0
10161946624,2.77825,K60,RTX 5090,1.0
10163257344,2.76376,K60,RTX 5090,1.0
10164568064,2.70158,K60,RTX 5090,1.0
10165878784,2.87566,K60,RTX 5090,1.0
10167189504,2.71668,K60,RTX 5090,1.0
10168500224,2.85279,K60,RTX 5090,1.0
10169810944,2.76979,K60,RTX 5090,1.0
10171121664,2.84701,K60,RTX 5090,1.0
10172432384,2.72685,K60,RTX 5090,1.0
10173743104,2.69869,K60,RTX 5090,1.0
10175053824,2.86586,K60,RTX 5090,1.0
10176364544,2.96685,K60,RTX 5090,1.0
10177675264,2.91441,K60,RTX 5090,1.0
10178985984,2.81507,K60,RTX 5090,1.0
10180296704,2.90451,K60,RTX 5090,1.0
10181607424,2.83736,K60,RTX 5090,1.0
10182918144,2.74396,K60,RTX 5090,1.0
10184228864,2.91937,K60,RTX 5090,1.0
10185539584,2.74128,K60,RTX 5090,1.0
10186850304,2.81522,K60,RTX 5090,1.0
10188161024,2.75916,K60,RTX 5090,1.0
10189471744,2.89234,K60,RTX 5090,1.0
10190782464,2.78179,K60,RTX 5090,1.0
10192093184,2.72237,K60,RTX 5090,1.0
10193403904,2.83832,K60,RTX 5090,1.0
10194714624,2.79125,K60,RTX 5090,1.0
10196025344,2.73399,K60,RTX 5090,1.0
10197336064,2.76355,K60,RTX 5090,1.0
10198646784,2.81307,K60,RTX 5090,1.0
10199957504,2.86291,K60,RTX 5090,1.0
10201268224,2.85748,K60,RTX 5090,1.0
10202578944,2.7958,K60,RTX 5090,1.0
10203889664,2.91692,K60,RTX 5090,1.0
10205200384,2.94015,K60,RTX 5090,1.0
10206511104,2.89568,K60,RTX 5090,1.0
10207821824,2.71814,K60,RTX 5090,1.0
10209132544,2.82598,K60,RTX 5090,1.0
10210443264,2.80094,K60,RTX 5090,1.0
10211753984,2.79694,K60,RTX 5090,1.0
10213064704,2.94398,K60,RTX 5090,1.0
10214375424,2.8128,K60,RTX 5090,1.0
10215686144,2.74879,K60,RTX 5090,1.0
10216996864,2.93659,K60,RTX 5090,1.0
10218307584,2.70381,K60,RTX 5090,1.0
10219618304,2.78793,K60,RTX 5090,1.0
10220929024,2.90592,K60,RTX 5090,1.0
10222239744,2.85721,K60,RTX 5090,1.0
10223550464,2.86538,K60,RTX 5090,1.0
10224861184,2.74969,K60,RTX 5090,1.0
10226171904,2.91699,K60,RTX 5090,1.0
10227482624,2.90615,K60,RTX 5090,1.0
10228793344,2.57465,K60,RTX 5090,1.0
10230104064,2.75575,K60,RTX 5090,1.0
10231414784,2.90286,K60,RTX 5090,1.0
10232725504,2.86399,K60,RTX 5090,1.0
10234036224,2.82685,K60,RTX 5090,1.0
10235346944,2.92244,K60,RTX 5090,1.0
10236657664,2.87843,K60,RTX 5090,1.0
10237968384,2.77224,K60,RTX 5090,1.0
10239279104,2.77713,K60,RTX 5090,1.0
10240589824,2.89837,K60,RTX 5090,1.0
10241900544,2.83401,K60,RTX 5090,1.0
10243211264,2.84027,K60,RTX 5090,1.0
10244521984,2.74036,K60,RTX 5090,1.0
10245832704,2.99903,K60,RTX 5090,1.0
10247143424,2.76884,K60,RTX 5090,1.0
10248454144,2.92556,K60,RTX 5090,1.0
10249764864,2.79862,K60,RTX 5090,1.0
10251075584,2.85691,K60,RTX 5090,1.0
10252386304,2.66689,K60,RTX 5090,1.0
10253697024,2.78357,K60,RTX 5090,1.0
10255007744,2.69629,K60,RTX 5090,1.0
10256318464,2.88202,K60,RTX 5090,1.0
10257629184,2.93846,K60,RTX 5090,1.0
10258939904,2.82736,K60,RTX 5090,1.0
10260250624,2.86657,K60,RTX 5090,1.0
10261561344,2.79536,K60,RTX 5090,1.0
10262872064,3.03344,K60,RTX 5090,1.0
10264182784,2.76251,K60,RTX 5090,1.0
10265493504,2.81248,K60,RTX 5090,1.0
10266804224,2.9272,K60,RTX 5090,1.0
10268114944,2.72707,K60,RTX 5090,1.0
10269425664,2.6747,K60,RTX 5090,1.0
10270736384,2.78852,K60,RTX 5090,1.0
10272047104,2.83948,K60,RTX 5090,1.0
10273357824,2.85709,K60,RTX 5090,1.0
10274668544,2.7764,K60,RTX 5090,1.0
10275979264,2.82775,K60,RTX 5090,1.0
10277289984,2.88806,K60,RTX 5090,1.0
10278600704,2.86779,K60,RTX 5090,1.0
10279911424,2.80182,K60,RTX 5090,1.0
10281222144,2.63089,K60,RTX 5090,1.0
10282532864,2.824,K60,RTX 5090,1.0
10283843584,2.93427,K60,RTX 5090,1.0
10285154304,2.74624,K60,RTX 5090,1.0
10286465024,2.85007,K60,RTX 5090,1.0
10287775744,2.71858,K60,RTX 5090,1.0
10289086464,2.87006,K60,RTX 5090,1.0
10290397184,2.76651,K60,RTX 5090,1.0
10291707904,2.80042,K60,RTX 5090,1.0
10293018624,2.81197,K60,RTX 5090,1.0
10294329344,2.92729,K60,RTX 5090,1.0
10295640064,2.74672,K60,RTX 5090,1.0
10296950784,2.80158,K60,RTX 5090,1.0
10298261504,2.97037,K60,RTX 5090,1.0
10299572224,2.84544,K60,RTX 5090,1.0
10300882944,2.90751,K60,RTX 5090,1.0
10302193664,2.86538,K60,RTX 5090,1.0
10303504384,2.89179,K60,RTX 5090,1.0
10304815104,2.81066,K60,RTX 5090,1.0
10306125824,2.82908,K60,RTX 5090,1.0
10307436544,2.87185,K60,RTX 5090,1.0
10308747264,2.82845,K60,RTX 5090,1.0
10310057984,2.85485,K60,RTX 5090,1.0
10311368704,2.71424,K60,RTX 5090,1.0
10312679424,2.84136,K60,RTX 5090,1.0
10313990144,2.80046,K60,RTX 5090,1.0
10315300864,2.85763,K60,RTX 5090,1.0
10316611584,2.81071,K60,RTX 5090,1.0
10317922304,2.90832,K60,RTX 5090,1.0
10319233024,2.76548,K60,RTX 5090,1.0
10320543744,2.7457,K60,RTX 5090,1.0
10321854464,2.83256,K60,RTX 5090,1.0
10323165184,2.75112,K60,RTX 5090,1.0
10324475904,2.92129,K60,RTX 5090,1.0
10325786624,2.77665,K60,RTX 5090,1.0
10327097344,2.99715,K60,RTX 5090,1.0
10328408064,2.93739,K60,RTX 5090,1.0
10329718784,2.8558,K60,RTX 5090,1.0
10331029504,2.85973,K60,RTX 5090,1.0
10332340224,2.58203,K60,RTX 5090,1.0
10333650944,2.81473,K60,RTX 5090,1.0
10334961664,2.81111,K60,RTX 5090,1.0
10336272384,2.72627,K60,RTX 5090,1.0
10337583104,2.77506,K60,RTX 5090,1.0
10338893824,2.93474,K60,RTX 5090,1.0
10340204544,2.78626,K60,RTX 5090,1.0
10341515264,2.92678,K60,RTX 5090,1.0
10342825984,2.86142,K60,RTX 5090,1.0
10344136704,2.82313,K60,RTX 5090,1.0
10345447424,2.8722,K60,RTX 5090,1.0
10346758144,2.77567,K60,RTX 5090,1.0
10348068864,2.9648,K60,RTX 5090,1.0
10349379584,2.87633,K60,RTX 5090,1.0
10350690304,2.86784,K60,RTX 5090,1.0
10352001024,2.87667,K60,RTX 5090,1.0
10353311744,2.86011,K60,RTX 5090,1.0
10354622464,2.95502,K60,RTX 5090,1.0
10355933184,2.6695,K60,RTX 5090,1.0
10357243904,2.69329,K60,RTX 5090,1.0
10358554624,2.85895,K60,RTX 5090,1.0
10359865344,2.79923,K60,RTX 5090,1.0
10361176064,2.75943,K60,RTX 5090,1.0
10362486784,2.77045,K60,RTX 5090,1.0
10363797504,2.66271,K60,RTX 5090,1.0
10365108224,2.78325,K60,RTX 5090,1.0
10366418944,2.71232,K60,RTX 5090,1.0
10367729664,2.8707,K60,RTX 5090,1.0
10369040384,2.73619,K60,RTX 5090,1.0
10370351104,2.80514,K60,RTX 5090,1.0
10371661824,2.74874,K60,RTX 5090,1.0
10372972544,2.78695,K60,RTX 5090,1.0
10374283264,2.90394,K60,RTX 5090,1.0
10375593984,2.83558,K60,RTX 5090,1.0
10376904704,2.85211,K60,RTX 5090,1.0
10378215424,2.68355,K60,RTX 5090,1.0
10379526144,2.99796,K60,RTX 5090,1.0
10380836864,2.92966,K60,RTX 5090,1.0
10382147584,2.81958,K60,RTX 5090,1.0
10383458304,2.91066,K60,RTX 5090,1.0
10384769024,2.68078,K60,RTX 5090,1.0
10386079744,2.87054,K60,RTX 5090,1.0
10387390464,2.8008,K60,RTX 5090,1.0
10388701184,2.91847,K60,RTX 5090,1.0
10390011904,2.89305,K60,RTX 5090,1.0
10391322624,2.81044,K60,RTX 5090,1.0
10392633344,2.81186,K60,RTX 5090,1.0
10393944064,2.7877,K60,RTX 5090,1.0
10395254784,2.82404,K60,RTX 5090,1.0
10396565504,2.68931,K60,RTX 5090,1.0
10397876224,2.79439,K60,RTX 5090,1.0
10399186944,2.71306,K60,RTX 5090,1.0
10400497664,2.81574,K60,RTX 5090,1.0
10401808384,2.80075,K60,RTX 5090,1.0
10403119104,2.85514,K60,RTX 5090,1.0
10404429824,2.93304,K60,RTX 5090,1.0
10405740544,2.84046,K60,RTX 5090,1.0
10407051264,2.95428,K60,RTX 5090,1.0
10408361984,2.80925,K60,RTX 5090,1.0
10409672704,2.77384,K60,RTX 5090,1.0
10410983424,2.77505,K60,RTX 5090,1.0
10412294144,2.96224,K60,RTX 5090,1.0
10413604864,2.68603,K60,RTX 5090,1.0
10414915584,2.8735,K60,RTX 5090,1.0
10416226304,2.93072,K60,RTX 5090,1.0
10417537024,2.7676,K60,RTX 5090,1.0
10418847744,2.90061,K60,RTX 5090,1.0
10420158464,2.76433,K60,RTX 5090,1.0
10421469184,2.86538,K60,RTX 5090,1.0
10422779904,2.86353,K60,RTX 5090,1.0
10424090624,2.84785,K60,RTX 5090,1.0
10425401344,2.78187,K60,RTX 5090,1.0
10426712064,2.85357,K60,RTX 5090,1.0
10428022784,2.77368,K60,RTX 5090,1.0
10429333504,2.87793,K60,RTX 5090,1.0
10430644224,2.74636,K60,RTX 5090,1.0
10431954944,2.81109,K60,RTX 5090,1.0
10433265664,2.90035,K60,RTX 5090,1.0
10434576384,2.77559,K60,RTX 5090,1.0
10435887104,2.99651,K60,RTX 5090,1.0
10437197824,2.78891,K60,RTX 5090,1.0
10438508544,2.82257,K60,RTX 5090,1.0
10439819264,2.86736,K60,RTX 5090,1.0
10441129984,2.84964,K60,RTX 5090,1.0
10442440704,2.92416,K60,RTX 5090,1.0
10443751424,2.77745,K60,RTX 5090,1.0
10445062144,2.88655,K60,RTX 5090,1.0
10446372864,2.68783,K60,RTX 5090,1.0
10447683584,2.82717,K60,RTX 5090,1.0
10448994304,2.63961,K60,RTX 5090,1.0
10450305024,2.73548,K60,RTX 5090,1.0
10451615744,2.73521,K60,RTX 5090,1.0
10452926464,2.76511,K60,RTX 5090,1.0
10454237184,2.74991,K60,RTX 5090,1.0
10455547904,2.78169,K60,RTX 5090,1.0
10456858624,2.90298,K60,RTX 5090,1.0
10458169344,2.71908,K60,RTX 5090,1.0
10459480064,2.88373,K60,RTX 5090,1.0
10460790784,2.70115,K60,RTX 5090,1.0
10462101504,3.01231,K60,RTX 5090,1.0
10463412224,2.88078,K60,RTX 5090,1.0
10464722944,2.76214,K60,RTX 5090,1.0
10466033664,2.73748,K60,RTX 5090,1.0
10467344384,2.87248,K60,RTX 5090,1.0
10468655104,2.82977,K60,RTX 5090,1.0
10469965824,2.72668,K60,RTX 5090,1.0
10471276544,2.85636,K60,RTX 5090,1.0
10472587264,2.83586,K60,RTX 5090,1.0
10473897984,2.85877,K60,RTX 5090,1.0
10475208704,2.83991,K60,RTX 5090,1.0
10476519424,2.95582,K60,RTX 5090,1.0
10477830144,2.83583,K60,RTX 5090,1.0
10479140864,2.76594,K60,RTX 5090,1.0
10480451584,2.8515,K60,RTX 5090,1.0
10481762304,2.69055,K60,RTX 5090,1.0
10483073024,2.84493,K60,RTX 5090,1.0
10484383744,2.86118,K60,RTX 5090,1.0
10485694464,2.85012,K60,RTX 5090,1.0
10487005184,2.81172,K60,RTX 5090,1.0
10488315904,2.82689,K60,RTX 5090,1.0
10489626624,2.8472,K60,RTX 5090,1.0
10490937344,2.77538,K60,RTX 5090,1.0
10492248064,2.84567,K60,RTX 5090,1.0
10493558784,2.87771,K60,RTX 5090,1.0
10494869504,2.80726,K60,RTX 5090,1.0
10496180224,2.76512,K60,RTX 5090,1.0
10497490944,2.9662,K60,RTX 5090,1.0
10498801664,2.7464,K60,RTX 5090,1.0
10500112384,2.88834,K60,RTX 5090,1.0
10501423104,2.7038,K60,RTX 5090,1.0
10502733824,2.76252,K60,RTX 5090,1.0
10504044544,2.88834,K60,RTX 5090,1.0
10505355264,2.7382,K60,RTX 5090,1.0
10506665984,2.77925,K60,RTX 5090,1.0
10507976704,2.95051,K60,RTX 5090,1.0
10509287424,2.83359,K60,RTX 5090,1.0
10510598144,2.68857,K60,RTX 5090,1.0
10511908864,2.86665,K60,RTX 5090,1.0
10513219584,2.78243,K60,RTX 5090,1.0
10514530304,2.70489,K60,RTX 5090,1.0
10515841024,2.67988,K60,RTX 5090,1.0
10517151744,2.8095,K60,RTX 5090,1.0
10518462464,2.85799,K60,RTX 5090,1.0
10519773184,2.70561,K60,RTX 5090,1.0
10521083904,2.85829,K60,RTX 5090,1.0
10522394624,2.76329,K60,RTX 5090,1.0
10523705344,2.79609,K60,RTX 5090,1.0
10525016064,2.84449,K60,RTX 5090,1.0
10526326784,2.84631,K60,RTX 5090,1.0
10527637504,2.88789,K60,RTX 5090,1.0
10528948224,2.92642,K60,RTX 5090,1.0
10530258944,2.85061,K60,RTX 5090,1.0
10531569664,2.63311,K60,RTX 5090,1.0
10532880384,2.74187,K60,RTX 5090,1.0
10534191104,2.81156,K60,RTX 5090,1.0
10535501824,2.76301,K60,RTX 5090,1.0
10536812544,2.72753,K60,RTX 5090,1.0
10538123264,2.89696,K60,RTX 5090,1.0
10539433984,2.80665,K60,RTX 5090,1.0
10540744704,2.9542,K60,RTX 5090,1.0
10542055424,2.70897,K60,RTX 5090,1.0
10543366144,2.79759,K60,RTX 5090,1.0
10544676864,2.78989,K60,RTX 5090,1.0
10545987584,2.86438,K60,RTX 5090,1.0
10547298304,2.83752,K60,RTX 5090,1.0
10548609024,2.988,K60,RTX 5090,1.0
10549919744,2.77139,K60,RTX 5090,1.0
10551230464,2.81429,K60,RTX 5090,1.0
10552541184,2.76093,K60,RTX 5090,1.0
10553851904,2.7634,K60,RTX 5090,1.0
10555162624,2.84054,K60,RTX 5090,1.0
10556473344,2.85777,K60,RTX 5090,1.0
10557784064,2.80352,K60,RTX 5090,1.0
10559094784,2.8004,K60,RTX 5090,1.0
10560405504,2.82775,K60,RTX 5090,1.0
10561716224,2.86587,K60,RTX 5090,1.0
10563026944,2.73008,K60,RTX 5090,1.0
10564337664,2.83138,K60,RTX 5090,1.0
10565648384,2.80468,K60,RTX 5090,1.0
10566959104,2.63217,K60,RTX 5090,1.0
10568269824,2.81696,K60,RTX 5090,1.0
10569580544,2.90715,K60,RTX 5090,1.0
10570891264,2.82497,K60,RTX 5090,1.0
12000100352,2.75295,K60-capability,RTX 5090,1.0
12000886784,2.89773,K60-capability,RTX 5090,1.0
12002197504,2.75804,K60-capability,RTX 5090,1.0
12003508224,2.80736,K60-capability,RTX 5090,1.0
12004818944,2.79825,K60-capability,RTX 5090,1.0
12006129664,2.65198,K60-capability,RTX 5090,1.0
12007440384,2.82792,K60-capability,RTX 5090,1.0
12008751104,2.75669,K60-capability,RTX 5090,1.0
12010061824,2.84991,K60-capability,RTX 5090,1.0
12011372544,2.8175,K60-capability,RTX 5090,1.0
12012683264,2.86958,K60-capability,RTX 5090,1.0
12013993984,2.81618,K60-capability,RTX 5090,1.0
12015304704,2.85503,K60-capability,RTX 5090,1.0
12016615424,2.87893,K60-capability,RTX 5090,1.0
12017926144,3.06518,K60-capability,RTX 5090,1.0
12019236864,2.90892,K60-capability,RTX 5090,1.0
12020547584,3.00199,K60-capability,RTX 5090,1.0
12021858304,2.95178,K60-capability,RTX 5090,1.0
12023169024,2.97421,K60-capability,RTX 5090,1.0
12024479744,2.82221,K60-capability,RTX 5090,1.0
12025790464,2.96301,K60-capability,RTX 5090,1.0
12027101184,2.8414,K60-capability,RTX 5090,1.0
12028411904,2.83432,K60-capability,RTX 5090,1.0
12029722624,2.79185,K60-capability,RTX 5090,1.0
12031033344,2.8015,K60-capability,RTX 5090,1.0
12032344064,2.82654,K60-capability,RTX 5090,1.0
12033654784,2.79617,K60-capability,RTX 5090,1.0
12034965504,2.75408,K60-capability,RTX 5090,1.0
12036276224,2.88009,K60-capability,RTX 5090,1.0
12037586944,2.72755,K60-capability,RTX 5090,1.0
12038897664,2.8323,K60-capability,RTX 5090,1.0
12040208384,2.77886,K60-capability,RTX 5090,1.0
12041519104,2.7805,K60-capability,RTX 5090,1.0
12042829824,2.90546,K60-capability,RTX 5090,1.0
12044140544,2.96245,K60-capability,RTX 5090,1.0
12045451264,2.82545,K60-capability,RTX 5090,1.0
12046761984,2.90297,K60-capability,RTX 5090,1.0
12048072704,3.04017,K60-capability,RTX 5090,1.0
12049383424,3.03599,K60-capability,RTX 5090,1.0
12050694144,2.97864,K60-capability,RTX 5090,1.0
12052004864,2.96152,K60-capability,RTX 5090,1.0
12053315584,2.86602,K60-capability,RTX 5090,1.0
12054626304,2.90954,K60-capability,RTX 5090,1.0
12055937024,2.85423,K60-capability,RTX 5090,1.0
12057247744,2.86718,K60-capability,RTX 5090,1.0
12058558464,2.82139,K60-capability,RTX 5090,1.0
12059869184,2.74854,K60-capability,RTX 5090,1.0
12061179904,2.761,K60-capability,RTX 5090,1.0
12062490624,2.73154,K60-capability,RTX 5090,1.0
12063801344,2.78465,K60-capability,RTX 5090,1.0
12065112064,2.87065,K60-capability,RTX 5090,1.0
12066422784,2.73144,K60-capability,RTX 5090,1.0
12067733504,2.78749,K60-capability,RTX 5090,1.0
12069044224,2.82096,K60-capability,RTX 5090,1.0
12070354944,2.87423,K60-capability,RTX 5090,1.0
12071665664,2.86561,K60-capability,RTX 5090,1.0
12072976384,2.97838,K60-capability,RTX 5090,1.0
12074287104,2.9331,K60-capability,RTX 5090,1.0
12075597824,2.94332,K60-capability,RTX 5090,1.0
12076908544,2.82489,K60-capability,RTX 5090,1.0
12078219264,2.81412,K60-capability,RTX 5090,1.0
12079529984,3.02188,K60-capability,RTX 5090,1.0
12080840704,2.95648,K60-capability,RTX 5090,1.0
12082151424,2.85886,K60-capability,RTX 5090,1.0
12083462144,2.80246,K60-capability,RTX 5090,1.0
12084772864,2.87804,K60-capability,RTX 5090,1.0
12086083584,2.86386,K60-capability,RTX 5090,1.0
12087394304,2.73191,K60-capability,RTX 5090,1.0
12088705024,2.67441,K60-capability,RTX 5090,1.0
12090015744,2.7666,K60-capability,RTX 5090,1.0
12091326464,2.75336,K60-capability,RTX 5090,1.0
12092637184,2.72139,K60-capability,RTX 5090,1.0
12093947904,2.78006,K60-capability,RTX 5090,1.0
12095258624,2.82806,K60-capability,RTX 5090,1.0
12096569344,2.73446,K60-capability,RTX 5090,1.0
12097880064,2.65937,K60-capability,RTX 5090,1.0
12099190784,2.74557,K60-capability,RTX 5090,1.0
12100501504,2.74185,K60-capability,RTX 5090,1.0
12101812224,2.79917,K60-capability,RTX 5090,1.0
12103122944,2.83151,K60-capability,RTX 5090,1.0
12104433664,2.89947,K60-capability,RTX 5090,1.0
12105744384,2.8004,K60-capability,RTX 5090,1.0
12107055104,2.91277,K60-capability,RTX 5090,1.0
12108365824,2.89361,K60-capability,RTX 5090,1.0
12109676544,3.02214,K60-capability,RTX 5090,1.0
12110987264,2.9412,K60-capability,RTX 5090,1.0
12112297984,2.96944,K60-capability,RTX 5090,1.0
12113608704,2.8907,K60-capability,RTX 5090,1.0
12114919424,2.89428,K60-capability,RTX 5090,1.0
12116230144,2.83293,K60-capability,RTX 5090,1.0
12117540864,2.81302,K60-capability,RTX 5090,1.0
12118851584,2.81116,K60-capability,RTX 5090,1.0
12120162304,2.70374,K60-capability,RTX 5090,1.0
12121473024,2.8253,K60-capability,RTX 5090,1.0
12122783744,2.66531,K60-capability,RTX 5090,1.0
12124094464,2.67533,K60-capability,RTX 5090,1.0
12125405184,2.86749,K60-capability,RTX 5090,1.0
12126715904,2.83792,K60-capability,RTX 5090,1.0
12128026624,2.78895,K60-capability,RTX 5090,1.0
12129337344,2.75499,K60-capability,RTX 5090,1.0
12130648064,2.89589,K60-capability,RTX 5090,1.0
12131958784,2.90363,K60-capability,RTX 5090,1.0
12133269504,2.90779,K60-capability,RTX 5090,1.0
12134580224,2.77227,K60-capability,RTX 5090,1.0
12135890944,2.91904,K60-capability,RTX 5090,1.0
12137201664,2.85348,K60-capability,RTX 5090,1.0
12138512384,2.86393,K60-capability,RTX 5090,1.0
12139823104,3.03278,K60-capability,RTX 5090,1.0
12141133824,3.08352,K60-capability,RTX 5090,1.0
12142444544,2.97414,K60-capability,RTX 5090,1.0
12143755264,2.92851,K60-capability,RTX 5090,1.0
12145065984,2.90306,K60-capability,RTX 5090,1.0
12146376704,2.86702,K60-capability,RTX 5090,1.0
12147687424,2.89976,K60-capability,RTX 5090,1.0
12148998144,2.73838,K60-capability,RTX 5090,1.0
12150308864,2.78944,K60-capability,RTX 5090,1.0
12151619584,2.75722,K60-capability,RTX 5090,1.0
12152930304,2.76656,K60-capability,RTX 5090,1.0
12154241024,2.85144,K60-capability,RTX 5090,1.0
12155551744,2.69562,K60-capability,RTX 5090,1.0
12156862464,2.96533,K60-capability,RTX 5090,1.0
12158173184,2.79773,K60-capability,RTX 5090,1.0
12159483904,2.83197,K60-capability,RTX 5090,1.0
12160794624,2.66593,K60-capability,RTX 5090,1.0
12162105344,2.78485,K60-capability,RTX 5090,1.0
12163416064,2.81536,K60-capability,RTX 5090,1.0
12164726784,2.9352,K60-capability,RTX 5090,1.0
12166037504,2.79206,K60-capability,RTX 5090,1.0
12167348224,2.91115,K60-capability,RTX 5090,1.0
12168658944,2.8472,K60-capability,RTX 5090,1.0
12169969664,3.01097,K60-capability,RTX 5090,1.0
12171280384,3.01501,K60-capability,RTX 5090,1.0
12172591104,2.97989,K60-capability,RTX 5090,1.0
12173901824,2.95553,K60-capability,RTX 5090,1.0
12175212544,2.83864,K60-capability,RTX 5090,1.0
12176523264,2.80266,K60-capability,RTX 5090,1.0
12177833984,2.89673,K60-capability,RTX 5090,1.0
12179144704,2.86684,K60-capability,RTX 5090,1.0
12180455424,2.71692,K60-capability,RTX 5090,1.0
12181766144,2.66786,K60-capability,RTX 5090,1.0
12183076864,2.7421,K60-capability,RTX 5090,1.0
12184387584,2.87809,K60-capability,RTX 5090,1.0
12185698304,2.80796,K60-capability,RTX 5090,1.0
12187009024,2.75381,K60-capability,RTX 5090,1.0
12188319744,2.74375,K60-capability,RTX 5090,1.0
12189630464,2.82708,K60-capability,RTX 5090,1.0
12190941184,2.74566,K60-capability,RTX 5090,1.0
12192251904,2.89332,K60-capability,RTX 5090,1.0
12193562624,2.90744,K60-capability,RTX 5090,1.0
12194873344,2.84098,K60-capability,RTX 5090,1.0
12196184064,2.77057,K60-capability,RTX 5090,1.0
12197494784,2.92047,K60-capability,RTX 5090,1.0
12198805504,2.86742,K60-capability,RTX 5090,1.0
12200116224,2.97816,K60-capability,RTX 5090,1.0
12201426944,2.90606,K60-capability,RTX 5090,1.0
12202737664,2.97342,K60-capability,RTX 5090,1.0
12204048384,2.88535,K60-capability,RTX 5090,1.0
12205359104,2.85019,K60-capability,RTX 5090,1.0
12206669824,2.82151,K60-capability,RTX 5090,1.0
12207980544,2.94181,K60-capability,RTX 5090,1.0
12209291264,2.79663,K60-capability,RTX 5090,1.0
12210601984,2.90694,K60-capability,RTX 5090,1.0
12211912704,2.63829,K60-capability,RTX 5090,1.0
12213223424,2.83876,K60-capability,RTX 5090,1.0
12214534144,2.88001,K60-capability,RTX 5090,1.0
12215844864,2.86952,K60-capability,RTX 5090,1.0
12217155584,2.82042,K60-capability,RTX 5090,1.0
12218466304,2.65162,K60-capability,RTX 5090,1.0
12219777024,2.72758,K60-capability,RTX 5090,1.0
12221087744,2.6235,K60-capability,RTX 5090,1.0
12222398464,2.85586,K60-capability,RTX 5090,1.0
12223709184,2.83619,K60-capability,RTX 5090,1.0
12225019904,2.83683,K60-capability,RTX 5090,1.0
12226330624,2.9947,K60-capability,RTX 5090,1.0
12227641344,2.93739,K60-capability,RTX 5090,1.0
12228952064,2.87008,K60-capability,RTX 5090,1.0
12230262784,2.95003,K60-capability,RTX 5090,1.0
12231573504,2.96245,K60-capability,RTX 5090,1.0
12232884224,2.95321,K60-capability,RTX 5090,1.0
12234194944,2.9589,K60-capability,RTX 5090,1.0
12235505664,2.92595,K60-capability,RTX 5090,1.0
12236816384,2.79239,K60-capability,RTX 5090,1.0
12238127104,2.77377,K60-capability,RTX 5090,1.0
12239437824,2.66869,K60-capability,RTX 5090,1.0
12240748544,2.81282,K60-capability,RTX 5090,1.0
12242059264,2.72441,K60-capability,RTX 5090,1.0
12243369984,2.75332,K60-capability,RTX 5090,1.0
12244680704,2.74494,K60-capability,RTX 5090,1.0
12245991424,2.81831,K60-capability,RTX 5090,1.0
12247302144,2.78866,K60-capability,RTX 5090,1.0
12248612864,2.73393,K60-capability,RTX 5090,1.0
12249923584,2.80203,K60-capability,RTX 5090,1.0
12251234304,2.73666,K60-capability,RTX 5090,1.0
12252545024,2.70638,K60-capability,RTX 5090,1.0
12253855744,2.8183,K60-capability,RTX 5090,1.0
12255166464,2.91446,K60-capability,RTX 5090,1.0
12256477184,2.75524,K60-capability,RTX 5090,1.0
12257787904,2.95042,K60-capability,RTX 5090,1.0
12259098624,2.92089,K60-capability,RTX 5090,1.0
12260409344,2.98052,K60-capability,RTX 5090,1.0
12261720064,2.93031,K60-capability,RTX 5090,1.0
12263030784,2.97644,K60-capability,RTX 5090,1.0
12264341504,2.9042,K60-capability,RTX 5090,1.0
12265652224,2.90633,K60-capability,RTX 5090,1.0
12266962944,2.78727,K60-capability,RTX 5090,1.0
12268273664,2.8495,K60-capability,RTX 5090,1.0
12269584384,2.71235,K60-capability,RTX 5090,1.0
12270895104,2.78623,K60-capability,RTX 5090,1.0
12272205824,2.67932,K60-capability,RTX 5090,1.0
12273516544,2.81269,K60-capability,RTX 5090,1.0
12274827264,2.73803,K60-capability,RTX 5090,1.0
12276137984,2.76576,K60-capability,RTX 5090,1.0
12277448704,2.91512,K60-capability,RTX 5090,1.0
12278759424,2.84283,K60-capability,RTX 5090,1.0
12280070144,2.78768,K60-capability,RTX 5090,1.0
12281380864,2.73654,K60-capability,RTX 5090,1.0
12282691584,2.85007,K60-capability,RTX 5090,1.0
12284002304,2.87757,K60-capability,RTX 5090,1.0
12285313024,2.81897,K60-capability,RTX 5090,1.0
12286623744,2.93707,K60-capability,RTX 5090,1.0
12287934464,2.88198,K60-capability,RTX 5090,1.0
12289245184,2.79732,K60-capability,RTX 5090,1.0
12290555904,2.87746,K60-capability,RTX 5090,1.0
12291866624,3.03444,K60-capability,RTX 5090,1.0
12293177344,2.82509,K60-capability,RTX 5090,1.0
12294488064,2.95872,K60-capability,RTX 5090,1.0
12295798784,2.90921,K60-capability,RTX 5090,1.0
12297109504,2.93625,K60-capability,RTX 5090,1.0
12298420224,2.91979,K60-capability,RTX 5090,1.0
12299730944,2.71917,K60-capability,RTX 5090,1.0
12301041664,2.76383,K60-capability,RTX 5090,1.0
12302352384,2.7297,K60-capability,RTX 5090,1.0
12303663104,2.81256,K60-capability,RTX 5090,1.0
12304973824,2.81409,K60-capability,RTX 5090,1.0
12306284544,2.77924,K60-capability,RTX 5090,1.0
12307595264,2.71781,K60-capability,RTX 5090,1.0
12308905984,2.71431,K60-capability,RTX 5090,1.0
12310216704,2.82853,K60-capability,RTX 5090,1.0
12311527424,2.6736,K60-capability,RTX 5090,1.0
12312838144,2.75959,K60-capability,RTX 5090,1.0
12314148864,2.88547,K60-capability,RTX 5090,1.0
12315459584,2.9026,K60-capability,RTX 5090,1.0
12316770304,2.763,K60-capability,RTX 5090,1.0
12318081024,2.90301,K60-capability,RTX 5090,1.0
12319391744,2.8992,K60-capability,RTX 5090,1.0
12320702464,2.95741,K60-capability,RTX 5090,1.0
12322013184,2.95124,K60-capability,RTX 5090,1.0
12323323904,2.98883,K60-capability,RTX 5090,1.0
12324634624,2.93979,K60-capability,RTX 5090,1.0
12325945344,2.91873,K60-capability,RTX 5090,1.0
12327256064,2.88951,K60-capability,RTX 5090,1.0
12328566784,2.94568,K60-capability,RTX 5090,1.0
12329877504,2.96576,K60-capability,RTX 5090,1.0
12331188224,2.79867,K60-capability,RTX 5090,1.0
12332498944,2.73041,K60-capability,RTX 5090,1.0
12333809664,2.75747,K60-capability,RTX 5090,1.0
12335120384,2.82037,K60-capability,RTX 5090,1.0
12336431104,2.81999,K60-capability,RTX 5090,1.0
12337741824,2.7171,K60-capability,RTX 5090,1.0
12339052544,2.73038,K60-capability,RTX 5090,1.0
12340363264,2.84555,K60-capability,RTX 5090,1.0
12341673984,2.78756,K60-capability,RTX 5090,1.0
12342984704,2.7143,K60-capability,RTX 5090,1.0
12344295424,2.77377,K60-capability,RTX 5090,1.0
12345606144,2.8675,K60-capability,RTX 5090,1.0
12346916864,3.00538,K60-capability,RTX 5090,1.0
12348227584,2.84657,K60-capability,RTX 5090,1.0
12349538304,2.90096,K60-capability,RTX 5090,1.0
12350849024,2.82889,K60-capability,RTX 5090,1.0
12352159744,2.96855,K60-capability,RTX 5090,1.0
12353470464,2.93728,K60-capability,RTX 5090,1.0
12354781184,2.92623,K60-capability,RTX 5090,1.0
12356091904,3.01031,K60-capability,RTX 5090,1.0
12357402624,2.87868,K60-capability,RTX 5090,1.0
12358713344,2.91283,K60-capability,RTX 5090,1.0
12360024064,2.79665,K60-capability,RTX 5090,1.0
12361334784,2.79831,K60-capability,RTX 5090,1.0
12362645504,2.83702,K60-capability,RTX 5090,1.0
12363956224,2.7108,K60-capability,RTX 5090,1.0
12365266944,2.71956,K60-capability,RTX 5090,1.0
12366577664,2.84305,K60-capability,RTX 5090,1.0
12367888384,2.78969,K60-capability,RTX 5090,1.0
12369199104,2.73047,K60-capability,RTX 5090,1.0
12370509824,2.7583,K60-capability,RTX 5090,1.0
12371820544,2.72056,K60-capability,RTX 5090,1.0
12373131264,2.79509,K60-capability,RTX 5090,1.0
12374441984,2.82263,K60-capability,RTX 5090,1.0
12375752704,2.9354,K60-capability,RTX 5090,1.0
12377063424,2.78812,K60-capability,RTX 5090,1.0
12378374144,2.87089,K60-capability,RTX 5090,1.0
12379684864,2.92331,K60-capability,RTX 5090,1.0
12380995584,2.9446,K60-capability,RTX 5090,1.0
12382306304,3.01705,K60-capability,RTX 5090,1.0
12383617024,2.89012,K60-capability,RTX 5090,1.0
12384927744,2.97399,K60-capability,RTX 5090,1.0
12386238464,2.87705,K60-capability,RTX 5090,1.0
12387549184,2.92258,K60-capability,RTX 5090,1.0
12388859904,2.82947,K60-capability,RTX 5090,1.0
12390170624,2.9207,K60-capability,RTX 5090,1.0
12391481344,2.79855,K60-capability,RTX 5090,1.0
12392792064,2.70408,K60-capability,RTX 5090,1.0
12394102784,2.78632,K60-capability,RTX 5090,1.0
12395413504,2.77239,K60-capability,RTX 5090,1.0
12396724224,2.82037,K60-capability,RTX 5090,1.0
12398034944,3.00706,K60-capability,RTX 5090,1.0
12399345664,2.80432,K60-capability,RTX 5090,1.0
12400656384,2.71262,K60-capability,RTX 5090,1.0
12401967104,2.84123,K60-capability,RTX 5090,1.0
12403277824,2.73589,K60-capability,RTX 5090,1.0
12404588544,2.78193,K60-capability,RTX 5090,1.0
12405899264,2.77307,K60-capability,RTX 5090,1.0
12407209984,2.89367,K60-capability,RTX 5090,1.0
12408520704,2.85117,K60-capability,RTX 5090,1.0
12409831424,2.80036,K60-capability,RTX 5090,1.0
12411142144,2.88122,K60-capability,RTX 5090,1.0
12412452864,2.98881,K60-capability,RTX 5090,1.0
12413763584,3.04398,K60-capability,RTX 5090,1.0
12415074304,2.98679,K60-capability,RTX 5090,1.0
12416385024,2.85138,K60-capability,RTX 5090,1.0
12417695744,2.9131,K60-capability,RTX 5090,1.0
12419006464,2.90538,K60-capability,RTX 5090,1.0
12420317184,2.81442,K60-capability,RTX 5090,1.0
12421627904,2.75059,K60-capability,RTX 5090,1.0
12422938624,2.73882,K60-capability,RTX 5090,1.0
12424249344,2.71102,K60-capability,RTX 5090,1.0
12425560064,2.79442,K60-capability,RTX 5090,1.0
12426870784,2.71798,K60-capability,RTX 5090,1.0
12428181504,2.75349,K60-capability,RTX 5090,1.0
12429492224,2.76096,K60-capability,RTX 5090,1.0
12430802944,2.66259,K60-capability,RTX 5090,1.0
12432113664,2.78284,K60-capability,RTX 5090,1.0
12433424384,2.78298,K60-capability,RTX 5090,1.0
12434735104,2.78663,K60-capability,RTX 5090,1.0
12436045824,2.87861,K60-capability,RTX 5090,1.0
12437356544,2.71155,K60-capability,RTX 5090,1.0
12438667264,2.8384,K60-capability,RTX 5090,1.0
12439977984,2.93185,K60-capability,RTX 5090,1.0
12441288704,3.01874,K60-capability,RTX 5090,1.0
12442599424,2.91354,K60-capability,RTX 5090,1.0
12443910144,2.92611,K60-capability,RTX 5090,1.0
12445220864,3.03446,K60-capability,RTX 5090,1.0
12446531584,2.94051,K60-capability,RTX 5090,1.0
12447842304,2.87757,K60-capability,RTX 5090,1.0
12449153024,2.8547,K60-capability,RTX 5090,1.0
12450463744,2.80539,K60-capability,RTX 5090,1.0
12451774464,2.79515,K60-capability,RTX 5090,1.0
12453085184,2.69412,K60-capability,RTX 5090,1.0
12454395904,2.77609,K60-capability,RTX 5090,1.0
12455706624,2.71726,K60-capability,RTX 5090,1.0
12457017344,2.73666,K60-capability,RTX 5090,1.0
12458328064,2.72711,K60-capability,RTX 5090,1.0
12459638784,2.78239,K60-capability,RTX 5090,1.0
12460949504,2.7605,K60-capability,RTX 5090,1.0
12462260224,2.70244,K60-capability,RTX 5090,1.0
12463570944,2.68719,K60-capability,RTX 5090,1.0
12464881664,2.77923,K60-capability,RTX 5090,1.0
12466192384,2.88844,K60-capability,RTX 5090,1.0
12467503104,2.94295,K60-capability,RTX 5090,1.0
12468813824,2.86161,K60-capability,RTX 5090,1.0
12470124544,2.78894,K60-capability,RTX 5090,1.0
12471435264,2.79427,K60-capability,RTX 5090,1.0
12472745984,2.86981,K60-capability,RTX 5090,1.0
12474056704,3.00383,K60-capability,RTX 5090,1.0
12475367424,2.9905,K60-capability,RTX 5090,1.0
12476678144,2.91917,K60-capability,RTX 5090,1.0
12477988864,2.95389,K60-capability,RTX 5090,1.0
12479299584,2.88342,K60-capability,RTX 5090,1.0
12480610304,2.90239,K60-capability,RTX 5090,1.0
12481921024,2.90453,K60-capability,RTX 5090,1.0
12483231744,2.77925,K60-capability,RTX 5090,1.0
12484542464,2.71894,K60-capability,RTX 5090,1.0
12485853184,2.69909,K60-capability,RTX 5090,1.0
12487163904,2.74632,K60-capability,RTX 5090,1.0
12488474624,2.78121,K60-capability,RTX 5090,1.0
12489785344,2.77302,K60-capability,RTX 5090,1.0
12491096064,2.80582,K60-capability,RTX 5090,1.0
12492406784,2.81945,K60-capability,RTX 5090,1.0
12493717504,2.64934,K60-capability,RTX 5090,1.0
12495028224,2.88271,K60-capability,RTX 5090,1.0
12496338944,2.75242,K60-capability,RTX 5090,1.0
12497649664,2.83538,K60-capability,RTX 5090,1.0
12498960384,2.93046,K60-capability,RTX 5090,1.0
12500271104,2.73361,K60-capability,RTX 5090,1.0
12501581824,2.88242,K60-capability,RTX 5090,1.0
12502892544,2.8428,K60-capability,RTX 5090,1.0
12504203264,2.87239,K60-capability,RTX 5090,1.0
12505513984,2.92062,K60-capability,RTX 5090,1.0
12506824704,2.91098,K60-capability,RTX 5090,1.0
12508135424,2.87601,K60-capability,RTX 5090,1.0
12509446144,2.79638,K60-capability,RTX 5090,1.0
12510756864,2.87613,K60-capability,RTX 5090,1.0
12512067584,2.90627,K60-capability,RTX 5090,1.0
12513378304,2.83722,K60-capability,RTX 5090,1.0
12514689024,2.6508,K60-capability,RTX 5090,1.0
12515999744,2.71815,K60-capability,RTX 5090,1.0
12517310464,2.91871,K60-capability,RTX 5090,1.0
12518621184,2.8223,K60-capability,RTX 5090,1.0
12519931904,2.76796,K60-capability,RTX 5090,1.0
12521242624,2.75205,K60-capability,RTX 5090,1.0
12522553344,2.82445,K60-capability,RTX 5090,1.0
12523864064,2.7969,K60-capability,RTX 5090,1.0
12525174784,2.62666,K60-capability,RTX 5090,1.0
12526485504,2.87494,K60-capability,RTX 5090,1.0
12527796224,2.89052,K60-capability,RTX 5090,1.0
12529106944,2.80047,K60-capability,RTX 5090,1.0
12530417664,2.84853,K60-capability,RTX 5090,1.0
12531728384,2.96352,K60-capability,RTX 5090,1.0
12533039104,2.89131,K60-capability,RTX 5090,1.0
12534349824,3.02071,K60-capability,RTX 5090,1.0
12535660544,2.97582,K60-capability,RTX 5090,1.0
12536971264,2.94665,K60-capability,RTX 5090,1.0
12538281984,2.87622,K60-capability,RTX 5090,1.0
12539592704,2.88209,K60-capability,RTX 5090,1.0
12540903424,2.82748,K60-capability,RTX 5090,1.0
12542214144,2.94583,K60-capability,RTX 5090,1.0
12543524864,2.70109,K60-capability,RTX 5090,1.0
12544835584,2.78527,K60-capability,RTX 5090,1.0
12546146304,2.75374,K60-capability,RTX 5090,1.0
12547457024,2.60635,K60-capability,RTX 5090,1.0
12548767744,2.77478,K60-capability,RTX 5090,1.0
12550078464,2.80579,K60-capability,RTX 5090,1.0
12551389184,2.70065,K60-capability,RTX 5090,1.0
12552699904,2.78887,K60-capability,RTX 5090,1.0
12554010624,2.77317,K60-capability,RTX 5090,1.0
12555321344,2.702,K60-capability,RTX 5090,1.0
12556632064,2.71746,K60-capability,RTX 5090,1.0
12557942784,2.95564,K60-capability,RTX 5090,1.0
12559253504,2.79355,K60-capability,RTX 5090,1.0
12560564224,2.91222,K60-capability,RTX 5090,1.0
12561874944,2.85936,K60-capability,RTX 5090,1.0
12563185664,2.8399,K60-capability,RTX 5090,1.0
12564496384,2.95007,K60-capability,RTX 5090,1.0
12565807104,2.98993,K60-capability,RTX 5090,1.0
12567117824,3.02833,K60-capability,RTX 5090,1.0
12568428544,2.92241,K60-capability,RTX 5090,1.0
12569739264,2.8253,K60-capability,RTX 5090,1.0
12571049984,2.9081,K60-capability,RTX 5090,1.0
12572360704,2.79997,K60-capability,RTX 5090,1.0
12573671424,2.66436,K60-capability,RTX 5090,1.0
12574982144,2.90189,K60-capability,RTX 5090,1.0
12576292864,2.71555,K60-capability,RTX 5090,1.0
12577603584,2.83019,K60-capability,RTX 5090,1.0
12578914304,2.67874,K60-capability,RTX 5090,1.0
12580225024,2.77869,K60-capability,RTX 5090,1.0
12581535744,2.7897,K60-capability,RTX 5090,1.0
12582846464,2.65591,K60-capability,RTX 5090,1.0
12584157184,2.68781,K60-capability,RTX 5090,1.0
12585467904,2.73116,K60-capability,RTX 5090,1.0
12586778624,2.81038,K60-capability,RTX 5090,1.0
12588089344,2.8213,K60-capability,RTX 5090,1.0
12589400064,2.96359,K60-capability,RTX 5090,1.0
12590710784,2.83854,K60-capability,RTX 5090,1.0
12592021504,2.86274,K60-capability,RTX 5090,1.0
12593332224,2.83097,K60-capability,RTX 5090,1.0
12594642944,2.82835,K60-capability,RTX 5090,1.0
12595953664,2.93942,K60-capability,RTX 5090,1.0
12597264384,3.04825,K60-capability,RTX 5090,1.0
12598575104,2.86731,K60-capability,RTX 5090,1.0
12599885824,2.93082,K60-capability,RTX 5090,1.0
12601196544,2.7897,K60-capability,RTX 5090,1.0
12602507264,2.80305,K60-capability,RTX 5090,1.0
12603817984,2.78466,K60-capability,RTX 5090,1.0
12605128704,2.6472,K60-capability,RTX 5090,1.0
12606439424,2.7853,K60-capability,RTX 5090,1.0
12607750144,2.74524,K60-capability,RTX 5090,1.0
12609060864,2.76133,K60-capability,RTX 5090,1.0
12610371584,2.78307,K60-capability,RTX 5090,1.0
12611682304,2.67999,K60-capability,RTX 5090,1.0
12612993024,2.75229,K60-capability,RTX 5090,1.0
12614303744,2.68886,K60-capability,RTX 5090,1.0
12615614464,2.82114,K60-capability,RTX 5090,1.0
12616925184,2.80258,K60-capability,RTX 5090,1.0
12618235904,2.94163,K60-capability,RTX 5090,1.0
12619546624,2.78428,K60-capability,RTX 5090,1.0
12620857344,2.90591,K60-capability,RTX 5090,1.0
12622168064,2.80798,K60-capability,RTX 5090,1.0
12623478784,2.91364,K60-capability,RTX 5090,1.0
12624789504,2.88026,K60-capability,RTX 5090,1.0
12626100224,3.08009,K60-capability,RTX 5090,1.0
12627410944,2.93125,K60-capability,RTX 5090,1.0
12628721664,2.93007,K60-capability,RTX 5090,1.0
12630032384,2.99714,K60-capability,RTX 5090,1.0
12631343104,2.86906,K60-capability,RTX 5090,1.0
12632653824,2.89549,K60-capability,RTX 5090,1.0
12633964544,2.79254,K60-capability,RTX 5090,1.0
12635275264,2.64474,K60-capability,RTX 5090,1.0
12636585984,2.6959,K60-capability,RTX 5090,1.0
12637896704,2.76894,K60-capability,RTX 5090,1.0
12639207424,2.67127,K60-capability,RTX 5090,1.0
12640518144,2.67171,K60-capability,RTX 5090,1.0
12641828864,2.81737,K60-capability,RTX 5090,1.0
12643139584,2.8572,K60-capability,RTX 5090,1.0
12644450304,2.66181,K60-capability,RTX 5090,1.0
12645761024,2.76651,K60-capability,RTX 5090,1.0
12647071744,2.78923,K60-capability,RTX 5090,1.0
12648382464,2.82697,K60-capability,RTX 5090,1.0
12649693184,2.86692,K60-capability,RTX 5090,1.0
12651003904,2.72381,K60-capability,RTX 5090,1.0
12652314624,2.87211,K60-capability,RTX 5090,1.0
12653625344,2.92253,K60-capability,RTX 5090,1.0
12654936064,2.87642,K60-capability,RTX 5090,1.0
12656246784,2.83935,K60-capability,RTX 5090,1.0
12657557504,2.97116,K60-capability,RTX 5090,1.0
12658868224,3.02511,K60-capability,RTX 5090,1.0
12660178944,2.92885,K60-capability,RTX 5090,1.0
12661489664,2.80021,K60-capability,RTX 5090,1.0
12662800384,2.97299,K60-capability,RTX 5090,1.0
12664111104,2.88642,K60-capability,RTX 5090,1.0
12665421824,2.75651,K60-capability,RTX 5090,1.0
12666732544,2.69721,K60-capability,RTX 5090,1.0
12668043264,2.78829,K60-capability,RTX 5090,1.0
12669353984,2.804,K60-capability,RTX 5090,1.0
12670664704,2.79,K60-capability,RTX 5090,1.0
12671975424,2.7243,K60-capability,RTX 5090,1.0
12673286144,2.8563,K60-capability,RTX 5090,1.0
12674596864,2.70728,K60-capability,RTX 5090,1.0
12675907584,2.76109,K60-capability,RTX 5090,1.0
12677218304,2.84575,K60-capability,RTX 5090,1.0
12678529024,2.85662,K60-capability,RTX 5090,1.0
12679839744,2.83233,K60-capability,RTX 5090,1.0
12681150464,2.73613,K60-capability,RTX 5090,1.0
12682461184,2.85629,K60-capability,RTX 5090,1.0
12683771904,2.8955,K60-capability,RTX 5090,1.0
12685082624,2.84212,K60-capability,RTX 5090,1.0
12686393344,3.04872,K60-capability,RTX 5090,1.0
12687704064,2.86678,K60-capability,RTX 5090,1.0
12689014784,2.92114,K60-capability,RTX 5090,1.0
12690325504,2.95797,K60-capability,RTX 5090,1.0
12691636224,2.91759,K60-capability,RTX 5090,1.0
12692946944,2.87022,K60-capability,RTX 5090,1.0
12694257664,2.88355,K60-capability,RTX 5090,1.0
12695568384,2.74334,K60-capability,RTX 5090,1.0
12696879104,2.67261,K60-capability,RTX 5090,1.0
12698189824,2.77413,K60-capability,RTX 5090,1.0
12699500544,2.84613,K60-capability,RTX 5090,1.0
12700811264,2.84612,K60-capability,RTX 5090,1.0
12702121984,2.79645,K60-capability,RTX 5090,1.0
12703432704,2.66244,K60-capability,RTX 5090,1.0
12704743424,2.61518,K60-capability,RTX 5090,1.0
12706054144,2.68589,K60-capability,RTX 5090,1.0
12707364864,2.8575,K60-capability,RTX 5090,1.0
12708675584,2.86112,K60-capability,RTX 5090,1.0
12709986304,2.84858,K60-capability,RTX 5090,1.0
12711297024,2.87007,K60-capability,RTX 5090,1.0
12712607744,2.79239,K60-capability,RTX 5090,1.0
12713918464,2.93183,K60-capability,RTX 5090,1.0
12715229184,2.94071,K60-capability,RTX 5090,1.0
12716539904,3.00046,K60-capability,RTX 5090,1.0
12717850624,2.92436,K60-capability,RTX 5090,1.0
12719161344,2.94117,K60-capability,RTX 5090,1.0
12720472064,2.97566,K60-capability,RTX 5090,1.0
12721782784,2.81987,K60-capability,RTX 5090,1.0
12723093504,2.75418,K60-capability,RTX 5090,1.0
12724404224,2.86687,K60-capability,RTX 5090,1.0
12725714944,2.81428,K60-capability,RTX 5090,1.0
12727025664,2.8373,K60-capability,RTX 5090,1.0
12728336384,2.5517,K60-capability,RTX 5090,1.0
12729647104,2.67496,K60-capability,RTX 5090,1.0
12730957824,2.85098,K60-capability,RTX 5090,1.0
12732268544,2.68387,K60-capability,RTX 5090,1.0
12733579264,2.71803,K60-capability,RTX 5090,1.0
12734889984,2.71548,K60-capability,RTX 5090,1.0
12736200704,2.72417,K60-capability,RTX 5090,1.0
12737511424,2.64495,K60-capability,RTX 5090,1.0
12738822144,2.6917,K60-capability,RTX 5090,1.0
12740132864,2.8736,K60-capability,RTX 5090,1.0
12741443584,2.84126,K60-capability,RTX 5090,1.0
12742754304,2.9518,K60-capability,RTX 5090,1.0
12744065024,2.81266,K60-capability,RTX 5090,1.0
12745375744,2.80748,K60-capability,RTX 5090,1.0
12746686464,2.88178,K60-capability,RTX 5090,1.0
12747997184,2.99329,K60-capability,RTX 5090,1.0
12749307904,2.94499,K60-capability,RTX 5090,1.0
12750618624,2.91431,K60-capability,RTX 5090,1.0
12751929344,2.84009,K60-capability,RTX 5090,1.0
12753240064,2.83705,K60-capability,RTX 5090,1.0
12754550784,2.8118,K60-capability,RTX 5090,1.0
12755861504,2.7253,K60-capability,RTX 5090,1.0
12757172224,2.6617,K60-capability,RTX 5090,1.0
12758482944,2.77189,K60-capability,RTX 5090,1.0
12759793664,2.77902,K60-capability,RTX 5090,1.0
12761104384,2.80485,K60-capability,RTX 5090,1.0
12762415104,2.8148,K60-capability,RTX 5090,1.0
12763725824,2.7024,K60-capability,RTX 5090,1.0
12765036544,2.66575,K60-capability,RTX 5090,1.0
12766347264,2.77324,K60-capability,RTX 5090,1.0
12767657984,2.62071,K60-capability,RTX 5090,1.0
12768968704,2.75276,K60-capability,RTX 5090,1.0
12770279424,2.84438,K60-capability,RTX 5090,1.0
12771590144,2.85006,K60-capability,RTX 5090,1.0
12772900864,2.838,K60-capability,RTX 5090,1.0
12774211584,2.84664,K60-capability,RTX 5090,1.0
12775522304,2.82566,K60-capability,RTX 5090,1.0
12776833024,2.86167,K60-capability,RTX 5090,1.0
12778143744,2.99761,K60-capability,RTX 5090,1.0
12779454464,3.02894,K60-capability,RTX 5090,1.0
12780765184,2.84254,K60-capability,RTX 5090,1.0
12782075904,2.95572,K60-capability,RTX 5090,1.0
12783386624,2.78049,K60-capability,RTX 5090,1.0
12784697344,2.9191,K60-capability,RTX 5090,1.0
12786008064,2.71161,K60-capability,RTX 5090,1.0
12787318784,2.72594,K60-capability,RTX 5090,1.0
12788629504,2.73059,K60-capability,RTX 5090,1.0
12789940224,2.85298,K60-capability,RTX 5090,1.0
12791250944,2.65519,K60-capability,RTX 5090,1.0
12792561664,2.7596,K60-capability,RTX 5090,1.0
12793872384,2.88164,K60-capability,RTX 5090,1.0
12795183104,2.82391,K60-capability,RTX 5090,1.0
12796493824,2.7739,K60-capability,RTX 5090,1.0
12797804544,2.76238,K60-capability,RTX 5090,1.0
12799115264,2.87387,K60-capability,RTX 5090,1.0
12800425984,2.88411,K60-capability,RTX 5090,1.0
12801736704,2.80028,K60-capability,RTX 5090,1.0
12803047424,2.9646,K60-capability,RTX 5090,1.0
12804358144,2.77679,K60-capability,RTX 5090,1.0
12805668864,2.90282,K60-capability,RTX 5090,1.0
12806979584,2.87074,K60-capability,RTX 5090,1.0
12808290304,3.02739,K60-capability,RTX 5090,1.0
12809601024,2.97581,K60-capability,RTX 5090,1.0
12810911744,2.9728,K60-capability,RTX 5090,1.0
12812222464,2.77441,K60-capability,RTX 5090,1.0
12813533184,2.9041,K60-capability,RTX 5090,1.0
12814843904,2.87096,K60-capability,RTX 5090,1.0
12816154624,2.88614,K60-capability,RTX 5090,1.0
12817465344,2.74071,K60-capability,RTX 5090,1.0
12818776064,2.71525,K60-capability,RTX 5090,1.0
12820086784,2.7354,K60-capability,RTX 5090,1.0
12821397504,2.78503,K60-capability,RTX 5090,1.0
12822708224,2.80093,K60-capability,RTX 5090,1.0
12824018944,2.74511,K60-capability,RTX 5090,1.0
12825329664,2.84224,K60-capability,RTX 5090,1.0
12826640384,2.70409,K60-capability,RTX 5090,1.0
12827951104,2.73495,K60-capability,RTX 5090,1.0
12829261824,2.73666,K60-capability,RTX 5090,1.0
12830572544,2.87816,K60-capability,RTX 5090,1.0
12831883264,2.88461,K60-capability,RTX 5090,1.0
12833193984,2.79589,K60-capability,RTX 5090,1.0
12834504704,2.8459,K60-capability,RTX 5090,1.0
12835815424,2.79179,K60-capability,RTX 5090,1.0
12837126144,2.8194,K60-capability,RTX 5090,1.0
12838436864,2.94156,K60-capability,RTX 5090,1.0
12839747584,2.96111,K60-capability,RTX 5090,1.0
12841058304,2.95156,K60-capability,RTX 5090,1.0
12842369024,2.93525,K60-capability,RTX 5090,1.0
12843679744,2.75122,K60-capability,RTX 5090,1.0
12844990464,2.90487,K60-capability,RTX 5090,1.0
12846301184,2.90096,K60-capability,RTX 5090,1.0
12847611904,2.72722,K60-capability,RTX 5090,1.0
12848922624,2.69442,K60-capability,RTX 5090,1.0
12850233344,2.80786,K60-capability,RTX 5090,1.0
12851544064,2.77314,K60-capability,RTX 5090,1.0
12852854784,2.73033,K60-capability,RTX 5090,1.0
12854165504,2.8045,K60-capability,RTX 5090,1.0
12855476224,2.66023,K60-capability,RTX 5090,1.0
12856786944,2.81651,K60-capability,RTX 5090,1.0
12858097664,2.79548,K60-capability,RTX 5090,1.0
12859408384,2.67804,K60-capability,RTX 5090,1.0
12860719104,2.84518,K60-capability,RTX 5090,1.0
12862029824,2.76221,K60-capability,RTX 5090,1.0
12863340544,2.95097,K60-capability,RTX 5090,1.0
12864651264,2.73908,K60-capability,RTX 5090,1.0
12865961984,2.88968,K60-capability,RTX 5090,1.0
12867272704,2.78609,K60-capability,RTX 5090,1.0
12868583424,3.05411,K60-capability,RTX 5090,1.0
12869894144,2.9345,K60-capability,RTX 5090,1.0
12871204864,2.79839,K60-capability,RTX 5090,1.0
12872515584,2.82045,K60-capability,RTX 5090,1.0
12873826304,2.96886,K60-capability,RTX 5090,1.0
12875137024,2.84179,K60-capability,RTX 5090,1.0
12876447744,2.96901,K60-capability,RTX 5090,1.0
12877758464,2.8361,K60-capability,RTX 5090,1.0
12879069184,2.80122,K60-capability,RTX 5090,1.0
12880379904,2.69566,K60-capability,RTX 5090,1.0
12881690624,2.67254,K60-capability,RTX 5090,1.0
12883001344,2.81826,K60-capability,RTX 5090,1.0
12884312064,2.71919,K60-capability,RTX 5090,1.0
12885622784,2.75283,K60-capability,RTX 5090,1.0
12886933504,2.73373,K60-capability,RTX 5090,1.0
12888244224,2.73891,K60-capability,RTX 5090,1.0
12889554944,2.7908,K60-capability,RTX 5090,1.0
12890865664,2.86329,K60-capability,RTX 5090,1.0
12892176384,2.87748,K60-capability,RTX 5090,1.0
12893487104,2.92123,K60-capability,RTX 5090,1.0
12894797824,2.81799,K60-capability,RTX 5090,1.0
12896108544,2.89223,K60-capability,RTX 5090,1.0
12897419264,2.90359,K60-capability,RTX 5090,1.0
12898729984,2.85822,K60-capability,RTX 5090,1.0
12900040704,3.00357,K60-capability,RTX 5090,1.0
12901351424,2.99474,K60-capability,RTX 5090,1.0
12902662144,2.87986,K60-capability,RTX 5090,1.0
12903972864,2.86939,K60-capability,RTX 5090,1.0
12905283584,2.81975,K60-capability,RTX 5090,1.0
12906594304,2.82196,K60-capability,RTX 5090,1.0
12907905024,2.72844,K60-capability,RTX 5090,1.0
12909215744,2.71106,K60-capability,RTX 5090,1.0
12910526464,2.7615,K60-capability,RTX 5090,1.0
12911837184,2.69553,K60-capability,RTX 5090,1.0
12913147904,2.83335,K60-capability,RTX 5090,1.0
12914458624,2.90864,K60-capability,RTX 5090,1.0
12915769344,2.74539,K60-capability,RTX 5090,1.0
12917080064,2.61526,K60-capability,RTX 5090,1.0
12918390784,2.88533,K60-capability,RTX 5090,1.0
12919701504,2.72881,K60-capability,RTX 5090,1.0
12921012224,2.77803,K60-capability,RTX 5090,1.0
12922322944,2.84132,K60-capability,RTX 5090,1.0
12923633664,2.79496,K60-capability,RTX 5090,1.0
12924944384,2.8576,K60-capability,RTX 5090,1.0
12926255104,2.92424,K60-capability,RTX 5090,1.0
12927565824,2.76335,K60-capability,RTX 5090,1.0
12928876544,2.89984,K60-capability,RTX 5090,1.0
12930187264,2.97615,K60-capability,RTX 5090,1.0
12931497984,2.89925,K60-capability,RTX 5090,1.0
12932808704,2.90454,K60-capability,RTX 5090,1.0
12934119424,2.86013,K60-capability,RTX 5090,1.0
12935430144,2.83887,K60-capability,RTX 5090,1.0
12936740864,2.76662,K60-capability,RTX 5090,1.0
12938051584,2.77996,K60-capability,RTX 5090,1.0
12939362304,2.73828,K60-capability,RTX 5090,1.0
12940673024,2.6203,K60-capability,RTX 5090,1.0
12941983744,2.79157,K60-capability,RTX 5090,1.0
12943294464,2.69121,K60-capability,RTX 5090,1.0
12944605184,2.82137,K60-capability,RTX 5090,1.0
12945915904,2.80641,K60-capability,RTX 5090,1.0
12947226624,2.70116,K60-capability,RTX 5090,1.0
12948537344,2.66096,K60-capability,RTX 5090,1.0
12949848064,2.72059,K60-capability,RTX 5090,1.0
12951158784,2.66406,K60-capability,RTX 5090,1.0
12952469504,2.83535,K60-capability,RTX 5090,1.0
12953780224,2.89058,K60-capability,RTX 5090,1.0
12955090944,2.80675,K60-capability,RTX 5090,1.0
12956401664,2.83912,K60-capability,RTX 5090,1.0
12957712384,2.79166,K60-capability,RTX 5090,1.0
12959023104,2.90985,K60-capability,RTX 5090,1.0
12960333824,2.90915,K60-capability,RTX 5090,1.0
12961644544,2.99327,K60-capability,RTX 5090,1.0
12962955264,2.9074,K60-capability,RTX 5090,1.0
12964265984,2.86928,K60-capability,RTX 5090,1.0
12965576704,2.86233,K60-capability,RTX 5090,1.0
12966887424,2.88958,K60-capability,RTX 5090,1.0
12968198144,2.72009,K60-capability,RTX 5090,1.0
12969508864,2.75644,K60-capability,RTX 5090,1.0
12970819584,2.7017,K60-capability,RTX 5090,1.0
12972130304,2.75398,K60-capability,RTX 5090,1.0
12973441024,2.7722,K60-capability,RTX 5090,1.0
12974751744,2.70085,K60-capability,RTX 5090,1.0
12976062464,2.8245,K60-capability,RTX 5090,1.0
12977373184,2.83429,K60-capability,RTX 5090,1.0
12978683904,2.70677,K60-capability,RTX 5090,1.0
12979994624,2.60412,K60-capability,RTX 5090,1.0
12981305344,2.77243,K60-capability,RTX 5090,1.0
12982616064,2.92273,K60-capability,RTX 5090,1.0
12983926784,2.85919,K60-capability,RTX 5090,1.0
12985237504,2.81546,K60-capability,RTX 5090,1.0
12986548224,2.8831,K60-capability,RTX 5090,1.0
12987858944,2.75324,K60-capability,RTX 5090,1.0
12989169664,2.87122,K60-capability,RTX 5090,1.0
12990480384,2.95051,K60-capability,RTX 5090,1.0
12991791104,2.93382,K60-capability,RTX 5090,1.0
12993101824,2.94405,K60-capability,RTX 5090,1.0
12994412544,2.89613,K60-capability,RTX 5090,1.0
12995723264,2.90846,K60-capability,RTX 5090,1.0
12997033984,2.89061,K60-capability,RTX 5090,1.0
12998344704,2.98604,K60-capability,RTX 5090,1.0
12999655424,2.75276,K60-capability,RTX 5090,1.0
13000966144,2.71832,K60-capability,RTX 5090,1.0
13002276864,2.79632,K60-capability,RTX 5090,1.0
13003587584,2.7861,K60-capability,RTX 5090,1.0
13004898304,2.73276,K60-capability,RTX 5090,1.0
13006209024,2.80299,K60-capability,RTX 5090,1.0
13007519744,2.72955,K60-capability,RTX 5090,1.0
13008830464,2.80508,K60-capability,RTX 5090,1.0
13010141184,2.70774,K60-capability,RTX 5090,1.0
13011451904,2.73198,K60-capability,RTX 5090,1.0
13012762624,2.90906,K60-capability,RTX 5090,1.0
13014073344,2.76428,K60-capability,RTX 5090,1.0
13015384064,2.85009,K60-capability,RTX 5090,1.0
13016694784,2.83337,K60-capability,RTX 5090,1.0
13018005504,2.93548,K60-capability,RTX 5090,1.0
13019316224,2.84095,K60-capability,RTX 5090,1.0
13020626944,2.92257,K60-capability,RTX 5090,1.0
13021937664,3.01698,K60-capability,RTX 5090,1.0
13023248384,2.96874,K60-capability,RTX 5090,1.0
13024559104,2.84937,K60-capability,RTX 5090,1.0
13025869824,2.80551,K60-capability,RTX 5090,1.0
13027180544,2.89977,K60-capability,RTX 5090,1.0
13028491264,2.82105,K60-capability,RTX 5090,1.0
13029801984,2.8064,K60-capability,RTX 5090,1.0
13031112704,2.62755,K60-capability,RTX 5090,1.0
13032423424,2.68398,K60-capability,RTX 5090,1.0
13033734144,2.77972,K60-capability,RTX 5090,1.0
13035044864,2.77671,K60-capability,RTX 5090,1.0
13036355584,2.80474,K60-capability,RTX 5090,1.0
13037666304,2.7405,K60-capability,RTX 5090,1.0
13038977024,2.85739,K60-capability,RTX 5090,1.0
13040287744,2.77082,K60-capability,RTX 5090,1.0
13041598464,2.7299,K60-capability,RTX 5090,1.0
13042909184,2.88938,K60-capability,RTX 5090,1.0
13044219904,2.82756,K60-capability,RTX 5090,1.0
13045530624,2.90697,K60-capability,RTX 5090,1.0
13046841344,2.88375,K60-capability,RTX 5090,1.0
13048152064,2.91501,K60-capability,RTX 5090,1.0
13049462784,2.85099,K60-capability,RTX 5090,1.0
13050773504,2.97465,K60-capability,RTX 5090,1.0
13052084224,2.93504,K60-capability,RTX 5090,1.0
13053394944,2.92282,K60-capability,RTX 5090,1.0
13054705664,2.91127,K60-capability,RTX 5090,1.0
13056016384,2.91987,K60-capability,RTX 5090,1.0
13057327104,2.79197,K60-capability,RTX 5090,1.0
13058637824,2.77677,K60-capability,RTX 5090,1.0
13059948544,2.84726,K60-capability,RTX 5090,1.0
13061259264,2.77844,K60-capability,RTX 5090,1.0
13062569984,2.69438,K60-capability,RTX 5090,1.0
13063880704,2.72785,K60-capability,RTX 5090,1.0
13065191424,2.85173,K60-capability,RTX 5090,1.0
13066502144,2.74718,K60-capability,RTX 5090,1.0
13067812864,2.77575,K60-capability,RTX 5090,1.0
13069123584,2.77498,K60-capability,RTX 5090,1.0
13070434304,2.81104,K60-capability,RTX 5090,1.0
13071745024,2.61236,K60-capability,RTX 5090,1.0
13073055744,2.79449,K60-capability,RTX 5090,1.0
13074366464,2.92597,K60-capability,RTX 5090,1.0
13075677184,2.83674,K60-capability,RTX 5090,1.0
13076987904,2.91,K60-capability,RTX 5090,1.0
13078298624,2.86947,K60-capability,RTX 5090,1.0
13079609344,2.89134,K60-capability,RTX 5090,1.0
13080920064,2.99038,K60-capability,RTX 5090,1.0
13082230784,2.98031,K60-capability,RTX 5090,1.0
13083541504,2.95,K60-capability,RTX 5090,1.0
13084852224,2.92225,K60-capability,RTX 5090,1.0
13086162944,2.89414,K60-capability,RTX 5090,1.0
13087473664,2.78739,K60-capability,RTX 5090,1.0
13088784384,2.89248,K60-capability,RTX 5090,1.0
13090095104,2.75827,K60-capability,RTX 5090,1.0
13091405824,2.77039,K60-capability,RTX 5090,1.0
13092716544,2.76454,K60-capability,RTX 5090,1.0
13094027264,2.78609,K60-capability,RTX 5090,1.0
13095337984,2.7808,K60-capability,RTX 5090,1.0
13096648704,2.88316,K60-capability,RTX 5090,1.0
13097959424,2.84426,K60-capability,RTX 5090,1.0
13099270144,2.72092,K60-capability,RTX 5090,1.0
13100580864,2.65946,K60-capability,RTX 5090,1.0
13101891584,2.80827,K60-capability,RTX 5090,1.0
13103202304,2.8234,K60-capability,RTX 5090,1.0
13104513024,2.81626,K60-capability,RTX 5090,1.0
13105823744,2.98131,K60-capability,RTX 5090,1.0
13107134464,2.91381,K60-capability,RTX 5090,1.0
13108445184,2.81214,K60-capability,RTX 5090,1.0
13109755904,2.76615,K60-capability,RTX 5090,1.0
13111066624,2.79214,K60-capability,RTX 5090,1.0
13112377344,2.91002,K60-capability,RTX 5090,1.0
13113688064,2.86443,K60-capability,RTX 5090,1.0
13114998784,2.887,K60-capability,RTX 5090,1.0
13116309504,2.87998,K60-capability,RTX 5090,1.0
13117620224,2.81853,K60-capability,RTX 5090,1.0
13118930944,2.91848,K60-capability,RTX 5090,1.0
13120241664,2.71265,K60-capability,RTX 5090,1.0
13121552384,2.70328,K60-capability,RTX 5090,1.0
13122863104,2.80027,K60-capability,RTX 5090,1.0
13124173824,2.82581,K60-capability,RTX 5090,1.0
13125484544,2.80611,K60-capability,RTX 5090,1.0
13126795264,2.65912,K60-capability,RTX 5090,1.0
13128105984,2.72767,K60-capability,RTX 5090,1.0
13129416704,2.73798,K60-capability,RTX 5090,1.0
13130727424,2.7441,K60-capability,RTX 5090,1.0
13132038144,2.61185,K60-capability,RTX 5090,1.0
13133348864,2.75043,K60-capability,RTX 5090,1.0
13134659584,2.87856,K60-capability,RTX 5090,1.0
13135970304,2.73928,K60-capability,RTX 5090,1.0
13137281024,2.79034,K60-capability,RTX 5090,1.0
13138591744,2.92031,K60-capability,RTX 5090,1.0
13139902464,2.77245,K60-capability,RTX 5090,1.0
13141213184,2.97966,K60-capability,RTX 5090,1.0
13142523904,3.02611,K60-capability,RTX 5090,1.0
13143834624,2.90543,K60-capability,RTX 5090,1.0
13145145344,2.95575,K60-capability,RTX 5090,1.0
13146456064,2.91454,K60-capability,RTX 5090,1.0
13147766784,2.84452,K60-capability,RTX 5090,1.0
13149077504,2.92347,K60-capability,RTX 5090,1.0
13150388224,2.77445,K60-capability,RTX 5090,1.0
13151698944,2.62316,K60-capability,RTX 5090,1.0
13153009664,2.67705,K60-capability,RTX 5090,1.0
13154320384,2.76124,K60-capability,RTX 5090,1.0
13155631104,2.6892,K60-capability,RTX 5090,1.0
13156941824,2.63773,K60-capability,RTX 5090,1.0
13158252544,2.94417,K60-capability,RTX 5090,1.0
13159563264,2.85332,K60-capability,RTX 5090,1.0
13160873984,2.74719,K60-capability,RTX 5090,1.0
13162184704,2.72462,K60-capability,RTX 5090,1.0
13163495424,2.6741,K60-capability,RTX 5090,1.0
13164806144,2.82309,K60-capability,RTX 5090,1.0
13166116864,2.82399,K60-capability,RTX 5090,1.0
13167427584,2.9631,K60-capability,RTX 5090,1.0
13168738304,2.86863,K60-capability,RTX 5090,1.0
13170049024,2.86487,K60-capability,RTX 5090,1.0
13171359744,2.9317,K60-capability,RTX 5090,1.0
13172670464,2.8164,K60-capability,RTX 5090,1.0
13173981184,2.99115,K60-capability,RTX 5090,1.0
13175291904,2.92878,K60-capability,RTX 5090,1.0
13176602624,2.94501,K60-capability,RTX 5090,1.0
13177913344,2.89372,K60-capability,RTX 5090,1.0
13179224064,2.93678,K60-capability,RTX 5090,1.0
13180534784,2.99731,K60-capability,RTX 5090,1.0
13181845504,2.77661,K60-capability,RTX 5090,1.0
13183156224,2.70774,K60-capability,RTX 5090,1.0
13184466944,2.76408,K60-capability,RTX 5090,1.0
13185777664,2.81842,K60-capability,RTX 5090,1.0
13187088384,2.82828,K60-capability,RTX 5090,1.0
13188399104,2.69002,K60-capability,RTX 5090,1.0
13189709824,2.85833,K60-capability,RTX 5090,1.0
13191020544,2.7674,K60-capability,RTX 5090,1.0
13192331264,2.71051,K60-capability,RTX 5090,1.0
13193641984,2.6673,K60-capability,RTX 5090,1.0
13194952704,2.92161,K60-capability,RTX 5090,1.0
13196263424,2.78548,K60-capability,RTX 5090,1.0
13197574144,2.90211,K60-capability,RTX 5090,1.0
13198884864,2.83367,K60-capability,RTX 5090,1.0
13200195584,2.89602,K60-capability,RTX 5090,1.0
13201506304,2.85535,K60-capability,RTX 5090,1.0
13202817024,2.91657,K60-capability,RTX 5090,1.0
13204127744,2.96074,K60-capability,RTX 5090,1.0
13205438464,2.92198,K60-capability,RTX 5090,1.0
13206749184,2.87167,K60-capability,RTX 5090,1.0
13208059904,2.81919,K60-capability,RTX 5090,1.0
13209370624,2.79852,K60-capability,RTX 5090,1.0
13210681344,2.86816,K60-capability,RTX 5090,1.0
13211992064,2.75108,K60-capability,RTX 5090,1.0
13213302784,2.74844,K60-capability,RTX 5090,1.0
13214613504,2.73982,K60-capability,RTX 5090,1.0
13215924224,2.76687,K60-capability,RTX 5090,1.0
13217234944,2.83305,K60-capability,RTX 5090,1.0
13218545664,2.77893,K60-capability,RTX 5090,1.0
13219856384,2.65183,K60-capability,RTX 5090,1.0
13221167104,2.74205,K60-capability,RTX 5090,1.0
13222477824,2.73186,K60-capability,RTX 5090,1.0
13223788544,2.74085,K60-capability,RTX 5090,1.0
13225099264,2.80854,K60-capability,RTX 5090,1.0
13226409984,2.85032,K60-capability,RTX 5090,1.0
13227720704,2.83249,K60-capability,RTX 5090,1.0
13229031424,2.79631,K60-capability,RTX 5090,1.0
13230342144,2.94411,K60-capability,RTX 5090,1.0
13231652864,2.92751,K60-capability,RTX 5090,1.0
13232963584,2.88755,K60-capability,RTX 5090,1.0
13234274304,2.91728,K60-capability,RTX 5090,1.0
13235585024,2.85323,K60-capability,RTX 5090,1.0
13236895744,2.87864,K60-capability,RTX 5090,1.0
13238206464,2.77252,K60-capability,RTX 5090,1.0
13239517184,2.81941,K60-capability,RTX 5090,1.0
13240827904,2.83241,K60-capability,RTX 5090,1.0
13242138624,2.84999,K60-capability,RTX 5090,1.0
13243449344,2.82895,K60-capability,RTX 5090,1.0
13244760064,2.72643,K60-capability,RTX 5090,1.0
13246070784,2.70559,K60-capability,RTX 5090,1.0
13247381504,2.76662,K60-capability,RTX 5090,1.0
13248692224,2.78327,K60-capability,RTX 5090,1.0
13250002944,2.7584,K60-capability,RTX 5090,1.0
13251313664,2.72677,K60-capability,RTX 5090,1.0
13252624384,2.69417,K60-capability,RTX 5090,1.0
13253935104,2.73702,K60-capability,RTX 5090,1.0
13255245824,2.66541,K60-capability,RTX 5090,1.0
13256556544,2.88656,K60-capability,RTX 5090,1.0
13257867264,2.87416,K60-capability,RTX 5090,1.0
13259177984,2.89774,K60-capability,RTX 5090,1.0
13260488704,2.85248,K60-capability,RTX 5090,1.0
13261799424,2.95894,K60-capability,RTX 5090,1.0
13263110144,2.91151,K60-capability,RTX 5090,1.0
13264420864,2.88179,K60-capability,RTX 5090,1.0
13265731584,2.95698,K60-capability,RTX 5090,1.0
13267042304,2.86715,K60-capability,RTX 5090,1.0
13268353024,2.94774,K60-capability,RTX 5090,1.0
13269663744,2.86833,K60-capability,RTX 5090,1.0
13270974464,2.88168,K60-capability,RTX 5090,1.0
13272285184,2.73234,K60-capability,RTX 5090,1.0
13273595904,2.68785,K60-capability,RTX 5090,1.0
13274906624,2.64122,K60-capability,RTX 5090,1.0
13276217344,2.72356,K60-capability,RTX 5090,1.0
13277528064,2.7365,K60-capability,RTX 5090,1.0
13278838784,2.80486,K60-capability,RTX 5090,1.0
13280149504,2.7716,K60-capability,RTX 5090,1.0
13281460224,2.68386,K60-capability,RTX 5090,1.0
13282770944,2.71052,K60-capability,RTX 5090,1.0
13284081664,2.67634,K60-capability,RTX 5090,1.0
13285392384,2.75859,K60-capability,RTX 5090,1.0
13286703104,2.92096,K60-capability,RTX 5090,1.0
13288013824,2.81761,K60-capability,RTX 5090,1.0
13289324544,2.80834,K60-capability,RTX 5090,1.0
13290635264,2.90835,K60-capability,RTX 5090,1.0
13291945984,2.80223,K60-capability,RTX 5090,1.0
13293256704,2.94564,K60-capability,RTX 5090,1.0
13294567424,3.01054,K60-capability,RTX 5090,1.0
13295878144,2.9804,K60-capability,RTX 5090,1.0
13297188864,2.86392,K60-capability,RTX 5090,1.0
13298499584,2.88786,K60-capability,RTX 5090,1.0
13299810304,2.83738,K60-capability,RTX 5090,1.0
13301121024,2.91108,K60-capability,RTX 5090,1.0
13302431744,2.7706,K60-capability,RTX 5090,1.0
13303742464,2.69361,K60-capability,RTX 5090,1.0
13305053184,2.66672,K60-capability,RTX 5090,1.0
13306363904,2.8596,K60-capability,RTX 5090,1.0
13307674624,2.68918,K60-capability,RTX 5090,1.0
13308985344,2.7146,K60-capability,RTX 5090,1.0
13310296064,2.89575,K60-capability,RTX 5090,1.0
13311606784,2.73959,K60-capability,RTX 5090,1.0
13312917504,2.59858,K60-capability,RTX 5090,1.0
13314228224,2.75971,K60-capability,RTX 5090,1.0
13315538944,2.73661,K60-capability,RTX 5090,1.0
13316849664,2.81487,K60-capability,RTX 5090,1.0
13318160384,2.70854,K60-capability,RTX 5090,1.0
13319471104,2.86338,K60-capability,RTX 5090,1.0
13320781824,2.84332,K60-capability,RTX 5090,1.0
13322092544,2.87165,K60-capability,RTX 5090,1.0
13323403264,2.96689,K60-capability,RTX 5090,1.0
13324713984,2.95764,K60-capability,RTX 5090,1.0
13326024704,2.92949,K60-capability,RTX 5090,1.0
13327335424,2.93644,K60-capability,RTX 5090,1.0
13328646144,2.82847,K60-capability,RTX 5090,1.0
13329956864,2.93052,K60-capability,RTX 5090,1.0
13331267584,2.77738,K60-capability,RTX 5090,1.0
13332578304,2.83943,K60-capability,RTX 5090,1.0
13333889024,2.70966,K60-capability,RTX 5090,1.0
13335199744,2.72677,K60-capability,RTX 5090,1.0
13336510464,2.81858,K60-capability,RTX 5090,1.0
13337821184,2.75035,K60-capability,RTX 5090,1.0
13339131904,2.73958,K60-capability,RTX 5090,1.0
13340442624,2.71889,K60-capability,RTX 5090,1.0
13341753344,2.74677,K60-capability,RTX 5090,1.0
13343064064,2.7686,K60-capability,RTX 5090,1.0
13344374784,2.7266,K60-capability,RTX 5090,1.0
13345685504,2.71305,K60-capability,RTX 5090,1.0
13346996224,2.83425,K60-capability,RTX 5090,1.0
13348306944,2.81526,K60-capability,RTX 5090,1.0
13349617664,2.70012,K60-capability,RTX 5090,1.0
13350928384,2.90878,K60-capability,RTX 5090,1.0
13352239104,2.8768,K60-capability,RTX 5090,1.0
13353549824,2.89985,K60-capability,RTX 5090,1.0
13354860544,3.00687,K60-capability,RTX 5090,1.0
13356171264,2.87918,K60-capability,RTX 5090,1.0
13357481984,3.00853,K60-capability,RTX 5090,1.0
13358792704,2.93819,K60-capability,RTX 5090,1.0
13360103424,2.88585,K60-capability,RTX 5090,1.0
13361414144,2.91797,K60-capability,RTX 5090,1.0
13362724864,2.93319,K60-capability,RTX 5090,1.0
13364035584,2.83169,K60-capability,RTX 5090,1.0
13365346304,2.66237,K60-capability,RTX 5090,1.0
13366657024,2.82914,K60-capability,RTX 5090,1.0
13367967744,2.83384,K60-capability,RTX 5090,1.0
13369278464,2.822,K60-capability,RTX 5090,1.0
13370589184,2.775,K60-capability,RTX 5090,1.0
13371899904,2.82642,K60-capability,RTX 5090,1.0
13373210624,2.666,K60-capability,RTX 5090,1.0
13374521344,2.84463,K60-capability,RTX 5090,1.0
13375832064,2.64416,K60-capability,RTX 5090,1.0
13377142784,2.93258,K60-capability,RTX 5090,1.0
13378453504,2.77813,K60-capability,RTX 5090,1.0
13379764224,2.93271,K60-capability,RTX 5090,1.0
13381074944,2.84068,K60-capability,RTX 5090,1.0
13382385664,2.87561,K60-capability,RTX 5090,1.0
13383696384,2.92434,K60-capability,RTX 5090,1.0
13385007104,3.07037,K60-capability,RTX 5090,1.0
13386317824,2.8312,K60-capability,RTX 5090,1.0
13387628544,2.91734,K60-capability,RTX 5090,1.0
13388939264,2.83692,K60-capability,RTX 5090,1.0
13390249984,2.91555,K60-capability,RTX 5090,1.0
13391560704,2.79432,K60-capability,RTX 5090,1.0
13392871424,2.88849,K60-capability,RTX 5090,1.0
13394182144,2.74758,K60-capability,RTX 5090,1.0
13395492864,2.74651,K60-capability,RTX 5090,1.0
13396803584,2.67253,K60-capability,RTX 5090,1.0
13398114304,2.72449,K60-capability,RTX 5090,1.0
13399425024,2.79058,K60-capability,RTX 5090,1.0
13400735744,2.83158,K60-capability,RTX 5090,1.0
13402046464,2.65985,K60-capability,RTX 5090,1.0
13403357184,2.79072,K60-capability,RTX 5090,1.0
13404667904,2.63105,K60-capability,RTX 5090,1.0
13405978624,2.79019,K60-capability,RTX 5090,1.0
13406044160,3.14002,K60-capability,RTX 4070 Ti,1.0
13407289344,2.76023,K60-capability,RTX 4070 Ti,1.0
13407289344,2.77921,K60-capability,RTX 5090,1.0
13408600064,2.85911,K60-capability,RTX 5090,1.0
13408600064,2.85916,K60-capability,RTX 4070 Ti,1.0
13409910784,2.84775,K60-capability,RTX 4070 Ti,1.0
13409910784,2.84778,K60-capability,RTX 5090,1.0
13411221504,3.01428,K60-capability,RTX 5090,1.0
13411221504,3.01432,K60-capability,RTX 4070 Ti,1.0
13412532224,2.80204,K60-capability,RTX 4070 Ti,1.0
13412532224,2.80205,K60-capability,RTX 5090,1.0
13413842944,2.95878,K60-capability,RTX 5090,1.0
13413842944,2.95881,K60-capability,RTX 4070 Ti,1.0
13415153664,2.8285,K60-capability,RTX 5090,1.0
13415153664,2.82852,K60-capability,RTX 4070 Ti,1.0
13416464384,2.97736,K60-capability,RTX 4070 Ti,1.0
13416464384,2.97736,K60-capability,RTX 5090,1.0
13417775104,2.92966,K60-capability,RTX 4070 Ti,1.0
13417775104,2.92967,K60-capability,RTX 5090,1.0
13419085824,2.86428,K60-capability,RTX 5090,1.0
13419085824,2.86429,K60-capability,RTX 4070 Ti,1.0
13420396544,2.87843,K60-capability,RTX 5090,1.0
13420396544,2.87853,K60-capability,RTX 4070 Ti,1.0
13421707264,2.8907,K60-capability,RTX 5090,1.0
13421707264,2.89071,K60-capability,RTX 4070 Ti,1.0
13423017984,2.92976,K60-capability,RTX 5090,1.0
13423017984,2.92977,K60-capability,RTX 4070 Ti,1.0
13424328704,2.78193,K60-capability,RTX 5090,1.0
13424328704,2.78195,K60-capability,RTX 4070 Ti,1.0
13425639424,2.74688,K60-capability,RTX 4070 Ti,1.0
13425639424,2.74698,K60-capability,RTX 5090,1.0
13426950144,2.72285,K60-capability,RTX 4070 Ti,1.0
13426950144,2.72285,K60-capability,RTX 5090,1.0
13428260864,2.83718,K60-capability,RTX 4070 Ti,1.0
13429571584,2.79164,K60-capability,RTX 4070 Ti,1.0
13430882304,2.74972,K60-capability,RTX 4070 Ti,1.0
13432193024,2.79954,K60-capability,RTX 4070 Ti,1.0
13433503744,2.6756,K60-capability,RTX 4070 Ti,1.0
13434814464,2.73779,K60-capability,RTX 4070 Ti,1.0
13436125184,2.68095,K60-capability,RTX 4070 Ti,1.0
13437435904,2.63227,K60-capability,RTX 4070 Ti,1.0
13438746624,2.69221,K60-capability,RTX 4070 Ti,1.0
13440057344,2.85006,K60-capability,RTX 4070 Ti,1.0
13441368064,2.92557,K60-capability,RTX 4070 Ti,1.0
13442678784,2.83002,K60-capability,RTX 4070 Ti,1.0
13443989504,2.85665,K60-capability,RTX 4070 Ti,1.0
13445300224,2.90643,K60-capability,RTX 4070 Ti,1.0
13446610944,2.97733,K60-capability,RTX 4070 Ti,1.0
13447921664,2.84263,K60-capability,RTX 4070 Ti,1.0
13449232384,2.94449,K60-capability,RTX 4070 Ti,1.0
13450543104,2.9475,K60-capability,RTX 4070 Ti,1.0
13451853824,2.84825,K60-capability,RTX 4070 Ti,1.0
13453164544,2.74531,K60-capability,RTX 4070 Ti,1.0
13454475264,2.80903,K60-capability,RTX 4070 Ti,1.0
13455785984,2.72917,K60-capability,RTX 4070 Ti,1.0
13457096704,2.66592,K60-capability,RTX 4070 Ti,1.0
13458407424,2.78854,K60-capability,RTX 4070 Ti,1.0
13459718144,2.73106,K60-capability,RTX 4070 Ti,1.0
13461028864,2.83769,K60-capability,RTX 4070 Ti,1.0
13462339584,2.77405,K60-capability,RTX 4070 Ti,1.0
13463650304,2.76228,K60-capability,RTX 4070 Ti,1.0
13464961024,2.82984,K60-capability,RTX 4070 Ti,1.0
13466271744,2.72823,K60-capability,RTX 4070 Ti,1.0
13467582464,2.68207,K60-capability,RTX 4070 Ti,1.0
13468893184,2.85962,K60-capability,RTX 4070 Ti,1.0
13470203904,2.7413,K60-capability,RTX 4070 Ti,1.0
13471514624,2.8684,K60-capability,RTX 4070 Ti,1.0
13472825344,2.88417,K60-capability,RTX 4070 Ti,1.0
13474136064,2.81513,K60-capability,RTX 4070 Ti,1.0
13475446784,2.86834,K60-capability,RTX 4070 Ti,1.0
13476757504,2.87408,K60-capability,RTX 4070 Ti,1.0
13478068224,2.93649,K60-capability,RTX 4070 Ti,1.0
13479378944,2.95796,K60-capability,RTX 4070 Ti,1.0
13480689664,2.92232,K60-capability,RTX 4070 Ti,1.0
13482000384,2.89126,K60-capability,RTX 4070 Ti,1.0
13483311104,2.88057,K60-capability,RTX 4070 Ti,1.0
13484621824,2.81537,K60-capability,RTX 4070 Ti,1.0
13485932544,2.73318,K60-capability,RTX 4070 Ti,1.0
13487243264,2.63981,K60-capability,RTX 4070 Ti,1.0
13488553984,2.73573,K60-capability,RTX 4070 Ti,1.0
13489864704,2.73048,K60-capability,RTX 4070 Ti,1.0
13491175424,2.73866,K60-capability,RTX 4070 Ti,1.0
13492486144,2.79828,K60-capability,RTX 4070 Ti,1.0
13493796864,2.77109,K60-capability,RTX 4070 Ti,1.0
13495107584,2.75615,K60-capability,RTX 4070 Ti,1.0
13496418304,2.63731,K60-capability,RTX 4070 Ti,1.0
13497729024,2.90735,K60-capability,RTX 4070 Ti,1.0
13499039744,2.87821,K60-capability,RTX 4070 Ti,1.0
13500350464,2.92784,K60-capability,RTX 4070 Ti,1.0
13501661184,2.80798,K60-capability,RTX 4070 Ti,1.0
13502971904,2.88439,K60-capability,RTX 4070 Ti,1.0
13504282624,2.84949,K60-capability,RTX 4070 Ti,1.0
13505593344,2.95258,K60-capability,RTX 4070 Ti,1.0
13506904064,2.90318,K60-capability,RTX 4070 Ti,1.0
13508214784,2.83266,K60-capability,RTX 4070 Ti,1.0
13509525504,2.92538,K60-capability,RTX 4070 Ti,1.0
13510836224,2.89685,K60-capability,RTX 4070 Ti,1.0
13512146944,2.83533,K60-capability,RTX 4070 Ti,1.0
13513457664,2.85975,K60-capability,RTX 4070 Ti,1.0
13514768384,2.86757,K60-capability,RTX 4070 Ti,1.0
13516079104,2.84204,K60-capability,RTX 4070 Ti,1.0
13517389824,2.70532,K60-capability,RTX 4070 Ti,1.0
13518700544,2.8435,K60-capability,RTX 4070 Ti,1.0
13520011264,2.717,K60-capability,RTX 4070 Ti,1.0
13521321984,2.79167,K60-capability,RTX 4070 Ti,1.0
13522632704,2.73141,K60-capability,RTX 4070 Ti,1.0
13523943424,2.79079,K60-capability,RTX 4070 Ti,1.0
13525254144,2.76128,K60-capability,RTX 4070 Ti,1.0
13526564864,2.7904,K60-capability,RTX 4070 Ti,1.0
13527875584,2.74314,K60-capability,RTX 4070 Ti,1.0
13529186304,2.87558,K60-capability,RTX 4070 Ti,1.0
13530497024,2.83629,K60-capability,RTX 4070 Ti,1.0
13531807744,2.86897,K60-capability,RTX 4070 Ti,1.0
13533118464,2.84268,K60-capability,RTX 4070 Ti,1.0
13534429184,2.97299,K60-capability,RTX 4070 Ti,1.0
13535739904,2.87403,K60-capability,RTX 4070 Ti,1.0
13537050624,2.87226,K60-capability,RTX 4070 Ti,1.0
13538361344,2.92098,K60-capability,RTX 4070 Ti,1.0
13539672064,2.8562,K60-capability,RTX 4070 Ti,1.0
13540982784,2.89693,K60-capability,RTX 4070 Ti,1.0
13542293504,2.751,K60-capability,RTX 4070 Ti,1.0
13543604224,2.90623,K60-capability,RTX 4070 Ti,1.0
13544914944,2.96396,K60-capability,RTX 4070 Ti,1.0
13546225664,2.77465,K60-capability,RTX 4070 Ti,1.0
13547536384,2.68875,K60-capability,RTX 4070 Ti,1.0
13548847104,2.8394,K60-capability,RTX 4070 Ti,1.0
13550157824,2.71727,K60-capability,RTX 4070 Ti,1.0
13551468544,2.85505,K60-capability,RTX 4070 Ti,1.0
13552779264,2.78276,K60-capability,RTX 4070 Ti,1.0
13554089984,2.82441,K60-capability,RTX 4070 Ti,1.0
13555400704,2.81964,K60-capability,RTX 4070 Ti,1.0
13556711424,2.74718,K60-capability,RTX 4070 Ti,1.0
13558022144,2.63096,K60-capability,RTX 4070 Ti,1.0
13559332864,2.82586,K60-capability,RTX 4070 Ti,1.0
13560643584,2.88432,K60-capability,RTX 4070 Ti,1.0
13561954304,2.73486,K60-capability,RTX 4070 Ti,1.0
13563265024,2.8813,K60-capability,RTX 4070 Ti,1.0
13564575744,2.83576,K60-capability,RTX 4070 Ti,1.0
13565886464,2.8876,K60-capability,RTX 4070 Ti,1.0
13567197184,3.11027,K60-capability,RTX 4070 Ti,1.0
13568507904,2.92578,K60-capability,RTX 4070 Ti,1.0
13569818624,2.94468,K60-capability,RTX 4070 Ti,1.0
13571129344,2.85129,K60-capability,RTX 4070 Ti,1.0
13572440064,2.81512,K60-capability,RTX 4070 Ti,1.0
13573750784,2.84538,K60-capability,RTX 4070 Ti,1.0
13575061504,2.85778,K60-capability,RTX 4070 Ti,1.0
13576372224,2.78025,K60-capability,RTX 4070 Ti,1.0
13577682944,2.81431,K60-capability,RTX 4070 Ti,1.0
13578993664,2.72315,K60-capability,RTX 4070 Ti,1.0
13580304384,2.74059,K60-capability,RTX 4070 Ti,1.0
13581615104,2.87196,K60-capability,RTX 4070 Ti,1.0
13582925824,2.82107,K60-capability,RTX 4070 Ti,1.0
13584236544,2.76648,K60-capability,RTX 4070 Ti,1.0
13585547264,2.71765,K60-capability,RTX 4070 Ti,1.0
13586857984,2.72926,K60-capability,RTX 4070 Ti,1.0
13588168704,2.67691,K60-capability,RTX 4070 Ti,1.0
13589479424,2.75843,K60-capability,RTX 4070 Ti,1.0
13590790144,2.91557,K60-capability,RTX 4070 Ti,1.0
13592100864,2.7917,K60-capability,RTX 4070 Ti,1.0
13593411584,2.94156,K60-capability,RTX 4070 Ti,1.0
13594722304,2.83989,K60-capability,RTX 4070 Ti,1.0
13596033024,2.84701,K60-capability,RTX 4070 Ti,1.0
13597343744,2.98759,K60-capability,RTX 4070 Ti,1.0
13598654464,2.92781,K60-capability,RTX 4070 Ti,1.0
13599965184,2.88645,K60-capability,RTX 4070 Ti,1.0
13601275904,2.90154,K60-capability,RTX 4070 Ti,1.0
13602586624,2.80099,K60-capability,RTX 4070 Ti,1.0
13603897344,2.85215,K60-capability,RTX 4070 Ti,1.0
13605208064,2.75835,K60-capability,RTX 4070 Ti,1.0
13606518784,2.70729,K60-capability,RTX 4070 Ti,1.0
13607829504,2.79173,K60-capability,RTX 4070 Ti,1.0
13609140224,2.75104,K60-capability,RTX 4070 Ti,1.0
13610450944,2.80796,K60-capability,RTX 4070 Ti,1.0
13611761664,2.74727,K60-capability,RTX 4070 Ti,1.0
13613072384,2.85596,K60-capability,RTX 4070 Ti,1.0
13614383104,2.73493,K60-capability,RTX 4070 Ti,1.0
13615693824,2.71186,K60-capability,RTX 4070 Ti,1.0
13617004544,2.63287,K60-capability,RTX 4070 Ti,1.0
13618315264,2.80594,K60-capability,RTX 4070 Ti,1.0
13619625984,2.63965,K60-capability,RTX 4070 Ti,1.0
13620936704,2.81154,K60-capability,RTX 4070 Ti,1.0
13622247424,2.89192,K60-capability,RTX 4070 Ti,1.0
13623558144,2.83422,K60-capability,RTX 4070 Ti,1.0
13624868864,2.91269,K60-capability,RTX 4070 Ti,1.0
13626179584,2.9229,K60-capability,RTX 4070 Ti,1.0
13627490304,2.83856,K60-capability,RTX 4070 Ti,1.0
13628801024,2.99915,K60-capability,RTX 4070 Ti,1.0
13630111744,2.98952,K60-capability,RTX 4070 Ti,1.0
13631422464,2.80564,K60-capability,RTX 4070 Ti,1.0
13632733184,2.94477,K60-capability,RTX 4070 Ti,1.0
13634043904,2.80857,K60-capability,RTX 4070 Ti,1.0
13635354624,2.85872,K60-capability,RTX 4070 Ti,1.0
13636665344,2.71265,K60-capability,RTX 4070 Ti,1.0
13637976064,2.77038,K60-capability,RTX 4070 Ti,1.0
13639286784,2.7478,K60-capability,RTX 4070 Ti,1.0
13640597504,2.7216,K60-capability,RTX 4070 Ti,1.0
13641908224,2.62825,K60-capability,RTX 4070 Ti,1.0
13643218944,2.76846,K60-capability,RTX 4070 Ti,1.0
13644529664,2.75675,K60-capability,RTX 4070 Ti,1.0
13645840384,2.77081,K60-capability,RTX 4070 Ti,1.0
13647151104,2.69952,K60-capability,RTX 4070 Ti,1.0
13648461824,2.83622,K60-capability,RTX 4070 Ti,1.0
13649772544,2.64055,K60-capability,RTX 4070 Ti,1.0
13651083264,2.86659,K60-capability,RTX 4070 Ti,1.0
13652393984,2.82142,K60-capability,RTX 4070 Ti,1.0
13653704704,2.91768,K60-capability,RTX 4070 Ti,1.0
13655015424,2.91733,K60-capability,RTX 4070 Ti,1.0
13656326144,2.73017,K60-capability,RTX 4070 Ti,1.0
13657636864,2.82384,K60-capability,RTX 4070 Ti,1.0
13658947584,2.89056,K60-capability,RTX 4070 Ti,1.0
13660258304,2.94181,K60-capability,RTX 4070 Ti,1.0
13661569024,2.99163,K60-capability,RTX 4070 Ti,1.0
13662879744,2.78338,K60-capability,RTX 4070 Ti,1.0
13664190464,2.91443,K60-capability,RTX 4070 Ti,1.0
13665501184,2.8811,K60-capability,RTX 4070 Ti,1.0
13666811904,2.78874,K60-capability,RTX 4070 Ti,1.0
13668122624,2.77024,K60-capability,RTX 4070 Ti,1.0
13669433344,2.64748,K60-capability,RTX 4070 Ti,1.0
13670744064,2.69507,K60-capability,RTX 4070 Ti,1.0
13672054784,2.61537,K60-capability,RTX 4070 Ti,1.0
13673365504,2.69565,K60-capability,RTX 4070 Ti,1.0
13674676224,2.82547,K60-capability,RTX 4070 Ti,1.0
13675986944,2.91633,K60-capability,RTX 4070 Ti,1.0
13677297664,2.64824,K60-capability,RTX 4070 Ti,1.0
13678608384,2.60829,K60-capability,RTX 4070 Ti,1.0
13679919104,2.77902,K60-capability,RTX 4070 Ti,1.0
13681229824,2.87097,K60-capability,RTX 4070 Ti,1.0
13682540544,2.76436,K60-capability,RTX 4070 Ti,1.0
13683851264,2.88233,K60-capability,RTX 4070 Ti,1.0
13685161984,2.7955,K60-capability,RTX 4070 Ti,1.0
13686472704,2.88431,K60-capability,RTX 4070 Ti,1.0
13687783424,2.9052,K60-capability,RTX 4070 Ti,1.0
13689094144,2.83463,K60-capability,RTX 4070 Ti,1.0
13690404864,3.03716,K60-capability,RTX 4070 Ti,1.0
13691715584,2.87957,K60-capability,RTX 4070 Ti,1.0
13693026304,3.00836,K60-capability,RTX 4070 Ti,1.0
13694337024,2.88825,K60-capability,RTX 4070 Ti,1.0
13695647744,2.91713,K60-capability,RTX 4070 Ti,1.0
13696958464,2.91887,K60-capability,RTX 4070 Ti,1.0
13698269184,2.75682,K60-capability,RTX 4070 Ti,1.0
13699579904,2.69861,K60-capability,RTX 4070 Ti,1.0
13700890624,2.84438,K60-capability,RTX 4070 Ti,1.0
13702201344,2.75254,K60-capability,RTX 4070 Ti,1.0
13703512064,2.7749,K60-capability,RTX 4070 Ti,1.0
13704822784,2.67118,K60-capability,RTX 4070 Ti,1.0
13706133504,2.70035,K60-capability,RTX 4070 Ti,1.0
13707444224,2.79602,K60-capability,RTX 4070 Ti,1.0
13708754944,2.71245,K60-capability,RTX 4070 Ti,1.0
13710065664,2.79307,K60-capability,RTX 4070 Ti,1.0
13711376384,2.9329,K60-capability,RTX 4070 Ti,1.0
13712687104,2.74465,K60-capability,RTX 4070 Ti,1.0
13713997824,2.90098,K60-capability,RTX 4070 Ti,1.0
13715308544,2.82282,K60-capability,RTX 4070 Ti,1.0
13716619264,2.90244,K60-capability,RTX 4070 Ti,1.0
13717929984,2.87517,K60-capability,RTX 4070 Ti,1.0
13719240704,3.11113,K60-capability,RTX 4070 Ti,1.0
13720551424,2.84197,K60-capability,RTX 4070 Ti,1.0
13721862144,2.94461,K60-capability,RTX 4070 Ti,1.0
13723172864,2.82931,K60-capability,RTX 4070 Ti,1.0
13724483584,2.79655,K60-capability,RTX 4070 Ti,1.0
13725794304,2.85268,K60-capability,RTX 4070 Ti,1.0
13727105024,2.86442,K60-capability,RTX 4070 Ti,1.0
13728415744,2.82541,K60-capability,RTX 4070 Ti,1.0
13729726464,2.739,K60-capability,RTX 4070 Ti,1.0
13731037184,2.75389,K60-capability,RTX 4070 Ti,1.0
13732347904,2.84071,K60-capability,RTX 4070 Ti,1.0
13733658624,2.8075,K60-capability,RTX 4070 Ti,1.0
13734969344,2.81816,K60-capability,RTX 4070 Ti,1.0
13736280064,2.92656,K60-capability,RTX 4070 Ti,1.0
13737590784,2.76188,K60-capability,RTX 4070 Ti,1.0
13738901504,2.73651,K60-capability,RTX 4070 Ti,1.0
13740212224,2.7665,K60-capability,RTX 4070 Ti,1.0
13741522944,2.75545,K60-capability,RTX 4070 Ti,1.0
13742833664,2.88214,K60-capability,RTX 4070 Ti,1.0
13744144384,2.86056,K60-capability,RTX 4070 Ti,1.0
13745455104,2.76202,K60-capability,RTX 4070 Ti,1.0
13746765824,2.95411,K60-capability,RTX 4070 Ti,1.0
13748076544,2.93221,K60-capability,RTX 4070 Ti,1.0
13749387264,3.01422,K60-capability,RTX 4070 Ti,1.0
13750697984,2.966,K60-capability,RTX 4070 Ti,1.0
13752008704,2.86007,K60-capability,RTX 4070 Ti,1.0
13753319424,2.92945,K60-capability,RTX 4070 Ti,1.0
13754630144,2.91669,K60-capability,RTX 4070 Ti,1.0
13755940864,2.75117,K60-capability,RTX 4070 Ti,1.0
13757251584,2.91642,K60-capability,RTX 4070 Ti,1.0
13758562304,2.80264,K60-capability,RTX 4070 Ti,1.0
13759873024,2.87862,K60-capability,RTX 4070 Ti,1.0
13761183744,2.72132,K60-capability,RTX 4070 Ti,1.0
13762494464,2.77099,K60-capability,RTX 4070 Ti,1.0
13763805184,2.77686,K60-capability,RTX 4070 Ti,1.0
13765115904,2.84504,K60-capability,RTX 4070 Ti,1.0
13766426624,2.70905,K60-capability,RTX 4070 Ti,1.0
13767737344,2.69365,K60-capability,RTX 4070 Ti,1.0
13769048064,2.67527,K60-capability,RTX 4070 Ti,1.0
13770358784,2.64418,K60-capability,RTX 4070 Ti,1.0
13771669504,2.7382,K60-capability,RTX 4070 Ti,1.0
13772980224,2.85821,K60-capability,RTX 4070 Ti,1.0
13774290944,2.97778,K60-capability,RTX 4070 Ti,1.0
13775601664,2.83073,K60-capability,RTX 4070 Ti,1.0
13776912384,2.90793,K60-capability,RTX 4070 Ti,1.0
13778223104,2.86621,K60-capability,RTX 4070 Ti,1.0
13779533824,2.85827,K60-capability,RTX 4070 Ti,1.0
13780844544,2.89929,K60-capability,RTX 4070 Ti,1.0
13782155264,3.01062,K60-capability,RTX 4070 Ti,1.0
13783465984,2.84709,K60-capability,RTX 4070 Ti,1.0
13784776704,2.81595,K60-capability,RTX 4070 Ti,1.0
13786087424,2.93201,K60-capability,RTX 4070 Ti,1.0
13787398144,2.83039,K60-capability,RTX 4070 Ti,1.0
13788708864,2.64444,K60-capability,RTX 4070 Ti,1.0
13790019584,2.61419,K60-capability,RTX 4070 Ti,1.0
13791330304,2.66976,K60-capability,RTX 4070 Ti,1.0
13792641024,2.78451,K60-capability,RTX 4070 Ti,1.0
13793951744,2.59197,K60-capability,RTX 4070 Ti,1.0
13795262464,2.87421,K60-capability,RTX 4070 Ti,1.0
13796573184,2.84103,K60-capability,RTX 4070 Ti,1.0
13797883904,2.76659,K60-capability,RTX 4070 Ti,1.0
13799194624,2.70929,K60-capability,RTX 4070 Ti,1.0
13800505344,2.69594,K60-capability,RTX 4070 Ti,1.0
13801816064,2.78192,K60-capability,RTX 4070 Ti,1.0
13803126784,2.84452,K60-capability,RTX 4070 Ti,1.0
13804437504,2.78488,K60-capability,RTX 4070 Ti,1.0
13805748224,2.81343,K60-capability,RTX 4070 Ti,1.0
13807058944,2.82981,K60-capability,RTX 4070 Ti,1.0
13808369664,2.84969,K60-capability,RTX 4070 Ti,1.0
13809680384,2.94367,K60-capability,RTX 4070 Ti,1.0
13810991104,2.98141,K60-capability,RTX 4070 Ti,1.0
13812301824,2.94659,K60-capability,RTX 4070 Ti,1.0
13813612544,2.79066,K60-capability,RTX 4070 Ti,1.0
13814923264,2.83394,K60-capability,RTX 4070 Ti,1.0
13816233984,2.83569,K60-capability,RTX 4070 Ti,1.0
13817544704,2.83284,K60-capability,RTX 4070 Ti,1.0
13818855424,2.78559,K60-capability,RTX 4070 Ti,1.0
13820166144,2.71439,K60-capability,RTX 4070 Ti,1.0
13821476864,2.71998,K60-capability,RTX 4070 Ti,1.0
13822787584,2.68132,K60-capability,RTX 4070 Ti,1.0
13824098304,2.78747,K60-capability,RTX 4070 Ti,1.0
13825409024,2.75026,K60-capability,RTX 4070 Ti,1.0
13826719744,2.79495,K60-capability,RTX 4070 Ti,1.0
13828030464,2.86956,K60-capability,RTX 4070 Ti,1.0
13829341184,2.73795,K60-capability,RTX 4070 Ti,1.0
13830651904,2.69515,K60-capability,RTX 4070 Ti,1.0
13831962624,2.69899,K60-capability,RTX 4070 Ti,1.0
13833273344,2.81532,K60-capability,RTX 4070 Ti,1.0
13834584064,2.74592,K60-capability,RTX 4070 Ti,1.0
13835894784,2.87003,K60-capability,RTX 4070 Ti,1.0
13837205504,2.78973,K60-capability,RTX 4070 Ti,1.0
13838516224,2.8675,K60-capability,RTX 4070 Ti,1.0
13839826944,2.89912,K60-capability,RTX 4070 Ti,1.0
13841137664,2.98818,K60-capability,RTX 4070 Ti,1.0
13842448384,2.98876,K60-capability,RTX 4070 Ti,1.0
13843759104,2.92505,K60-capability,RTX 4070 Ti,1.0
13845069824,2.82208,K60-capability,RTX 4070 Ti,1.0
13846380544,2.82027,K60-capability,RTX 4070 Ti,1.0
13847691264,2.64088,K60-capability,RTX 4070 Ti,1.0
13849001984,2.88856,K60-capability,RTX 4070 Ti,1.0
13850312704,2.71753,K60-capability,RTX 4070 Ti,1.0
13851623424,2.75348,K60-capability,RTX 4070 Ti,1.0
13852934144,2.66691,K60-capability,RTX 4070 Ti,1.0
13854244864,2.65703,K60-capability,RTX 4070 Ti,1.0
13855555584,2.77685,K60-capability,RTX 4070 Ti,1.0
13856866304,2.77395,K60-capability,RTX 4070 Ti,1.0
13858177024,2.81684,K60-capability,RTX 4070 Ti,1.0
13859487744,2.80313,K60-capability,RTX 4070 Ti,1.0
13860798464,2.72164,K60-capability,RTX 4070 Ti,1.0
13862109184,2.76727,K60-capability,RTX 4070 Ti,1.0
13863419904,2.85609,K60-capability,RTX 4070 Ti,1.0
13864730624,2.89581,K60-capability,RTX 4070 Ti,1.0
13866041344,2.77283,K60-capability,RTX 4070 Ti,1.0
13867352064,2.86541,K60-capability,RTX 4070 Ti,1.0
13868662784,2.80505,K60-capability,RTX 4070 Ti,1.0
13869973504,2.96919,K60-capability,RTX 4070 Ti,1.0
13871284224,2.97591,K60-capability,RTX 4070 Ti,1.0
13872594944,2.92943,K60-capability,RTX 4070 Ti,1.0
13873905664,2.89934,K60-capability,RTX 4070 Ti,1.0
13875216384,3.02221,K60-capability,RTX 4070 Ti,1.0
13876527104,2.85379,K60-capability,RTX 4070 Ti,1.0
13877837824,2.92355,K60-capability,RTX 4070 Ti,1.0
13879148544,2.88038,K60-capability,RTX 4070 Ti,1.0
13880459264,2.88638,K60-capability,RTX 4070 Ti,1.0
13881769984,2.56376,K60-capability,RTX 4070 Ti,1.0
13883080704,2.79645,K60-capability,RTX 4070 Ti,1.0
13884391424,2.82211,K60-capability,RTX 4070 Ti,1.0
13885702144,2.77655,K60-capability,RTX 4070 Ti,1.0
13887012864,2.79243,K60-capability,RTX 4070 Ti,1.0
13888323584,2.79723,K60-capability,RTX 4070 Ti,1.0
13889634304,2.69656,K60-capability,RTX 4070 Ti,1.0
13890945024,2.77379,K60-capability,RTX 4070 Ti,1.0
13892255744,2.63707,K60-capability,RTX 4070 Ti,1.0
13893566464,2.81151,K60-capability,RTX 4070 Ti,1.0
13894877184,2.8661,K60-capability,RTX 4070 Ti,1.0
13896187904,2.82551,K60-capability,RTX 4070 Ti,1.0
13897498624,2.84299,K60-capability,RTX 4070 Ti,1.0
13898809344,2.84438,K60-capability,RTX 4070 Ti,1.0
13900120064,2.91904,K60-capability,RTX 4070 Ti,1.0
13901430784,3.02448,K60-capability,RTX 4070 Ti,1.0
13902741504,2.80526,K60-capability,RTX 4070 Ti,1.0
13904052224,2.85096,K60-capability,RTX 4070 Ti,1.0
13905362944,2.92347,K60-capability,RTX 4070 Ti,1.0
13906673664,2.79627,K60-capability,RTX 4070 Ti,1.0
13907984384,2.86191,K60-capability,RTX 4070 Ti,1.0
13909295104,2.86959,K60-capability,RTX 4070 Ti,1.0
13910605824,2.6934,K60-capability,RTX 4070 Ti,1.0
13911916544,2.75132,K60-capability,RTX 4070 Ti,1.0
13913227264,2.68123,K60-capability,RTX 4070 Ti,1.0
13914537984,2.82608,K60-capability,RTX 4070 Ti,1.0
13915848704,2.79343,K60-capability,RTX 4070 Ti,1.0
13917159424,2.85513,K60-capability,RTX 4070 Ti,1.0
13918470144,2.76061,K60-capability,RTX 4070 Ti,1.0
13919780864,2.77789,K60-capability,RTX 4070 Ti,1.0
13921091584,2.68519,K60-capability,RTX 4070 Ti,1.0
13922402304,2.75633,K60-capability,RTX 4070 Ti,1.0
13923713024,2.74785,K60-capability,RTX 4070 Ti,1.0
13925023744,2.83832,K60-capability,RTX 4070 Ti,1.0
13926334464,2.76205,K60-capability,RTX 4070 Ti,1.0
13927645184,2.85967,K60-capability,RTX 4070 Ti,1.0
13928955904,2.76505,K60-capability,RTX 4070 Ti,1.0
13930266624,2.94597,K60-capability,RTX 4070 Ti,1.0
13931577344,2.89844,K60-capability,RTX 4070 Ti,1.0
13932888064,2.98423,K60-capability,RTX 4070 Ti,1.0
13934198784,2.89101,K60-capability,RTX 4070 Ti,1.0
13935509504,2.86561,K60-capability,RTX 4070 Ti,1.0
13936820224,2.83127,K60-capability,RTX 4070 Ti,1.0
13938130944,2.8397,K60-capability,RTX 4070 Ti,1.0
13939441664,2.8604,K60-capability,RTX 4070 Ti,1.0
13940752384,2.65806,K60-capability,RTX 4070 Ti,1.0
13942063104,2.77482,K60-capability,RTX 4070 Ti,1.0
13943373824,2.70552,K60-capability,RTX 4070 Ti,1.0
13944684544,2.77301,K60-capability,RTX 4070 Ti,1.0
13945995264,2.69092,K60-capability,RTX 4070 Ti,1.0
13947305984,2.75981,K60-capability,RTX 4070 Ti,1.0
13948616704,2.79369,K60-capability,RTX 4070 Ti,1.0
13949927424,2.65359,K60-capability,RTX 4070 Ti,1.0
13951238144,2.7858,K60-capability,RTX 4070 Ti,1.0
13952548864,2.55488,K60-capability,RTX 4070 Ti,1.0
13953859584,2.70192,K60-capability,RTX 4070 Ti,1.0
13955170304,2.7548,K60-capability,RTX 4070 Ti,1.0
13956481024,2.81695,K60-capability,RTX 4070 Ti,1.0
13957791744,2.87161,K60-capability,RTX 4070 Ti,1.0
13959102464,2.91028,K60-capability,RTX 4070 Ti,1.0
13960413184,2.88647,K60-capability,RTX 4070 Ti,1.0
13961723904,2.86319,K60-capability,RTX 4070 Ti,1.0
13963034624,2.88595,K60-capability,RTX 4070 Ti,1.0
13964345344,2.94137,K60-capability,RTX 4070 Ti,1.0
13965656064,2.86221,K60-capability,RTX 4070 Ti,1.0
13966966784,2.80221,K60-capability,RTX 4070 Ti,1.0
13968277504,2.82338,K60-capability,RTX 4070 Ti,1.0
13969588224,2.84074,K60-capability,RTX 4070 Ti,1.0
13970898944,2.69497,K60-capability,RTX 4070 Ti,1.0
13972209664,2.70754,K60-capability,RTX 4070 Ti,1.0
13973520384,2.74843,K60-capability,RTX 4070 Ti,1.0
13974831104,2.70316,K60-capability,RTX 4070 Ti,1.0
13976141824,2.74478,K60-capability,RTX 4070 Ti,1.0
13977452544,2.81332,K60-capability,RTX 4070 Ti,1.0
13978763264,2.71189,K60-capability,RTX 4070 Ti,1.0
13980073984,2.80259,K60-capability,RTX 4070 Ti,1.0
13981384704,2.64431,K60-capability,RTX 4070 Ti,1.0
13982695424,2.80778,K60-capability,RTX 4070 Ti,1.0
13984006144,2.68765,K60-capability,RTX 4070 Ti,1.0
13985316864,2.85201,K60-capability,RTX 4070 Ti,1.0
13986627584,2.78644,K60-capability,RTX 4070 Ti,1.0
13987938304,2.7965,K60-capability,RTX 4070 Ti,1.0
13989249024,2.80555,K60-capability,RTX 4070 Ti,1.0
13990559744,2.89294,K60-capability,RTX 4070 Ti,1.0
13991870464,2.84232,K60-capability,RTX 4070 Ti,1.0
13993181184,2.96375,K60-capability,RTX 4070 Ti,1.0
13994491904,2.90851,K60-capability,RTX 4070 Ti,1.0
13995802624,2.88387,K60-capability,RTX 4070 Ti,1.0
13997113344,2.85455,K60-capability,RTX 4070 Ti,1.0
13998424064,2.9897,K60-capability,RTX 4070 Ti,1.0
13999734784,2.7976,K60-capability,RTX 4070 Ti,1.0
14001045504,2.77725,K60-capability,RTX 4070 Ti,1.0
14002356224,2.75138,K60-capability,RTX 4070 Ti,1.0
14003666944,2.73928,K60-capability,RTX 4070 Ti,1.0
14004977664,2.74163,K60-capability,RTX 4070 Ti,1.0
14006288384,2.64612,K60-capability,RTX 4070 Ti,1.0
14007599104,2.71012,K60-capability,RTX 4070 Ti,1.0
14008909824,2.80711,K60-capability,RTX 4070 Ti,1.0
14010220544,2.6413,K60-capability,RTX 4070 Ti,1.0
14011531264,2.63891,K60-capability,RTX 4070 Ti,1.0
14012841984,2.70683,K60-capability,RTX 4070 Ti,1.0
14014152704,2.82249,K60-capability,RTX 4070 Ti,1.0
14015463424,2.8906,K60-capability,RTX 4070 Ti,1.0
14016774144,2.83155,K60-capability,RTX 4070 Ti,1.0
14018084864,2.75822,K60-capability,RTX 4070 Ti,1.0
14019395584,2.87966,K60-capability,RTX 4070 Ti,1.0
14020706304,2.84564,K60-capability,RTX 4070 Ti,1.0
14022017024,2.97992,K60-capability,RTX 4070 Ti,1.0
14023327744,2.97578,K60-capability,RTX 4070 Ti,1.0
14024638464,2.91129,K60-capability,RTX 4070 Ti,1.0
14025949184,2.93916,K60-capability,RTX 4070 Ti,1.0
14027259904,2.81127,K60-capability,RTX 4070 Ti,1.0
14028570624,2.87799,K60-capability,RTX 4070 Ti,1.0
14029881344,2.82968,K60-capability,RTX 4070 Ti,1.0
14031192064,2.87447,K60-capability,RTX 4070 Ti,1.0
14032502784,2.71401,K60-capability,RTX 4070 Ti,1.0
14033813504,2.77139,K60-capability,RTX 4070 Ti,1.0
14035124224,2.62582,K60-capability,RTX 4070 Ti,1.0
14036434944,2.77077,K60-capability,RTX 4070 Ti,1.0
14037745664,2.67293,K60-capability,RTX 4070 Ti,1.0
14039056384,2.68163,K60-capability,RTX 4070 Ti,1.0
14040367104,2.80389,K60-capability,RTX 4070 Ti,1.0
14041677824,2.73431,K60-capability,RTX 4070 Ti,1.0
14042988544,2.74273,K60-capability,RTX 4070 Ti,1.0
14044299264,2.73108,K60-capability,RTX 4070 Ti,1.0
14045609984,2.79789,K60-capability,RTX 4070 Ti,1.0
14046920704,2.88911,K60-capability,RTX 4070 Ti,1.0
14048231424,2.73558,K60-capability,RTX 4070 Ti,1.0
14049542144,2.79902,K60-capability,RTX 4070 Ti,1.0
14050852864,2.85949,K60-capability,RTX 4070 Ti,1.0
14052163584,2.91024,K60-capability,RTX 4070 Ti,1.0
14053474304,2.97804,K60-capability,RTX 4070 Ti,1.0
14054785024,2.83999,K60-capability,RTX 4070 Ti,1.0
14056095744,2.79313,K60-capability,RTX 4070 Ti,1.0
14057406464,2.92837,K60-capability,RTX 4070 Ti,1.0
14058717184,2.8977,K60-capability,RTX 4070 Ti,1.0
14060027904,2.84086,K60-capability,RTX 4070 Ti,1.0
14061338624,2.85791,K60-capability,RTX 4070 Ti,1.0
14062649344,2.80279,K60-capability,RTX 4070 Ti,1.0
14063960064,2.61086,K60-capability,RTX 4070 Ti,1.0
14065270784,2.74553,K60-capability,RTX 4070 Ti,1.0
14066581504,2.75641,K60-capability,RTX 4070 Ti,1.0
14067892224,2.7643,K60-capability,RTX 4070 Ti,1.0
14069202944,2.73973,K60-capability,RTX 4070 Ti,1.0
14070513664,2.80098,K60-capability,RTX 4070 Ti,1.0
14071824384,2.82462,K60-capability,RTX 4070 Ti,1.0
14073135104,2.67235,K60-capability,RTX 4070 Ti,1.0
14074445824,2.77001,K60-capability,RTX 4070 Ti,1.0
14075756544,2.81953,K60-capability,RTX 4070 Ti,1.0
14077067264,2.78631,K60-capability,RTX 4070 Ti,1.0
14078377984,2.93511,K60-capability,RTX 4070 Ti,1.0
14079688704,2.74346,K60-capability,RTX 4070 Ti,1.0
14080999424,2.85183,K60-capability,RTX 4070 Ti,1.0
14082310144,2.8384,K60-capability,RTX 4070 Ti,1.0
14083620864,3.11801,K60-capability,RTX 4070 Ti,1.0
14084931584,2.87189,K60-capability,RTX 4070 Ti,1.0
14086242304,3.06053,K60-capability,RTX 4070 Ti,1.0
14087553024,2.87059,K60-capability,RTX 4070 Ti,1.0
14088863744,2.886,K60-capability,RTX 4070 Ti,1.0
14090174464,2.88926,K60-capability,RTX 4070 Ti,1.0
14091485184,2.86555,K60-capability,RTX 4070 Ti,1.0
14092795904,2.73465,K60-capability,RTX 4070 Ti,1.0
14094106624,2.79456,K60-capability,RTX 4070 Ti,1.0
14095417344,2.67597,K60-capability,RTX 4070 Ti,1.0
14096728064,2.76934,K60-capability,RTX 4070 Ti,1.0
14098038784,2.81825,K60-capability,RTX 4070 Ti,1.0
14099349504,2.87408,K60-capability,RTX 4070 Ti,1.0
14100660224,2.79816,K60-capability,RTX 4070 Ti,1.0
14101970944,2.74958,K60-capability,RTX 4070 Ti,1.0
14103281664,2.80632,K60-capability,RTX 4070 Ti,1.0
14104592384,2.64145,K60-capability,RTX 4070 Ti,1.0
14105903104,2.74903,K60-capability,RTX 4070 Ti,1.0
14107213824,2.86214,K60-capability,RTX 4070 Ti,1.0
14108524544,2.87723,K60-capability,RTX 4070 Ti,1.0
14109835264,2.94087,K60-capability,RTX 4070 Ti,1.0
14111145984,2.88314,K60-capability,RTX 4070 Ti,1.0
14112456704,2.839,K60-capability,RTX 4070 Ti,1.0
14113767424,2.94439,K60-capability,RTX 4070 Ti,1.0
14115078144,2.94413,K60-capability,RTX 4070 Ti,1.0
14116388864,2.95424,K60-capability,RTX 4070 Ti,1.0
14117699584,2.96269,K60-capability,RTX 4070 Ti,1.0
14119010304,2.86402,K60-capability,RTX 4070 Ti,1.0
14120321024,2.83218,K60-capability,RTX 4070 Ti,1.0
14121631744,2.80251,K60-capability,RTX 4070 Ti,1.0
14122942464,2.72608,K60-capability,RTX 4070 Ti,1.0
14124253184,2.75977,K60-capability,RTX 4070 Ti,1.0
14125563904,2.74006,K60-capability,RTX 4070 Ti,1.0
14126874624,2.78028,K60-capability,RTX 4070 Ti,1.0
14128185344,2.65413,K60-capability,RTX 4070 Ti,1.0
14129496064,2.79091,K60-capability,RTX 4070 Ti,1.0
14130806784,2.76776,K60-capability,RTX 4070 Ti,1.0
14132117504,2.63724,K60-capability,RTX 4070 Ti,1.0
14133428224,2.73505,K60-capability,RTX 4070 Ti,1.0
14134738944,2.70311,K60-capability,RTX 4070 Ti,1.0
14136049664,2.73532,K60-capability,RTX 4070 Ti,1.0
14137360384,2.72235,K60-capability,RTX 4070 Ti,1.0
14138671104,2.81084,K60-capability,RTX 4070 Ti,1.0
14139981824,2.77087,K60-capability,RTX 4070 Ti,1.0
14141292544,2.84658,K60-capability,RTX 4070 Ti,1.0
14142603264,2.87546,K60-capability,RTX 4070 Ti,1.0
14143913984,2.86765,K60-capability,RTX 4070 Ti,1.0
14145224704,2.92496,K60-capability,RTX 4070 Ti,1.0
14146535424,3.05988,K60-capability,RTX 4070 Ti,1.0
14147846144,2.84214,K60-capability,RTX 4070 Ti,1.0
14149156864,2.86646,K60-capability,RTX 4070 Ti,1.0
14150467584,2.79708,K60-capability,RTX 4070 Ti,1.0
14151778304,2.78194,K60-capability,RTX 4070 Ti,1.0
14153089024,2.81039,K60-capability,RTX 4070 Ti,1.0
14154399744,2.76858,K60-capability,RTX 4070 Ti,1.0
14155710464,2.68898,K60-capability,RTX 4070 Ti,1.0
14157021184,2.61849,K60-capability,RTX 4070 Ti,1.0
14158331904,2.57123,K60-capability,RTX 4070 Ti,1.0
14159642624,2.78869,K60-capability,RTX 4070 Ti,1.0
14160953344,2.84777,K60-capability,RTX 4070 Ti,1.0
14162264064,2.80326,K60-capability,RTX 4070 Ti,1.0
14163574784,2.66639,K60-capability,RTX 4070 Ti,1.0
14164885504,2.57314,K60-capability,RTX 4070 Ti,1.0
14166196224,2.72759,K60-capability,RTX 4070 Ti,1.0
14167506944,2.76297,K60-capability,RTX 4070 Ti,1.0
14168817664,2.7783,K60-capability,RTX 4070 Ti,1.0
14170128384,2.78115,K60-capability,RTX 4070 Ti,1.0
14171439104,2.87435,K60-capability,RTX 4070 Ti,1.0
14172749824,2.67969,K60-capability,RTX 4070 Ti,1.0
14174060544,2.88746,K60-capability,RTX 4070 Ti,1.0
14175371264,2.96089,K60-capability,RTX 4070 Ti,1.0
14176681984,2.86399,K60-capability,RTX 4070 Ti,1.0
14177992704,2.9889,K60-capability,RTX 4070 Ti,1.0
14179303424,2.83031,K60-capability,RTX 4070 Ti,1.0
14180614144,2.83098,K60-capability,RTX 4070 Ti,1.0
14181924864,2.8415,K60-capability,RTX 4070 Ti,1.0
14183235584,2.82484,K60-capability,RTX 4070 Ti,1.0
14184546304,2.66858,K60-capability,RTX 4070 Ti,1.0
14185857024,2.71874,K60-capability,RTX 4070 Ti,1.0
14187167744,2.58577,K60-capability,RTX 4070 Ti,1.0
14188478464,2.84896,K60-capability,RTX 4070 Ti,1.0
14189789184,2.62416,K60-capability,RTX 4070 Ti,1.0
14191099904,2.77938,K60-capability,RTX 4070 Ti,1.0
14192410624,2.88423,K60-capability,RTX 4070 Ti,1.0
14193721344,2.59327,K60-capability,RTX 4070 Ti,1.0
14195032064,2.69574,K60-capability,RTX 4070 Ti,1.0
14196342784,2.67257,K60-capability,RTX 4070 Ti,1.0
14197653504,2.94197,K60-capability,RTX 4070 Ti,1.0
14198964224,2.81216,K60-capability,RTX 4070 Ti,1.0
14200274944,2.81544,K60-capability,RTX 4070 Ti,1.0
14201585664,2.86139,K60-capability,RTX 4070 Ti,1.0
14202896384,2.92037,K60-capability,RTX 4070 Ti,1.0
14204207104,2.93423,K60-capability,RTX 4070 Ti,1.0
14205517824,2.89603,K60-capability,RTX 4070 Ti,1.0
14206828544,2.98733,K60-capability,RTX 4070 Ti,1.0
14208139264,2.90274,K60-capability,RTX 4070 Ti,1.0
14209449984,2.91126,K60-capability,RTX 4070 Ti,1.0
14210760704,2.83649,K60-capability,RTX 4070 Ti,1.0
14212071424,2.84835,K60-capability,RTX 4070 Ti,1.0
14213382144,2.77389,K60-capability,RTX 4070 Ti,1.0
14214692864,2.81485,K60-capability,RTX 4070 Ti,1.0
14216003584,2.70285,K60-capability,RTX 4070 Ti,1.0
14217314304,2.69798,K60-capability,RTX 4070 Ti,1.0
14218625024,2.80749,K60-capability,RTX 4070 Ti,1.0
14219935744,2.70874,K60-capability,RTX 4070 Ti,1.0
14221246464,2.6811,K60-capability,RTX 4070 Ti,1.0
14222557184,2.67632,K60-capability,RTX 4070 Ti,1.0
14223867904,2.77916,K60-capability,RTX 4070 Ti,1.0
14225178624,2.70172,K60-capability,RTX 4070 Ti,1.0
14226489344,2.75553,K60-capability,RTX 4070 Ti,1.0
14227800064,2.79065,K60-capability,RTX 4070 Ti,1.0
14229110784,2.77294,K60-capability,RTX 4070 Ti,1.0
14230421504,2.91487,K60-capability,RTX 4070 Ti,1.0
14231732224,2.76798,K60-capability,RTX 4070 Ti,1.0
14233042944,2.91166,K60-capability,RTX 4070 Ti,1.0
14234353664,2.858,K60-capability,RTX 4070 Ti,1.0
14235664384,2.88809,K60-capability,RTX 4070 Ti,1.0
14236975104,2.86705,K60-capability,RTX 4070 Ti,1.0
14238285824,2.91055,K60-capability,RTX 4070 Ti,1.0
14239596544,2.94824,K60-capability,RTX 4070 Ti,1.0
14240907264,2.75256,K60-capability,RTX 4070 Ti,1.0
14242217984,2.96161,K60-capability,RTX 4070 Ti,1.0
14243528704,2.88582,K60-capability,RTX 4070 Ti,1.0
14244839424,2.8136,K60-capability,RTX 4070 Ti,1.0
14246150144,2.78416,K60-capability,RTX 4070 Ti,1.0
14247460864,2.74792,K60-capability,RTX 4070 Ti,1.0
14248771584,2.69297,K60-capability,RTX 4070 Ti,1.0
14250082304,2.70145,K60-capability,RTX 4070 Ti,1.0
14251393024,2.77862,K60-capability,RTX 4070 Ti,1.0
14252703744,2.80566,K60-capability,RTX 4070 Ti,1.0
14254014464,2.74228,K60-capability,RTX 4070 Ti,1.0
14255325184,2.70189,K60-capability,RTX 4070 Ti,1.0
14256635904,2.80277,K60-capability,RTX 4070 Ti,1.0
14257946624,2.7321,K60-capability,RTX 4070 Ti,1.0
14259257344,2.9502,K60-capability,RTX 4070 Ti,1.0
14260568064,2.89909,K60-capability,RTX 4070 Ti,1.0
14261878784,2.7974,K60-capability,RTX 4070 Ti,1.0
14263189504,2.93133,K60-capability,RTX 4070 Ti,1.0
14264500224,2.86075,K60-capability,RTX 4070 Ti,1.0
14265810944,3.1128,K60-capability,RTX 4070 Ti,1.0
14267121664,3.03026,K60-capability,RTX 4070 Ti,1.0
14268432384,2.80723,K60-capability,RTX 4070 Ti,1.0
14269743104,2.81648,K60-capability,RTX 4070 Ti,1.0
14271053824,2.86194,K60-capability,RTX 4070 Ti,1.0
14272364544,2.84425,K60-capability,RTX 4070 Ti,1.0
14273675264,2.89276,K60-capability,RTX 4070 Ti,1.0
14274985984,2.74389,K60-capability,RTX 4070 Ti,1.0
14276296704,2.82844,K60-capability,RTX 4070 Ti,1.0
14277607424,2.66998,K60-capability,RTX 4070 Ti,1.0
14278918144,2.68234,K60-capability,RTX 4070 Ti,1.0
14280228864,2.8396,K60-capability,RTX 4070 Ti,1.0
14281539584,2.85755,K60-capability,RTX 4070 Ti,1.0
14282850304,2.78419,K60-capability,RTX 4070 Ti,1.0
14284161024,2.78073,K60-capability,RTX 4070 Ti,1.0
14285471744,2.62429,K60-capability,RTX 4070 Ti,1.0
14286782464,2.71586,K60-capability,RTX 4070 Ti,1.0
14288093184,2.70485,K60-capability,RTX 4070 Ti,1.0
14289403904,2.87894,K60-capability,RTX 4070 Ti,1.0
14290714624,2.84506,K60-capability,RTX 4070 Ti,1.0
14292025344,2.85328,K60-capability,RTX 4070 Ti,1.0
14293336064,2.82816,K60-capability,RTX 4070 Ti,1.0
14294646784,2.74358,K60-capability,RTX 4070 Ti,1.0
14295957504,2.92402,K60-capability,RTX 4070 Ti,1.0
14297268224,2.92718,K60-capability,RTX 4070 Ti,1.0
14298578944,2.94255,K60-capability,RTX 4070 Ti,1.0
14299889664,2.94622,K60-capability,RTX 4070 Ti,1.0
14301200384,2.85183,K60-capability,RTX 4070 Ti,1.0
14302511104,2.93207,K60-capability,RTX 4070 Ti,1.0
14303821824,2.79192,K60-capability,RTX 4070 Ti,1.0
14305132544,2.7005,K60-capability,RTX 4070 Ti,1.0
14306443264,2.71138,K60-capability,RTX 4070 Ti,1.0
14307753984,2.6671,K60-capability,RTX 4070 Ti,1.0
14309064704,2.89679,K60-capability,RTX 4070 Ti,1.0
14310375424,2.70053,K60-capability,RTX 4070 Ti,1.0
14311686144,2.8954,K60-capability,RTX 4070 Ti,1.0
14312996864,2.85017,K60-capability,RTX 4070 Ti,1.0
14314307584,2.74371,K60-capability,RTX 4070 Ti,1.0
14315618304,2.87135,K60-capability,RTX 4070 Ti,1.0
14316929024,2.69636,K60-capability,RTX 4070 Ti,1.0
14318239744,2.85219,K60-capability,RTX 4070 Ti,1.0
14319550464,2.73301,K60-capability,RTX 4070 Ti,1.0
14320861184,2.81937,K60-capability,RTX 4070 Ti,1.0
14322171904,2.84968,K60-capability,RTX 4070 Ti,1.0
14323482624,2.8492,K60-capability,RTX 4070 Ti,1.0
14324793344,2.79278,K60-capability,RTX 4070 Ti,1.0
14326104064,2.90472,K60-capability,RTX 4070 Ti,1.0
14327414784,2.98017,K60-capability,RTX 4070 Ti,1.0
14328725504,2.99388,K60-capability,RTX 4070 Ti,1.0
14330036224,2.89903,K60-capability,RTX 4070 Ti,1.0
14331346944,2.79716,K60-capability,RTX 4070 Ti,1.0
14332657664,2.77406,K60-capability,RTX 4070 Ti,1.0
14333968384,2.75987,K60-capability,RTX 4070 Ti,1.0
14335279104,2.77992,K60-capability,RTX 4070 Ti,1.0
14336589824,2.73423,K60-capability,RTX 4070 Ti,1.0
14337900544,2.68049,K60-capability,RTX 4070 Ti,1.0
14339211264,2.57826,K60-capability,RTX 4070 Ti,1.0
14340521984,2.69009,K60-capability,RTX 4070 Ti,1.0
14341832704,2.72979,K60-capability,RTX 4070 Ti,1.0
14343143424,2.75366,K60-capability,RTX 4070 Ti,1.0
14344454144,2.82123,K60-capability,RTX 4070 Ti,1.0
14345764864,2.60538,K60-capability,RTX 4070 Ti,1.0
14347075584,2.70221,K60-capability,RTX 4070 Ti,1.0
14348386304,2.77434,K60-capability,RTX 4070 Ti,1.0
14349697024,2.8782,K60-capability,RTX 4070 Ti,1.0
14351007744,2.79201,K60-capability,RTX 4070 Ti,1.0
14352318464,2.85417,K60-capability,RTX 4070 Ti,1.0
14353629184,2.80202,K60-capability,RTX 4070 Ti,1.0
14354939904,2.80537,K60-capability,RTX 4070 Ti,1.0
14356250624,2.86541,K60-capability,RTX 4070 Ti,1.0
14357561344,2.9271,K60-capability,RTX 4070 Ti,1.0
14358872064,2.97458,K60-capability,RTX 4070 Ti,1.0
14360182784,2.91855,K60-capability,RTX 4070 Ti,1.0
14361493504,2.85362,K60-capability,RTX 4070 Ti,1.0
14362804224,2.76974,K60-capability,RTX 4070 Ti,1.0
14364114944,2.84141,K60-capability,RTX 4070 Ti,1.0
14365425664,2.90591,K60-capability,RTX 4070 Ti,1.0
14366736384,2.65762,K60-capability,RTX 4070 Ti,1.0
14368047104,2.83398,K60-capability,RTX 4070 Ti,1.0
14369357824,2.60504,K60-capability,RTX 4070 Ti,1.0
14370668544,2.72349,K60-capability,RTX 4070 Ti,1.0
14371979264,2.82728,K60-capability,RTX 4070 Ti,1.0
14373289984,2.76373,K60-capability,RTX 4070 Ti,1.0
14374600704,2.83874,K60-capability,RTX 4070 Ti,1.0
14375911424,2.70199,K60-capability,RTX 4070 Ti,1.0
14377222144,2.71235,K60-capability,RTX 4070 Ti,1.0
14378532864,2.79889,K60-capability,RTX 4070 Ti,1.0
14379843584,2.83824,K60-capability,RTX 4070 Ti,1.0
14381154304,2.81022,K60-capability,RTX 4070 Ti,1.0
14382465024,2.88342,K60-capability,RTX 4070 Ti,1.0
14383775744,2.77874,K60-capability,RTX 4070 Ti,1.0
14385086464,2.7672,K60-capability,RTX 4070 Ti,1.0
14386397184,2.84785,K60-capability,RTX 4070 Ti,1.0
14387707904,2.99696,K60-capability,RTX 4070 Ti,1.0
14389018624,2.95472,K60-capability,RTX 4070 Ti,1.0
14390329344,2.96124,K60-capability,RTX 4070 Ti,1.0
14391640064,2.93307,K60-capability,RTX 4070 Ti,1.0
14392950784,2.80344,K60-capability,RTX 4070 Ti,1.0
14394261504,2.83081,K60-capability,RTX 4070 Ti,1.0
14395572224,2.97362,K60-capability,RTX 4070 Ti,1.0
14396882944,2.89518,K60-capability,RTX 4070 Ti,1.0
14398193664,2.67,K60-capability,RTX 4070 Ti,1.0
14399504384,2.69394,K60-capability,RTX 4070 Ti,1.0
14400815104,3.03699,K60-extension,RTX 4070 Ti,1.0
14402125824,2.75175,K60-extension,RTX 4070 Ti,1.0
14403436544,3.0069,K60-extension,RTX 4070 Ti,1.0
14404747264,2.78721,K60-extension,RTX 4070 Ti,1.0
14406057984,3.01365,K60-extension,RTX 4070 Ti,1.0
14407368704,3.03705,K60-extension,RTX 4070 Ti,1.0
14408679424,3.07889,K60-extension,RTX 4070 Ti,1.0
14409990144,2.95507,K60-extension,RTX 4070 Ti,1.0
14411300864,2.62712,K60-extension,RTX 4070 Ti,1.0
14412611584,2.87241,K60-extension,RTX 4070 Ti,1.0
14413922304,2.81576,K60-extension,RTX 4070 Ti,1.0
14415233024,2.81297,K60-extension,RTX 4070 Ti,1.0
14416543744,3.00462,K60-extension,RTX 4070 Ti,1.0
14417854464,2.85481,K60-extension,RTX 4070 Ti,1.0
14419165184,2.79359,K60-extension,RTX 4070 Ti,1.0
14420475904,2.94995,K60-extension,RTX 4070 Ti,1.0
14421786624,2.82663,K60-extension,RTX 4070 Ti,1.0
14423097344,2.91119,K60-extension,RTX 4070 Ti,1.0
14424408064,2.94491,K60-extension,RTX 4070 Ti,1.0
14425718784,2.89411,K60-extension,RTX 4070 Ti,1.0
14427029504,2.84844,K60-extension,RTX 4070 Ti,1.0
14428340224,2.84962,K60-extension,RTX 4070 Ti,1.0
14429650944,2.82304,K60-extension,RTX 4070 Ti,1.0
14430961664,2.84518,K60-extension,RTX 4070 Ti,1.0
14432272384,2.83413,K60-extension,RTX 4070 Ti,1.0
14433583104,3.02526,K60-extension,RTX 4070 Ti,1.0
14434893824,2.92061,K60-extension,RTX 4070 Ti,1.0
14436204544,2.67566,K60-extension,RTX 4070 Ti,1.0
14437515264,2.81479,K60-extension,RTX 4070 Ti,1.0
14438825984,2.81593,K60-extension,RTX 4070 Ti,1.0
14440136704,2.83106,K60-extension,RTX 4070 Ti,1.0
14441447424,2.86754,K60-extension,RTX 4070 Ti,1.0
14442758144,2.7641,K60-extension,RTX 4070 Ti,1.0
14444068864,2.90857,K60-extension,RTX 4070 Ti,1.0
14445379584,2.93258,K60-extension,RTX 4070 Ti,1.0
14446690304,2.86189,K60-extension,RTX 4070 Ti,1.0
14448001024,2.79384,K60-extension,RTX 4070 Ti,1.0
14449311744,2.76181,K60-extension,RTX 4070 Ti,1.0
14450622464,2.85667,K60-extension,RTX 4070 Ti,1.0
14451933184,2.78169,K60-extension,RTX 4070 Ti,1.0
14453243904,2.84227,K60-extension,RTX 4070 Ti,1.0
14454554624,2.93592,K60-extension,RTX 4070 Ti,1.0
14455865344,2.92585,K60-extension,RTX 4070 Ti,1.0
14457176064,2.66868,K60-extension,RTX 4070 Ti,1.0
14458486784,2.90608,K60-extension,RTX 4070 Ti,1.0
14459797504,2.62038,K60-extension,RTX 4070 Ti,1.0
14461108224,2.73459,K60-extension,RTX 4070 Ti,1.0
14462418944,2.8758,K60-extension,RTX 4070 Ti,1.0
14463729664,2.82312,K60-extension,RTX 4070 Ti,1.0
14465040384,2.79447,K60-extension,RTX 4070 Ti,1.0
14466351104,2.86597,K60-extension,RTX 4070 Ti,1.0
14467661824,2.9688,K60-extension,RTX 4070 Ti,1.0
14468972544,2.85162,K60-extension,RTX 4070 Ti,1.0
14470283264,2.79237,K60-extension,RTX 4070 Ti,1.0
14471593984,2.85716,K60-extension,RTX 4070 Ti,1.0
14472904704,2.72392,K60-extension,RTX 4070 Ti,1.0
14474215424,2.78734,K60-extension,RTX 4070 Ti,1.0
14475526144,3.07952,K60-extension,RTX 4070 Ti,1.0
14476836864,2.83314,K60-extension,RTX 4070 Ti,1.0
14478147584,2.75277,K60-extension,RTX 4070 Ti,1.0
14479458304,2.86875,K60-extension,RTX 4070 Ti,1.0
14480769024,2.61907,K60-extension,RTX 4070 Ti,1.0
14482079744,2.77684,K60-extension,RTX 4070 Ti,1.0
14483390464,3.04674,K60-extension,RTX 4070 Ti,1.0
14484701184,2.80822,K60-extension,RTX 4070 Ti,1.0
14486011904,2.77107,K60-extension,RTX 4070 Ti,1.0
14487322624,2.73609,K60-extension,RTX 4070 Ti,1.0
14488633344,2.99438,K60-extension,RTX 4070 Ti,1.0
14489944064,2.85695,K60-extension,RTX 4070 Ti,1.0
14491254784,2.83915,K60-extension,RTX 4070 Ti,1.0
14492565504,2.74809,K60-extension,RTX 4070 Ti,1.0
14493876224,2.79737,K60-extension,RTX 4070 Ti,1.0
14495186944,2.63679,K60-extension,RTX 4070 Ti,1.0
14496497664,2.84602,K60-extension,RTX 4070 Ti,1.0
14497808384,2.63075,K60-extension,RTX 4070 Ti,1.0
14499119104,2.81448,K60-extension,RTX 4070 Ti,1.0
14500429824,2.96878,K60-extension,RTX 4070 Ti,1.0
14501740544,2.85749,K60-extension,RTX 4070 Ti,1.0
14503051264,2.74621,K60-extension,RTX 4070 Ti,1.0
14504361984,2.80204,K60-extension,RTX 4070 Ti,1.0
14505672704,2.88708,K60-extension,RTX 4070 Ti,1.0
14506983424,2.74215,K60-extension,RTX 4070 Ti,1.0
14508294144,2.67918,K60-extension,RTX 4070 Ti,1.0
14509604864,2.70552,K60-extension,RTX 4070 Ti,1.0
14510915584,2.85405,K60-extension,RTX 4070 Ti,1.0
14512226304,2.76132,K60-extension,RTX 4070 Ti,1.0
14513537024,2.94187,K60-extension,RTX 4070 Ti,1.0
14514847744,2.80633,K60-extension,RTX 4070 Ti,1.0
14516158464,2.72658,K60-extension,RTX 4070 Ti,1.0
14517469184,2.83116,K60-extension,RTX 4070 Ti,1.0
14518779904,2.80805,K60-extension,RTX 4070 Ti,1.0
14520090624,2.7877,K60-extension,RTX 4070 Ti,1.0
14521401344,2.95703,K60-extension,RTX 4070 Ti,1.0
14522712064,2.71398,K60-extension,RTX 4070 Ti,1.0
14524022784,2.73504,K60-extension,RTX 4070 Ti,1.0
14525333504,2.76252,K60-extension,RTX 4070 Ti,1.0
14526644224,2.84181,K60-extension,RTX 4070 Ti,1.0
14527954944,2.80677,K60-extension,RTX 4070 Ti,1.0
14529265664,2.77321,K60-extension,RTX 4070 Ti,1.0
14530576384,2.87693,K60-extension,RTX 4070 Ti,1.0
14531887104,2.82753,K60-extension,RTX 4070 Ti,1.0
14533197824,2.69803,K60-extension,RTX 4070 Ti,1.0
14534508544,2.87553,K60-extension,RTX 4070 Ti,1.0
14535819264,2.78562,K60-extension,RTX 4070 Ti,1.0
14537129984,2.74488,K60-extension,RTX 4070 Ti,1.0
14538440704,2.72282,K60-extension,RTX 4070 Ti,1.0
14539751424,2.82702,K60-extension,RTX 4070 Ti,1.0
14541062144,2.86245,K60-extension,RTX 4070 Ti,1.0
14542372864,2.83767,K60-extension,RTX 4070 Ti,1.0
14543683584,2.90982,K60-extension,RTX 4070 Ti,1.0
14544994304,2.8119,K60-extension,RTX 4070 Ti,1.0
14546305024,2.74795,K60-extension,RTX 4070 Ti,1.0
14547615744,2.72754,K60-extension,RTX 4070 Ti,1.0
14548926464,2.72149,K60-extension,RTX 4070 Ti,1.0
14550237184,2.71685,K60-extension,RTX 4070 Ti,1.0
14551547904,2.91584,K60-extension,RTX 4070 Ti,1.0
14552858624,2.64419,K60-extension,RTX 4070 Ti,1.0
14554169344,2.70426,K60-extension,RTX 4070 Ti,1.0
14555480064,2.90017,K60-extension,RTX 4070 Ti,1.0
14556790784,2.73951,K60-extension,RTX 4070 Ti,1.0
14558101504,2.89666,K60-extension,RTX 4070 Ti,1.0
14559412224,2.90484,K60-extension,RTX 4070 Ti,1.0
14560722944,2.76858,K60-extension,RTX 4070 Ti,1.0
14562033664,2.86501,K60-extension,RTX 4070 Ti,1.0
14563344384,2.5776,K60-extension,RTX 4070 Ti,1.0
14564655104,2.77201,K60-extension,RTX 4070 Ti,1.0
14565965824,2.81514,K60-extension,RTX 4070 Ti,1.0
14567276544,2.72394,K60-extension,RTX 4070 Ti,1.0
14568587264,2.70056,K60-extension,RTX 4070 Ti,1.0
14569897984,2.68116,K60-extension,RTX 4070 Ti,1.0
14571208704,2.70869,K60-extension,RTX 4070 Ti,1.0
14572519424,2.83901,K60-extension,RTX 4070 Ti,1.0
14573830144,2.74247,K60-extension,RTX 4070 Ti,1.0
14575140864,2.63722,K60-extension,RTX 4070 Ti,1.0
14576451584,2.82425,K60-extension,RTX 4070 Ti,1.0
14577762304,2.8162,K60-extension,RTX 4070 Ti,1.0
14579073024,2.64401,K60-extension,RTX 4070 Ti,1.0
14580383744,2.89006,K60-extension,RTX 4070 Ti,1.0
14581694464,2.6982,K60-extension,RTX 4070 Ti,1.0
14583005184,2.7475,K60-extension,RTX 4070 Ti,1.0
14584315904,2.7425,K60-extension,RTX 4070 Ti,1.0
14585626624,2.88435,K60-extension,RTX 4070 Ti,1.0
14586937344,2.77821,K60-extension,RTX 4070 Ti,1.0
14588248064,2.75763,K60-extension,RTX 4070 Ti,1.0
14589558784,2.8832,K60-extension,RTX 4070 Ti,1.0
14590869504,2.79617,K60-extension,RTX 4070 Ti,1.0
14592180224,2.69698,K60-extension,RTX 4070 Ti,1.0
14593490944,2.81976,K60-extension,RTX 4070 Ti,1.0
14594801664,2.67028,K60-extension,RTX 4070 Ti,1.0
14596112384,2.72254,K60-extension,RTX 4070 Ti,1.0
14597423104,2.86487,K60-extension,RTX 4070 Ti,1.0
14598733824,2.80737,K60-extension,RTX 4070 Ti,1.0
14600044544,2.85307,K60-extension,RTX 4070 Ti,1.0
14601355264,2.72442,K60-extension,RTX 4070 Ti,1.0
14602665984,2.90157,K60-extension,RTX 4070 Ti,1.0
14603976704,2.81158,K60-extension,RTX 4070 Ti,1.0
14605287424,2.55733,K60-extension,RTX 4070 Ti,1.0
14606598144,2.69937,K60-extension,RTX 4070 Ti,1.0
14607908864,2.84397,K60-extension,RTX 4070 Ti,1.0
14609219584,2.82883,K60-extension,RTX 4070 Ti,1.0
14610530304,2.92569,K60-extension,RTX 4070 Ti,1.0
14611841024,2.60226,K60-extension,RTX 4070 Ti,1.0
14613151744,2.54995,K60-extension,RTX 4070 Ti,1.0
14614462464,2.81101,K60-extension,RTX 4070 Ti,1.0
14615773184,2.77793,K60-extension,RTX 4070 Ti,1.0
14617083904,2.72228,K60-extension,RTX 4070 Ti,1.0
14618394624,2.77122,K60-extension,RTX 4070 Ti,1.0
14619705344,2.92876,K60-extension,RTX 4070 Ti,1.0
14621016064,2.6181,K60-extension,RTX 4070 Ti,1.0
14622326784,2.79702,K60-extension,RTX 4070 Ti,1.0
14623637504,2.69481,K60-extension,RTX 4070 Ti,1.0
14624948224,2.75814,K60-extension,RTX 4070 Ti,1.0
14626258944,2.66728,K60-extension,RTX 4070 Ti,1.0
14627569664,2.88273,K60-extension,RTX 4070 Ti,1.0
14628880384,2.83738,K60-extension,RTX 4070 Ti,1.0
14630191104,2.62008,K60-extension,RTX 4070 Ti,1.0
14631501824,2.70046,K60-extension,RTX 4070 Ti,1.0
14632812544,2.69907,K60-extension,RTX 4070 Ti,1.0
14634123264,2.66561,K60-extension,RTX 4070 Ti,1.0
14635433984,2.78061,K60-extension,RTX 4070 Ti,1.0
14636744704,2.78016,K60-extension,RTX 4070 Ti,1.0
14638055424,2.76747,K60-extension,RTX 4070 Ti,1.0
14639366144,2.83785,K60-extension,RTX 4070 Ti,1.0
14640676864,2.77922,K60-extension,RTX 4070 Ti,1.0
14641987584,2.68006,K60-extension,RTX 4070 Ti,1.0
14643298304,2.67703,K60-extension,RTX 4070 Ti,1.0
14644609024,2.70491,K60-extension,RTX 4070 Ti,1.0
14645919744,2.8349,K60-extension,RTX 4070 Ti,1.0
14647230464,2.86326,K60-extension,RTX 4070 Ti,1.0
14648541184,2.72928,K60-extension,RTX 4070 Ti,1.0
14649851904,2.84718,K60-extension,RTX 4070 Ti,1.0
14651162624,2.64561,K60-extension,RTX 4070 Ti,1.0
14652473344,2.80661,K60-extension,RTX 4070 Ti,1.0
14653784064,2.6942,K60-extension,RTX 4070 Ti,1.0
14655094784,2.71594,K60-extension,RTX 4070 Ti,1.0
14656405504,2.78532,K60-extension,RTX 4070 Ti,1.0
14657716224,2.72404,K60-extension,RTX 4070 Ti,1.0
14659026944,2.71879,K60-extension,RTX 4070 Ti,1.0
14660337664,2.69774,K60-extension,RTX 4070 Ti,1.0
14661648384,2.7227,K60-extension,RTX 4070 Ti,1.0
14662959104,2.83461,K60-extension,RTX 4070 Ti,1.0
14664269824,2.68904,K60-extension,RTX 4070 Ti,1.0
14665580544,2.69107,K60-extension,RTX 4070 Ti,1.0
14666891264,2.62427,K60-extension,RTX 4070 Ti,1.0
14668201984,2.73304,K60-extension,RTX 4070 Ti,1.0
14669512704,2.89282,K60-extension,RTX 4070 Ti,1.0
14670823424,2.62406,K60-extension,RTX 4070 Ti,1.0
14672134144,2.68982,K60-extension,RTX 4070 Ti,1.0
14673444864,2.76008,K60-extension,RTX 4070 Ti,1.0
14674755584,2.84985,K60-extension,RTX 4070 Ti,1.0
14676066304,2.76863,K60-extension,RTX 4070 Ti,1.0
14677377024,2.72815,K60-extension,RTX 4070 Ti,1.0
14678687744,2.70302,K60-extension,RTX 4070 Ti,1.0
14679998464,2.60958,K60-extension,RTX 4070 Ti,1.0
14681309184,2.56327,K60-extension,RTX 4070 Ti,1.0
14681964544,2.84022,K60-extension,RTX 4070 Ti,1.0
14682619904,2.57392,K60-extension,RTX 4070 Ti,1.0
14683275264,2.8459,K60-extension,RTX 4070 Ti,1.0
14683930624,2.93764,K60-extension,RTX 4070 Ti,1.0
14684585984,2.65831,K60-extension,RTX 4070 Ti,1.0
14685241344,2.7509,K60-extension,RTX 4070 Ti,1.0
14685896704,2.82711,K60-extension,RTX 4070 Ti,1.0
14686552064,2.78432,K60-extension,RTX 4070 Ti,1.0
14687207424,2.55304,K60-extension,RTX 4070 Ti,1.0
14687862784,2.8172,K60-extension,RTX 4070 Ti,1.0
14688518144,2.80811,K60-extension,RTX 4070 Ti,1.0
14689173504,2.57121,K60-extension,RTX 4070 Ti,1.0
14689828864,2.79118,K60-extension,RTX 4070 Ti,1.0
14690484224,3.06771,K60-extension,RTX 4070 Ti,1.0
14691139584,2.43825,K60-extension,RTX 4070 Ti,1.0
14691794944,2.70962,K60-extension,RTX 4070 Ti,1.0
14692450304,2.87633,K60-extension,RTX 4070 Ti,1.0
14693105664,2.7034,K60-extension,RTX 4070 Ti,1.0
14693761024,2.69844,K60-extension,RTX 4070 Ti,1.0
14694416384,2.81498,K60-extension,RTX 4070 Ti,1.0
14695071744,2.71766,K60-extension,RTX 4070 Ti,1.0
14695727104,2.91235,K60-extension,RTX 4070 Ti,1.0
14696382464,2.91974,K60-extension,RTX 4070 Ti,1.0
14697037824,2.87884,K60-extension,RTX 4070 Ti,1.0
14697693184,2.81916,K60-extension,RTX 4070 Ti,1.0
14698348544,2.70459,K60-extension,RTX 4070 Ti,1.0
14699003904,2.74251,K60-extension,RTX 4070 Ti,1.0
14699659264,2.79035,K60-extension,RTX 4070 Ti,1.0
14700314624,2.63906,K60-extension,RTX 4070 Ti,1.0
14700969984,2.72591,K60-extension,RTX 4070 Ti,1.0
14701625344,2.67632,K60-extension,RTX 4070 Ti,1.0
14702280704,2.75461,K60-extension,RTX 4070 Ti,1.0
14702936064,2.83837,K60-extension,RTX 4070 Ti,1.0
14703591424,2.63071,K60-extension,RTX 4070 Ti,1.0
14704246784,2.46183,K60-extension,RTX 4070 Ti,1.0
14704902144,2.84204,K60-extension,RTX 4070 Ti,1.0
14705557504,2.8965,K60-extension,RTX 4070 Ti,1.0
14706212864,2.58173,K60-extension,RTX 4070 Ti,1.0
14706868224,2.85928,K60-extension,RTX 4070 Ti,1.0
14707523584,2.86962,K60-extension,RTX 4070 Ti,1.0
14708178944,2.7789,K60-extension,RTX 4070 Ti,1.0
14708834304,2.70669,K60-extension,RTX 4070 Ti,1.0
14709489664,2.75328,K60-extension,RTX 4070 Ti,1.0
14710145024,2.53668,K60-extension,RTX 4070 Ti,1.0
14710800384,2.6815,K60-extension,RTX 4070 Ti,1.0
14711455744,2.71149,K60-extension,RTX 4070 Ti,1.0
14712111104,2.65058,K60-extension,RTX 4070 Ti,1.0
14712766464,2.72604,K60-extension,RTX 4070 Ti,1.0
14713421824,2.68176,K60-extension,RTX 4070 Ti,1.0
14714077184,2.88829,K60-extension,RTX 4070 Ti,1.0
14714732544,2.80348,K60-extension,RTX 4070 Ti,1.0
14715387904,2.52686,K60-extension,RTX 4070 Ti,1.0
14716043264,2.65682,K60-extension,RTX 4070 Ti,1.0
14716698624,2.80875,K60-extension,RTX 4070 Ti,1.0
14717353984,2.51547,K60-extension,RTX 4070 Ti,1.0
14718009344,2.74229,K60-extension,RTX 4070 Ti,1.0
14718664704,2.83189,K60-extension,RTX 4070 Ti,1.0
14719320064,2.73575,K60-extension,RTX 4070 Ti,1.0
14719975424,2.73014,K60-extension,RTX 4070 Ti,1.0
14720630784,2.69705,K60-extension,RTX 4070 Ti,1.0
14721286144,2.67874,K60-extension,RTX 4070 Ti,1.0
14721941504,2.95215,K60-extension,RTX 4070 Ti,1.0
14722596864,2.87818,K60-extension,RTX 4070 Ti,1.0
14723252224,2.83115,K60-extension,RTX 4070 Ti,1.0
14723907584,2.73906,K60-extension,RTX 4070 Ti,1.0
14724562944,2.76433,K60-extension,RTX 4070 Ti,1.0
14725218304,2.69039,K60-extension,RTX 4070 Ti,1.0
14725873664,2.81754,K60-extension,RTX 4070 Ti,1.0
14726529024,2.61212,K60-extension,RTX 4070 Ti,1.0
14727184384,2.44741,K60-extension,RTX 4070 Ti,1.0
14727839744,3.00729,K60-extension,RTX 4070 Ti,1.0
14728495104,2.73607,K60-extension,RTX 4070 Ti,1.0
14729150464,2.45243,K60-extension,RTX 4070 Ti,1.0
14729805824,2.71822,K60-extension,RTX 4070 Ti,1.0
14730461184,2.8659,K60-extension,RTX 4070 Ti,1.0
14731116544,2.80043,K60-extension,RTX 4070 Ti,1.0
14731771904,2.78721,K60-extension,RTX 4070 Ti,1.0
14732427264,3.00494,K60-extension,RTX 4070 Ti,1.0
14733082624,2.74883,K60-extension,RTX 4070 Ti,1.0
14733737984,2.82858,K60-extension,RTX 4070 Ti,1.0
14734393344,2.74368,K60-extension,RTX 4070 Ti,1.0
14735048704,2.79481,K60-extension,RTX 4070 Ti,1.0
14735704064,2.82846,K60-extension,RTX 4070 Ti,1.0
14736359424,2.71802,K60-extension,RTX 4070 Ti,1.0
14737014784,2.70568,K60-extension,RTX 4070 Ti,1.0
14737670144,2.63935,K60-extension,RTX 4070 Ti,1.0
14738325504,2.5971,K60-extension,RTX 4070 Ti,1.0
14738980864,2.68069,K60-extension,RTX 4070 Ti,1.0
14739636224,2.56204,K60-extension,RTX 4070 Ti,1.0
14740291584,2.61784,K60-extension,RTX 4070 Ti,1.0
14740946944,2.78408,K60-extension,RTX 4070 Ti,1.0
14741602304,2.80275,K60-extension,RTX 4070 Ti,1.0
14742257664,2.70168,K60-extension,RTX 4070 Ti,1.0
14742913024,2.84476,K60-extension,RTX 4070 Ti,1.0
14743568384,2.93957,K60-extension,RTX 4070 Ti,1.0
14744223744,2.73114,K60-extension,RTX 4070 Ti,1.0
14744879104,2.876,K60-extension,RTX 4070 Ti,1.0
14745534464,2.84323,K60-extension,RTX 4070 Ti,1.0
14746189824,2.60524,K60-extension,RTX 4070 Ti,1.0
14746845184,2.90661,K60-extension,RTX 4070 Ti,1.0
14747500544,2.78511,K60-extension,RTX 4070 Ti,1.0
14748155904,2.40758,K60-extension,RTX 4070 Ti,1.0
14748811264,2.76796,K60-extension,RTX 4070 Ti,1.0
14749466624,2.62042,K60-extension,RTX 4070 Ti,1.0
14750121984,2.524,K60-extension,RTX 4070 Ti,1.0
14750777344,2.74985,K60-extension,RTX 4070 Ti,1.0
14751432704,2.6084,K60-extension,RTX 4070 Ti,1.0
14752088064,2.74879,K60-extension,RTX 4070 Ti,1.0
14752743424,2.90569,K60-extension,RTX 4070 Ti,1.0
14753398784,2.73345,K60-extension,RTX 4070 Ti,1.0
14754054144,2.83459,K60-extension,RTX 4070 Ti,1.0
14754709504,2.90156,K60-extension,RTX 4070 Ti,1.0
14755364864,2.72404,K60-extension,RTX 4070 Ti,1.0
14756020224,2.87353,K60-extension,RTX 4070 Ti,1.0
14756675584,2.8186,K60-extension,RTX 4070 Ti,1.0
14757330944,2.98509,K60-extension,RTX 4070 Ti,1.0
14757986304,2.7193,K60-extension,RTX 4070 Ti,1.0
14758641664,2.61215,K60-extension,RTX 4070 Ti,1.0
14759297024,2.86205,K60-extension,RTX 4070 Ti,1.0
14759952384,2.75179,K60-extension,RTX 4070 Ti,1.0
14760607744,3.13142,K60-extension,RTX 4070 Ti,1.0
14761263104,2.61627,K60-extension,RTX 4070 Ti,1.0
14761918464,2.96082,K60-extension,RTX 4070 Ti,1.0
14762573824,2.71948,K60-extension,RTX 4070 Ti,1.0
14763229184,2.68319,K60-extension,RTX 4070 Ti,1.0
14763884544,2.80931,K60-extension,RTX 4070 Ti,1.0
14764539904,2.68613,K60-extension,RTX 4070 Ti,1.0
14765195264,2.50387,K60-extension,RTX 4070 Ti,1.0
14765850624,3.01632,K60-extension,RTX 4070 Ti,1.0
14766505984,2.72062,K60-extension,RTX 4070 Ti,1.0
14767161344,2.54012,K60-extension,RTX 4070 Ti,1.0
14767816704,2.89299,K60-extension,RTX 4070 Ti,1.0
14768472064,2.75914,K60-extension,RTX 4070 Ti,1.0
14769127424,2.68791,K60-extension,RTX 4070 Ti,1.0
14769782784,2.93861,K60-extension,RTX 4070 Ti,1.0
14770438144,2.78276,K60-extension,RTX 4070 Ti,1.0
14771093504,2.81362,K60-extension,RTX 4070 Ti,1.0
14771748864,3.15515,K60-extension,RTX 4070 Ti,1.0
14772404224,2.57622,K60-extension,RTX 4070 Ti,1.0
14773059584,2.75913,K60-extension,RTX 4070 Ti,1.0
14773714944,2.82354,K60-extension,RTX 4070 Ti,1.0
14774370304,2.79218,K60-extension,RTX 4070 Ti,1.0
14775025664,2.78899,K60-extension,RTX 4070 Ti,1.0
14775681024,2.69559,K60-extension,RTX 4070 Ti,1.0
14776336384,2.52962,K60-extension,RTX 4070 Ti,1.0
14776991744,2.61658,K60-extension,RTX 4070 Ti,1.0
14777647104,2.72127,K60-extension,RTX 4070 Ti,1.0
14778302464,2.64265,K60-extension,RTX 4070 Ti,1.0
14778957824,2.56233,K60-extension,RTX 4070 Ti,1.0
14779613184,2.78605,K60-extension,RTX 4070 Ti,1.0
14780268544,2.56101,K60-extension,RTX 4070 Ti,1.0
14780923904,2.65613,K60-extension,RTX 4070 Ti,1.0
14781579264,2.99989,K60-extension,RTX 4070 Ti,1.0
14782234624,2.6332,K60-extension,RTX 4070 Ti,1.0
14782889984,2.87023,K60-extension,RTX 4070 Ti,1.0
14783545344,2.69151,K60-extension,RTX 4070 Ti,1.0
14784200704,2.51957,K60-extension,RTX 4070 Ti,1.0
14784856064,2.85942,K60-extension,RTX 4070 Ti,1.0
14785511424,2.94755,K60-extension,RTX 4070 Ti,1.0
14786166784,2.62036,K60-extension,RTX 4070 Ti,1.0
14786822144,2.67915,K60-extension,RTX 4070 Ti,1.0
14787477504,2.87371,K60-extension,RTX 4070 Ti,1.0
14788132864,2.47359,K60-extension,RTX 4070 Ti,1.0
14788788224,2.89213,K60-extension,RTX 4070 Ti,1.0
14789443584,2.67817,K60-extension,RTX 4070 Ti,1.0
14790098944,2.60177,K60-extension,RTX 4070 Ti,1.0
14790754304,2.6747,K60-extension,RTX 4070 Ti,1.0
14791409664,2.78963,K60-extension,RTX 4070 Ti,1.0
14792065024,2.71014,K60-extension,RTX 4070 Ti,1.0
14792720384,2.94056,K60-extension,RTX 4070 Ti,1.0
14793375744,2.64926,K60-extension,RTX 4070 Ti,1.0
14794031104,3.04542,K60-extension,RTX 4070 Ti,1.0
14794686464,2.78721,K60-extension,RTX 4070 Ti,1.0
14795341824,2.40196,K60-extension,RTX 4070 Ti,1.0
14795997184,2.71774,K60-extension,RTX 4070 Ti,1.0
14796652544,2.66711,K60-extension,RTX 4070 Ti,1.0
14797307904,2.64399,K60-extension,RTX 4070 Ti,1.0
14797963264,2.66328,K60-extension,RTX 4070 Ti,1.0
14798618624,2.74945,K60-extension,RTX 4070 Ti,1.0
14799273984,2.79065,K60-extension,RTX 4070 Ti,1.0
14799929344,2.80755,K60-extension,RTX 4070 Ti,1.0
14800584704,2.4913,K60-extension,RTX 4070 Ti,1.0
14801240064,2.61276,K60-extension,RTX 4070 Ti,1.0
14801895424,2.76866,K60-extension,RTX 4070 Ti,1.0
14802550784,2.8115,K60-extension,RTX 4070 Ti,1.0
14803206144,2.69347,K60-extension,RTX 4070 Ti,1.0
14803861504,2.88543,K60-extension,RTX 4070 Ti,1.0
14804516864,2.76738,K60-extension,RTX 4070 Ti,1.0
14805172224,2.66536,K60-extension,RTX 4070 Ti,1.0
14805827584,2.73167,K60-extension,RTX 4070 Ti,1.0
14806482944,2.66344,K60-extension,RTX 4070 Ti,1.0
14807138304,2.54278,K60-extension,RTX 4070 Ti,1.0
14807793664,2.77909,K60-extension,RTX 4070 Ti,1.0
14808449024,2.99323,K60-extension,RTX 4070 Ti,1.0
14809104384,2.53186,K60-extension,RTX 4070 Ti,1.0
14809759744,2.85215,K60-extension,RTX 4070 Ti,1.0
14810415104,2.65476,K60-extension,RTX 4070 Ti,1.0
14811070464,2.74727,K60-extension,RTX 4070 Ti,1.0
14811725824,2.70931,K60-extension,RTX 4070 Ti,1.0
14812381184,2.53701,K60-extension,RTX 4070 Ti,1.0
14813036544,2.81583,K60-extension,RTX 4070 Ti,1.0
14813691904,2.69083,K60-extension,RTX 4070 Ti,1.0
14814347264,2.63389,K60-extension,RTX 4070 Ti,1.0
14815002624,2.74579,K60-extension,RTX 4070 Ti,1.0
14815657984,2.82908,K60-extension,RTX 4070 Ti,1.0
14816313344,2.65401,K60-extension,RTX 4070 Ti,1.0
14816968704,2.7225,K60-extension,RTX 4070 Ti,1.0
14817624064,2.66509,K60-extension,RTX 4070 Ti,1.0
14818279424,2.78619,K60-extension,RTX 4070 Ti,1.0
14818934784,2.89022,K60-extension,RTX 4070 Ti,1.0
14819590144,2.75953,K60-extension,RTX 4070 Ti,1.0
14820245504,2.55894,K60-extension,RTX 4070 Ti,1.0
14820900864,2.83953,K60-extension,RTX 4070 Ti,1.0
14821556224,2.7305,K60-extension,RTX 4070 Ti,1.0
14822211584,2.50665,K60-extension,RTX 4070 Ti,1.0
14822866944,2.84124,K60-extension,RTX 4070 Ti,1.0
14823522304,2.47006,K60-extension,RTX 4070 Ti,1.0
14824177664,2.56638,K60-extension,RTX 4070 Ti,1.0
14824833024,2.931,K60-extension,RTX 4070 Ti,1.0
14825488384,2.78675,K60-extension,RTX 4070 Ti,1.0
14826143744,2.5788,K60-extension,RTX 4070 Ti,1.0
14826799104,2.79143,K60-extension,RTX 4070 Ti,1.0
14827454464,2.63521,K60-extension,RTX 4070 Ti,1.0
14828109824,2.70678,K60-extension,RTX 4070 Ti,1.0
14828765184,3.0279,K60-extension,RTX 4070 Ti,1.0
14829420544,2.80783,K60-extension,RTX 4070 Ti,1.0
14830075904,2.72488,K60-extension,RTX 4070 Ti,1.0
14830731264,2.92742,K60-extension,RTX 4070 Ti,1.0
14831386624,2.56845,K60-extension,RTX 4070 Ti,1.0
14832041984,2.80074,K60-extension,RTX 4070 Ti,1.0
14832697344,2.73675,K60-extension,RTX 4070 Ti,1.0
14833352704,2.73401,K60-extension,RTX 4070 Ti,1.0
14834008064,2.74718,K60-extension,RTX 4070 Ti,1.0
14834663424,2.61648,K60-extension,RTX 4070 Ti,1.0
14835318784,2.71697,K60-extension,RTX 4070 Ti,1.0
14835974144,2.57034,K60-extension,RTX 4070 Ti,1.0
14836629504,2.65473,K60-extension,RTX 4070 Ti,1.0
14837284864,2.55061,K60-extension,RTX 4070 Ti,1.0
14837940224,2.99662,K60-extension,RTX 4070 Ti,1.0
14838595584,2.90271,K60-extension,RTX 4070 Ti,1.0
14839250944,2.51218,K60-extension,RTX 4070 Ti,1.0
14839906304,3.08892,K60-extension,RTX 4070 Ti,1.0
14840561664,2.75015,K60-extension,RTX 4070 Ti,1.0
14841217024,2.96923,K60-extension,RTX 4070 Ti,1.0
14841872384,2.87048,K60-extension,RTX 4070 Ti,1.0
14842527744,2.93637,K60-extension,RTX 4070 Ti,1.0
14843183104,2.54382,K60-extension,RTX 4070 Ti,1.0
14843838464,2.66033,K60-extension,RTX 4070 Ti,1.0
14844493824,2.7033,K60-extension,RTX 4070 Ti,1.0
14845149184,2.66,K60-extension,RTX 4070 Ti,1.0
14845804544,2.69413,K60-extension,RTX 4070 Ti,1.0
14846459904,2.99752,K60-extension,RTX 4070 Ti,1.0
14847115264,2.77523,K60-extension,RTX 4070 Ti,1.0
14847770624,2.90289,K60-extension,RTX 4070 Ti,1.0
14848425984,2.72777,K60-extension,RTX 4070 Ti,1.0
14849081344,2.60012,K60-extension,RTX 4070 Ti,1.0
14849736704,3.00392,K60-extension,RTX 4070 Ti,1.0
14850392064,2.45018,K60-extension,RTX 4070 Ti,1.0
14851047424,2.74881,K60-extension,RTX 4070 Ti,1.0
14851702784,2.76907,K60-extension,RTX 4070 Ti,1.0
14852358144,2.51171,K60-extension,RTX 4070 Ti,1.0
14853013504,2.73066,K60-extension,RTX 4070 Ti,1.0
14853668864,2.86887,K60-extension,RTX 4070 Ti,1.0
14854324224,2.7879,K60-extension,RTX 4070 Ti,1.0
14854979584,2.8751,K60-extension,RTX 4070 Ti,1.0
14855634944,2.47542,K60-extension,RTX 4070 Ti,1.0
14856290304,2.65531,K60-extension,RTX 4070 Ti,1.0
14856945664,2.78314,K60-extension,RTX 4070 Ti,1.0
14857601024,2.5603,K60-extension,RTX 4070 Ti,1.0
14858256384,2.74685,K60-extension,RTX 4070 Ti,1.0
14858911744,2.67793,K60-extension,RTX 4070 Ti,1.0
14859567104,2.66397,K60-extension,RTX 4070 Ti,1.0
14860222464,2.39772,K60-extension,RTX 4070 Ti,1.0
14860877824,2.99029,K60-extension,RTX 4070 Ti,1.0
14861533184,2.88099,K60-extension,RTX 4070 Ti,1.0
14862188544,2.45009,K60-extension,RTX 4070 Ti,1.0
14862843904,2.74955,K60-extension,RTX 4070 Ti,1.0
14863499264,3.04038,K60-extension,RTX 4070 Ti,1.0
14864154624,2.55227,K60-extension,RTX 4070 Ti,1.0
14864809984,2.88273,K60-extension,RTX 4070 Ti,1.0
14865465344,2.91137,K60-extension,RTX 4070 Ti,1.0
14866120704,2.58728,K60-extension,RTX 4070 Ti,1.0
14866776064,2.92293,K60-extension,RTX 4070 Ti,1.0
14867431424,2.84339,K60-extension,RTX 4070 Ti,1.0
14868086784,2.67862,K60-extension,RTX 4070 Ti,1.0
14868742144,2.94988,K60-extension,RTX 4070 Ti,1.0
14869397504,2.78778,K60-extension,RTX 4070 Ti,1.0
14870052864,2.73533,K60-extension,RTX 4070 Ti,1.0
14870708224,2.68915,K60-extension,RTX 4070 Ti,1.0
14871363584,2.52448,K60-extension,RTX 4070 Ti,1.0
14872018944,2.73843,K60-extension,RTX 4070 Ti,1.0
14872674304,2.72809,K60-extension,RTX 4070 Ti,1.0
14873329664,2.49361,K60-extension,RTX 4070 Ti,1.0
14873985024,2.47543,K60-extension,RTX 4070 Ti,1.0
14874640384,2.67816,K60-extension,RTX 4070 Ti,1.0
14875295744,2.577,K60-extension,RTX 4070 Ti,1.0
14875951104,2.73262,K60-extension,RTX 4070 Ti,1.0
14876606464,2.58504,K60-extension,RTX 4070 Ti,1.0
14877261824,2.68427,K60-extension,RTX 4070 Ti,1.0
14877917184,3.10987,K60-extension,RTX 4070 Ti,1.0
14878572544,2.78619,K60-extension,RTX 4070 Ti,1.0
14879227904,2.43744,K60-extension,RTX 4070 Ti,1.0
14879883264,2.81113,K60-extension,RTX 4070 Ti,1.0
14880538624,2.89141,K60-extension,RTX 4070 Ti,1.0
14881193984,2.56785,K60-extension,RTX 4070 Ti,1.0
14881849344,2.90568,K60-extension,RTX 4070 Ti,1.0
14882504704,2.80664,K60-extension,RTX 4070 Ti,1.0
14883160064,2.47744,K60-extension,RTX 4070 Ti,1.0
14883815424,2.71287,K60-extension,RTX 4070 Ti,1.0
14884470784,2.49039,K60-extension,RTX 4070 Ti,1.0
14885126144,2.57129,K60-extension,RTX 4070 Ti,1.0
14885781504,2.7743,K60-extension,RTX 4070 Ti,1.0
14886436864,2.8212,K60-extension,RTX 4070 Ti,1.0
14887092224,2.80838,K60-extension,RTX 4070 Ti,1.0
14887747584,2.7626,K60-extension,RTX 4070 Ti,1.0
14888402944,2.81289,K60-extension,RTX 4070 Ti,1.0
14889058304,2.66689,K60-extension,RTX 4070 Ti,1.0
14889713664,2.64223,K60-extension,RTX 4070 Ti,1.0
14890369024,2.78493,K60-extension,RTX 4070 Ti,1.0
14891024384,2.88453,K60-extension,RTX 4070 Ti,1.0
14891679744,2.64992,K60-extension,RTX 4070 Ti,1.0
14892335104,2.80681,K60-extension,RTX 4070 Ti,1.0
14892990464,2.69742,K60-extension,RTX 4070 Ti,1.0
14893645824,2.8005,K60-extension,RTX 4070 Ti,1.0
14894301184,2.76304,K60-extension,RTX 4070 Ti,1.0
14894956544,2.74479,K60-extension,RTX 4070 Ti,1.0
14895611904,2.72636,K60-extension,RTX 4070 Ti,1.0
14896267264,2.68812,K60-extension,RTX 4070 Ti,1.0
14896922624,2.79778,K60-extension,RTX 4070 Ti,1.0
14897577984,2.94916,K60-extension,RTX 4070 Ti,1.0
14898233344,2.7921,K60-extension,RTX 4070 Ti,1.0
14898888704,3.03231,K60-extension,RTX 4070 Ti,1.0
14899544064,2.78751,K60-extension,RTX 4070 Ti,1.0
14900199424,2.41491,K60-extension,RTX 4070 Ti,1.0
14900854784,2.75569,K60-extension,RTX 4070 Ti,1.0
14901510144,2.82997,K60-extension,RTX 4070 Ti,1.0
14902165504,2.54866,K60-extension,RTX 4070 Ti,1.0
14902820864,2.64399,K60-extension,RTX 4070 Ti,1.0
14903476224,2.94843,K60-extension,RTX 4070 Ti,1.0
14904131584,2.61048,K60-extension,RTX 4070 Ti,1.0
14904786944,2.86468,K60-extension,RTX 4070 Ti,1.0
14905442304,2.71415,K60-extension,RTX 4070 Ti,1.0
14906097664,2.80759,K60-extension,RTX 4070 Ti,1.0
14906753024,2.76313,K60-extension,RTX 4070 Ti,1.0
14907408384,2.7068,K60-extension,RTX 4070 Ti,1.0
14908063744,2.68275,K60-extension,RTX 4070 Ti,1.0
14908719104,2.91441,K60-extension,RTX 4070 Ti,1.0
14909374464,2.51382,K60-extension,RTX 4070 Ti,1.0
14910029824,2.75596,K60-extension,RTX 4070 Ti,1.0
14910685184,2.6744,K60-extension,RTX 4070 Ti,1.0
14911340544,2.63184,K60-extension,RTX 4070 Ti,1.0
14911995904,2.67094,K60-extension,RTX 4070 Ti,1.0
14912651264,2.62074,K60-extension,RTX 4070 Ti,1.0
14913306624,2.42092,K60-extension,RTX 4070 Ti,1.0
14913961984,2.9702,K60-extension,RTX 4070 Ti,1.0
14914617344,2.9495,K60-extension,RTX 4070 Ti,1.0
14915272704,2.78633,K60-extension,RTX 4070 Ti,1.0
14915928064,2.8995,K60-extension,RTX 4070 Ti,1.0
14916583424,2.76281,K60-extension,RTX 4070 Ti,1.0
14917238784,2.45975,K60-extension,RTX 4070 Ti,1.0
14917894144,2.81814,K60-extension,RTX 4070 Ti,1.0
14918549504,2.84329,K60-extension,RTX 4070 Ti,1.0
14919204864,2.59701,K60-extension,RTX 4070 Ti,1.0
14919860224,2.92433,K60-extension,RTX 4070 Ti,1.0
14920515584,2.84198,K60-extension,RTX 4070 Ti,1.0
14921170944,2.52262,K60-extension,RTX 4070 Ti,1.0
14921826304,2.70243,K60-extension,RTX 4070 Ti,1.0
14922481664,2.66628,K60-extension,RTX 4070 Ti,1.0
14923137024,2.57662,K60-extension,RTX 4070 Ti,1.0
14923792384,2.84335,K60-extension,RTX 4070 Ti,1.0
14924447744,2.85321,K60-extension,RTX 4070 Ti,1.0
14925103104,2.93049,K60-extension,RTX 4070 Ti,1.0
14925758464,2.83513,K60-extension,RTX 4070 Ti,1.0
14926413824,2.71678,K60-extension,RTX 4070 Ti,1.0
14927069184,2.90281,K60-extension,RTX 4070 Ti,1.0
14927724544,2.78682,K60-extension,RTX 4070 Ti,1.0
14928379904,2.6164,K60-extension,RTX 4070 Ti,1.0
14929035264,2.75962,K60-extension,RTX 4070 Ti,1.0
14929690624,2.84416,K60-extension,RTX 4070 Ti,1.0
14930345984,2.43526,K60-extension,RTX 4070 Ti,1.0
14931001344,2.75046,K60-extension,RTX 4070 Ti,1.0
14931656704,2.54158,K60-extension,RTX 4070 Ti,1.0
14932312064,2.5311,K60-extension,RTX 4070 Ti,1.0
14932967424,2.66554,K60-extension,RTX 4070 Ti,1.0
14933622784,2.82918,K60-extension,RTX 4070 Ti,1.0
14934278144,2.68665,K60-extension,RTX 4070 Ti,1.0
14934933504,2.76985,K60-extension,RTX 4070 Ti,1.0
14935588864,2.70779,K60-extension,RTX 4070 Ti,1.0
14936244224,2.71725,K60-extension,RTX 4070 Ti,1.0
14936899584,2.77582,K60-extension,RTX 4070 Ti,1.0
14937554944,2.79302,K60-extension,RTX 4070 Ti,1.0
14938210304,2.77052,K60-extension,RTX 4070 Ti,1.0
14938865664,2.77408,K60-extension,RTX 4070 Ti,1.0
14939521024,2.95363,K60-extension,RTX 4070 Ti,1.0
14940176384,2.62636,K60-extension,RTX 4070 Ti,1.0
14940831744,2.74082,K60-extension,RTX 4070 Ti,1.0
14941487104,2.69738,K60-extension,RTX 4070 Ti,1.0
14942142464,2.63352,K60-extension,RTX 4070 Ti,1.0
14942797824,2.84845,K60-extension,RTX 4070 Ti,1.0
14943453184,2.86566,K60-extension,RTX 4070 Ti,1.0
14944108544,2.46736,K60-extension,RTX 4070 Ti,1.0
14944763904,2.77555,K60-extension,RTX 4070 Ti,1.0
14945419264,2.77313,K60-extension,RTX 4070 Ti,1.0
14946074624,2.71652,K60-extension,RTX 4070 Ti,1.0
14946729984,2.62925,K60-extension,RTX 4070 Ti,1.0
14947385344,2.57367,K60-extension,RTX 4070 Ti,1.0
14948040704,2.7445,K60-extension,RTX 4070 Ti,1.0
14948696064,2.77485,K60-extension,RTX 4070 Ti,1.0
14949351424,2.75514,K60-extension,RTX 4070 Ti,1.0
14950006784,2.73951,K60-extension,RTX 4070 Ti,1.0
14950662144,2.85512,K60-extension,RTX 4070 Ti,1.0
14951317504,2.77476,K60-extension,RTX 4070 Ti,1.0
14951972864,2.8425,K60-extension,RTX 4070 Ti,1.0
14952628224,2.91787,K60-extension,RTX 4070 Ti,1.0
14953283584,2.52433,K60-extension,RTX 4070 Ti,1.0
14953938944,2.75766,K60-extension,RTX 4070 Ti,1.0
14954594304,2.60213,K60-extension,RTX 4070 Ti,1.0
14955249664,2.73873,K60-extension,RTX 4070 Ti,1.0
14955905024,2.82254,K60-extension,RTX 4070 Ti,1.0
14956560384,2.86485,K60-extension,RTX 4070 Ti,1.0
14957215744,2.68637,K60-extension,RTX 4070 Ti,1.0
14957871104,2.84846,K60-extension,RTX 4070 Ti,1.0
14958526464,2.67805,K60-extension,RTX 4070 Ti,1.0
14959181824,2.73617,K60-extension,RTX 4070 Ti,1.0
14959837184,2.82398,K60-extension,RTX 4070 Ti,1.0
14960492544,2.76691,K60-extension,RTX 4070 Ti,1.0
14961147904,2.64924,K60-extension,RTX 4070 Ti,1.0
14961803264,2.98752,K60-extension,RTX 4070 Ti,1.0
14962458624,2.70842,K60-extension,RTX 4070 Ti,1.0
14963113984,2.79207,K60-extension,RTX 4070 Ti,1.0
14963769344,2.83896,K60-extension,RTX 4070 Ti,1.0
14964424704,2.62879,K60-extension,RTX 4070 Ti,1.0
14965080064,2.58908,K60-extension,RTX 4070 Ti,1.0
14965735424,2.83609,K60-extension,RTX 4070 Ti,1.0
14966390784,2.41883,K60-extension,RTX 4070 Ti,1.0
14967046144,2.65129,K60-extension,RTX 4070 Ti,1.0
14967701504,2.77599,K60-extension,RTX 4070 Ti,1.0
14968356864,2.56398,K60-extension,RTX 4070 Ti,1.0
14969012224,2.52273,K60-extension,RTX 4070 Ti,1.0
14969667584,2.74895,K60-extension,RTX 4070 Ti,1.0
14970322944,2.65272,K60-extension,RTX 4070 Ti,1.0
14970978304,2.70009,K60-extension,RTX 4070 Ti,1.0
14971633664,2.94793,K60-extension,RTX 4070 Ti,1.0
14972289024,2.38752,K60-extension,RTX 4070 Ti,1.0
14972944384,2.82556,K60-extension,RTX 4070 Ti,1.0
14973599744,2.92912,K60-extension,RTX 4070 Ti,1.0
14974255104,2.67542,K60-extension,RTX 4070 Ti,1.0
14974910464,2.94479,K60-extension,RTX 4070 Ti,1.0
14975565824,2.73897,K60-extension,RTX 4070 Ti,1.0
14976221184,2.53934,K60-extension,RTX 4070 Ti,1.0
14976876544,2.68529,K60-extension,RTX 4070 Ti,1.0
14977531904,2.75668,K60-extension,RTX 4070 Ti,1.0
14978187264,2.25057,K60-extension,RTX 4070 Ti,1.0
14978842624,2.78611,K60-extension,RTX 4070 Ti,1.0
14979497984,2.93112,K60-extension,RTX 4070 Ti,1.0
14980153344,2.51811,K60-extension,RTX 4070 Ti,1.0
14980808704,2.7544,K60-extension,RTX 4070 Ti,1.0
14981464064,2.76013,K60-extension,RTX 4070 Ti,1.0
14982119424,2.88601,K60-extension,RTX 4070 Ti,1.0
14982774784,2.99372,K60-extension,RTX 4070 Ti,1.0
14983430144,2.65266,K60-extension,RTX 4070 Ti,1.0
14984085504,2.88193,K60-extension,RTX 4070 Ti,1.0
14984740864,2.90517,K60-extension,RTX 4070 Ti,1.0
14985396224,2.63335,K60-extension,RTX 4070 Ti,1.0
14986051584,2.95719,K60-extension,RTX 4070 Ti,1.0
14986706944,2.67436,K60-extension,RTX 4070 Ti,1.0
14987362304,2.7533,K60-extension,RTX 4070 Ti,1.0
14988017664,2.54478,K60-extension,RTX 4070 Ti,1.0
14988673024,2.6793,K60-extension,RTX 4070 Ti,1.0
14989328384,2.88625,K60-extension,RTX 4070 Ti,1.0
14989983744,2.73427,K60-extension,RTX 4070 Ti,1.0
14990639104,2.76506,K60-extension,RTX 4070 Ti,1.0
14991294464,2.38402,K60-extension,RTX 4070 Ti,1.0
14991949824,2.76089,K60-extension,RTX 4070 Ti,1.0
14992605184,2.73273,K60-extension,RTX 4070 Ti,1.0
14993260544,2.74891,K60-extension,RTX 4070 Ti,1.0
14993915904,2.80188,K60-extension,RTX 4070 Ti,1.0
14994571264,2.94315,K60-extension,RTX 4070 Ti,1.0
14995226624,2.59951,K60-extension,RTX 4070 Ti,1.0
14995881984,2.93577,K60-extension,RTX 4070 Ti,1.0
14996537344,2.68326,K60-extension,RTX 4070 Ti,1.0
14997192704,2.53131,K60-extension,RTX 4070 Ti,1.0
14997848064,2.63188,K60-extension,RTX 4070 Ti,1.0
14998503424,2.77913,K60-extension,RTX 4070 Ti,1.0
14999158784,2.61553,K60-extension,RTX 4070 Ti,1.0
14999814144,2.73191,K60-extension,RTX 4070 Ti,1.0
15000469504,2.87795,K60-extension,RTX 4070 Ti,1.0
15001124864,2.67101,K60-extension,RTX 4070 Ti,1.0
15001780224,2.81139,K60-extension,RTX 4070 Ti,1.0
15002435584,2.42886,K60-extension,RTX 4070 Ti,1.0
15003090944,2.85255,K60-extension,RTX 4070 Ti,1.0
15003746304,2.59073,K60-extension,RTX 4070 Ti,1.0
15004401664,2.67428,K60-extension,RTX 4070 Ti,1.0
15005057024,2.95476,K60-extension,RTX 4070 Ti,1.0
15005712384,2.89323,K60-extension,RTX 4070 Ti,1.0
15006367744,2.69277,K60-extension,RTX 4070 Ti,1.0
15007023104,2.65861,K60-extension,RTX 4070 Ti,1.0
15007678464,2.77642,K60-extension,RTX 4070 Ti,1.0
15008333824,2.59896,K60-extension,RTX 4070 Ti,1.0
15008989184,2.72631,K60-extension,RTX 4070 Ti,1.0
15009644544,2.81505,K60-extension,RTX 4070 Ti,1.0
15010299904,2.59952,K60-extension,RTX 4070 Ti,1.0
15010955264,2.81061,K60-extension,RTX 4070 Ti,1.0
15011610624,2.95473,K60-extension,RTX 4070 Ti,1.0
15012265984,2.56103,K60-extension,RTX 4070 Ti,1.0
15012921344,2.95776,K60-extension,RTX 4070 Ti,1.0
15013576704,2.4572,K60-extension,RTX 4070 Ti,1.0
15014232064,2.56175,K60-extension,RTX 4070 Ti,1.0
15014887424,2.77701,K60-extension,RTX 4070 Ti,1.0
15015542784,2.72163,K60-extension,RTX 4070 Ti,1.0
15016198144,2.46635,K60-extension,RTX 4070 Ti,1.0
15016853504,2.86318,K60-extension,RTX 4070 Ti,1.0
15017508864,2.8413,K60-extension,RTX 4070 Ti,1.0
15018164224,2.60505,K60-extension,RTX 4070 Ti,1.0
15018819584,2.5473,K60-extension,RTX 4070 Ti,1.0
15019474944,2.64905,K60-extension,RTX 4070 Ti,1.0
15020130304,2.65825,K60-extension,RTX 4070 Ti,1.0
15020785664,2.69455,K60-extension,RTX 4070 Ti,1.0
15021441024,2.86096,K60-extension,RTX 4070 Ti,1.0
15022096384,2.74434,K60-extension,RTX 4070 Ti,1.0
15022751744,2.78206,K60-extension,RTX 4070 Ti,1.0
15023407104,2.66506,K60-extension,RTX 4070 Ti,1.0
15024062464,2.80564,K60-extension,RTX 4070 Ti,1.0
15024717824,2.84392,K60-extension,RTX 4070 Ti,1.0
15025373184,2.69761,K60-extension,RTX 4070 Ti,1.0
15026028544,2.72009,K60-extension,RTX 4070 Ti,1.0
15026683904,2.8624,K60-extension,RTX 4070 Ti,1.0
15027339264,2.72162,K60-extension,RTX 4070 Ti,1.0
15027994624,2.6209,K60-extension,RTX 4070 Ti,1.0
15028649984,2.57488,K60-extension,RTX 4070 Ti,1.0
15029305344,2.68606,K60-extension,RTX 4070 Ti,1.0
15029960704,2.82833,K60-extension,RTX 4070 Ti,1.0
15030616064,2.64584,K60-extension,RTX 4070 Ti,1.0
15031271424,2.74426,K60-extension,RTX 4070 Ti,1.0
15031926784,2.91078,K60-extension,RTX 4070 Ti,1.0
15032582144,2.96551,K60-extension,RTX 4070 Ti,1.0
15033237504,2.69434,K60-extension,RTX 4070 Ti,1.0
15033892864,2.89577,K60-extension,RTX 4070 Ti,1.0
15034548224,2.65634,K60-extension,RTX 4070 Ti,1.0
15035203584,2.76312,K60-extension,RTX 4070 Ti,1.0
15035858944,2.50223,K60-extension,RTX 4070 Ti,1.0
15036514304,2.92411,K60-extension,RTX 4070 Ti,1.0
15037169664,2.61409,K60-extension,RTX 4070 Ti,1.0
15037825024,2.66724,K60-extension,RTX 4070 Ti,1.0
15038480384,2.86672,K60-extension,RTX 4070 Ti,1.0
15039135744,2.50397,K60-extension,RTX 4070 Ti,1.0
15039791104,2.72816,K60-extension,RTX 4070 Ti,1.0
15040446464,2.76423,K60-extension,RTX 4070 Ti,1.0
15041101824,2.77386,K60-extension,RTX 4070 Ti,1.0
15041757184,2.97462,K60-extension,RTX 4070 Ti,1.0
15042412544,2.62526,K60-extension,RTX 4070 Ti,1.0
15043067904,2.86735,K60-extension,RTX 4070 Ti,1.0
15043723264,2.79729,K60-extension,RTX 4070 Ti,1.0
15044378624,2.55704,K60-extension,RTX 4070 Ti,1.0
15045033984,2.60935,K60-extension,RTX 4070 Ti,1.0
15045689344,2.8278,K60-extension,RTX 4070 Ti,1.0
15046344704,2.63551,K60-extension,RTX 4070 Ti,1.0
15047000064,2.59675,K60-extension,RTX 4070 Ti,1.0
15047655424,2.69229,K60-extension,RTX 4070 Ti,1.0
15048310784,2.52857,K60-extension,RTX 4070 Ti,1.0
15048966144,2.84966,K60-extension,RTX 4070 Ti,1.0
15049621504,2.86768,K60-extension,RTX 4070 Ti,1.0
15050276864,2.68991,K60-extension,RTX 4070 Ti,1.0
15050932224,2.82592,K60-extension,RTX 4070 Ti,1.0
15051587584,2.59152,K60-extension,RTX 4070 Ti,1.0
15052242944,2.6536,K60-extension,RTX 4070 Ti,1.0
15052898304,2.90572,K60-extension,RTX 4070 Ti,1.0
15053553664,2.67302,K60-extension,RTX 4070 Ti,1.0
15054209024,2.72638,K60-extension,RTX 4070 Ti,1.0
15054864384,2.85724,K60-extension,RTX 4070 Ti,1.0
15055519744,2.89709,K60-extension,RTX 4070 Ti,1.0
15056175104,2.76102,K60-extension,RTX 4070 Ti,1.0
15056830464,2.68994,K60-extension,RTX 4070 Ti,1.0
15057485824,2.44777,K60-extension,RTX 4070 Ti,1.0
15058141184,2.74779,K60-extension,RTX 4070 Ti,1.0
15058796544,2.95485,K60-extension,RTX 4070 Ti,1.0
15059451904,2.99633,K60-extension,RTX 4070 Ti,1.0
15060107264,2.81276,K60-extension,RTX 4070 Ti,1.0
15060762624,2.67407,K60-extension,RTX 4070 Ti,1.0
15061417984,2.71752,K60-extension,RTX 4070 Ti,1.0
15062073344,2.83364,K60-extension,RTX 4070 Ti,1.0
15062728704,2.62875,K60-extension,RTX 4070 Ti,1.0
15063384064,2.63603,K60-extension,RTX 4070 Ti,1.0
15064039424,2.33133,K60-extension,RTX 4070 Ti,1.0
15064694784,2.65044,K60-extension,RTX 4070 Ti,1.0
15065350144,2.65513,K60-extension,RTX 4070 Ti,1.0
15066005504,2.51107,K60-extension,RTX 4070 Ti,1.0
15066660864,2.80069,K60-extension,RTX 4070 Ti,1.0
15067316224,2.61276,K60-extension,RTX 4070 Ti,1.0
15067971584,2.63532,K60-extension,RTX 4070 Ti,1.0
15068626944,2.53194,K60-extension,RTX 4070 Ti,1.0
15069282304,2.5187,K60-extension,RTX 4070 Ti,1.0
15069937664,2.60805,K60-extension,RTX 4070 Ti,1.0
15070593024,2.76521,K60-extension,RTX 4070 Ti,1.0
15071248384,2.6426,K60-extension,RTX 4070 Ti,1.0
15071903744,2.96326,K60-extension,RTX 4070 Ti,1.0
15072559104,2.81932,K60-extension,RTX 4070 Ti,1.0
15073214464,2.47061,K60-extension,RTX 4070 Ti,1.0
15073869824,2.72434,K60-extension,RTX 4070 Ti,1.0
15074525184,2.65507,K60-extension,RTX 4070 Ti,1.0
15075180544,2.47932,K60-extension,RTX 4070 Ti,1.0
15075835904,2.79348,K60-extension,RTX 4070 Ti,1.0
15076491264,2.81044,K60-extension,RTX 4070 Ti,1.0
15077146624,2.63631,K60-extension,RTX 4070 Ti,1.0
15077801984,2.55456,K60-extension,RTX 4070 Ti,1.0
15078457344,2.56865,K60-extension,RTX 4070 Ti,1.0
15079112704,2.6002,K60-extension,RTX 4070 Ti,1.0
15079768064,2.98819,K60-extension,RTX 4070 Ti,1.0
15080423424,2.44193,K60-extension,RTX 4070 Ti,1.0
15081078784,2.73126,K60-extension,RTX 4070 Ti,1.0
15081734144,2.89588,K60-extension,RTX 4070 Ti,1.0
15082389504,2.67061,K60-extension,RTX 4070 Ti,1.0
15083044864,2.73861,K60-extension,RTX 4070 Ti,1.0
15083700224,2.90383,K60-extension,RTX 4070 Ti,1.0
15084355584,2.6823,K60-extension,RTX 4070 Ti,1.0
15085010944,2.53739,K60-extension,RTX 4070 Ti,1.0
15085666304,2.74786,K60-extension,RTX 4070 Ti,1.0
15086321664,2.53378,K60-extension,RTX 4070 Ti,1.0
15086977024,2.75975,K60-extension,RTX 4070 Ti,1.0
15087632384,2.85361,K60-extension,RTX 4070 Ti,1.0
15088287744,2.74284,K60-extension,RTX 4070 Ti,1.0
15088943104,2.70557,K60-extension,RTX 4070 Ti,1.0
15089598464,2.50398,K60-extension,RTX 4070 Ti,1.0
15090253824,2.66261,K60-extension,RTX 4070 Ti,1.0
15090909184,2.86218,K60-extension,RTX 4070 Ti,1.0
15091564544,2.61696,K60-extension,RTX 4070 Ti,1.0
15092219904,2.69582,K60-extension,RTX 4070 Ti,1.0
15092875264,2.70326,K60-extension,RTX 4070 Ti,1.0
15093530624,2.561,K60-extension,RTX 4070 Ti,1.0
15094185984,2.47326,K60-extension,RTX 4070 Ti,1.0
15094841344,2.59205,K60-extension,RTX 4070 Ti,1.0
15095496704,2.69443,K60-extension,RTX 4070 Ti,1.0
15096152064,2.59822,K60-extension,RTX 4070 Ti,1.0
15096807424,2.9004,K60-extension,RTX 4070 Ti,1.0
15097462784,2.84057,K60-extension,RTX 4070 Ti,1.0
15098118144,2.86915,K60-extension,RTX 4070 Ti,1.0
15098773504,2.99533,K60-extension,RTX 4070 Ti,1.0
15099428864,2.74784,K60-extension,RTX 4070 Ti,1.0
15100084224,2.60254,K60-extension,RTX 4070 Ti,1.0
15100739584,2.72903,K60-extension,RTX 4070 Ti,1.0
15101394944,2.55556,K60-extension,RTX 4070 Ti,1.0
15102050304,2.62493,K60-extension,RTX 4070 Ti,1.0
15102705664,2.61203,K60-extension,RTX 4070 Ti,1.0
15103361024,2.51185,K60-extension,RTX 4070 Ti,1.0
15104016384,2.62259,K60-extension,RTX 4070 Ti,1.0
15104671744,2.6592,K60-extension,RTX 4070 Ti,1.0
15105327104,2.68482,K60-extension,RTX 4070 Ti,1.0
15105982464,2.73492,K60-extension,RTX 4070 Ti,1.0
15106637824,2.61382,K60-extension,RTX 4070 Ti,1.0
15107293184,2.82837,K60-extension,RTX 4070 Ti,1.0
15107948544,2.789,K60-extension,RTX 4070 Ti,1.0
15108603904,2.94954,K60-extension,RTX 4070 Ti,1.0
15109259264,2.64258,K60-extension,RTX 4070 Ti,1.0
15109914624,2.82234,K60-extension,RTX 4070 Ti,1.0
15110569984,2.70926,K60-extension,RTX 4070 Ti,1.0
15111225344,2.53216,K60-extension,RTX 4070 Ti,1.0
15111880704,2.71003,K60-extension,RTX 4070 Ti,1.0
15112536064,2.69663,K60-extension,RTX 4070 Ti,1.0
15113191424,2.45787,K60-extension,RTX 4070 Ti,1.0
15113846784,2.75879,K60-extension,RTX 4070 Ti,1.0
15114502144,2.88066,K60-extension,RTX 4070 Ti,1.0
15115157504,2.68681,K60-extension,RTX 4070 Ti,1.0
15115812864,2.82479,K60-extension,RTX 4070 Ti,1.0
15116468224,2.72951,K60-extension,RTX 4070 Ti,1.0
15117123584,2.5273,K60-extension,RTX 4070 Ti,1.0
15117778944,2.83951,K60-extension,RTX 4070 Ti,1.0
15118434304,2.74311,K60-extension,RTX 4070 Ti,1.0
15119089664,2.69431,K60-extension,RTX 4070 Ti,1.0
15119745024,2.83515,K60-extension,RTX 4070 Ti,1.0
15120400384,2.55658,K60-extension,RTX 4070 Ti,1.0
15121055744,2.6878,K60-extension,RTX 4070 Ti,1.0
15121711104,2.69644,K60-extension,RTX 4070 Ti,1.0
15122366464,2.5971,K60-extension,RTX 4070 Ti,1.0
15123021824,2.72354,K60-extension,RTX 4070 Ti,1.0
15123677184,2.66586,K60-extension,RTX 4070 Ti,1.0
15124332544,2.43841,K60-extension,RTX 4070 Ti,1.0
15124987904,2.73988,K60-extension,RTX 4070 Ti,1.0
15125643264,2.68295,K60-extension,RTX 4070 Ti,1.0
15126298624,2.72388,K60-extension,RTX 4070 Ti,1.0
15126953984,2.86904,K60-extension,RTX 4070 Ti,1.0
15127609344,2.51199,K60-extension,RTX 4070 Ti,1.0
15128264704,2.74321,K60-extension,RTX 4070 Ti,1.0
15128920064,3.00901,K60-extension,RTX 4070 Ti,1.0
15129575424,2.54594,K60-extension,RTX 4070 Ti,1.0
15130230784,2.4241,K60-extension,RTX 4070 Ti,1.0
15130886144,2.7711,K60-extension,RTX 4070 Ti,1.0
15131541504,2.80196,K60-extension,RTX 4070 Ti,1.0
15132196864,2.79026,K60-extension,RTX 4070 Ti,1.0
15132852224,2.65598,K60-extension,RTX 4070 Ti,1.0
15133507584,2.5428,K60-extension,RTX 4070 Ti,1.0
15134162944,2.67624,K60-extension,RTX 4070 Ti,1.0
15134818304,2.63979,K60-extension,RTX 4070 Ti,1.0
15135473664,2.55296,K60-extension,RTX 4070 Ti,1.0
15136129024,2.49557,K60-extension,RTX 4070 Ti,1.0
15136784384,2.77023,K60-extension,RTX 4070 Ti,1.0
15137439744,2.76902,K60-extension,RTX 4070 Ti,1.0
15138095104,2.88974,K60-extension,RTX 4070 Ti,1.0
15138750464,2.85985,K60-extension,RTX 4070 Ti,1.0
15139405824,2.51401,K60-extension,RTX 4070 Ti,1.0
15140061184,2.5892,K60-extension,RTX 4070 Ti,1.0
15140716544,2.85936,K60-extension,RTX 4070 Ti,1.0
15141371904,2.674,K60-extension,RTX 4070 Ti,1.0
15142027264,2.48157,K60-extension,RTX 4070 Ti,1.0
15142682624,2.88057,K60-extension,RTX 4070 Ti,1.0
15143337984,2.63784,K60-extension,RTX 4070 Ti,1.0
15143993344,2.72955,K60-extension,RTX 4070 Ti,1.0
15144648704,2.76893,K60-extension,RTX 4070 Ti,1.0
15145304064,2.54977,K60-extension,RTX 4070 Ti,1.0
15145959424,2.80633,K60-extension,RTX 4070 Ti,1.0
15146614784,2.88521,K60-extension,RTX 4070 Ti,1.0
15147270144,2.73087,K60-extension,RTX 4070 Ti,1.0
15147925504,3.01742,K60-extension,RTX 4070 Ti,1.0
15148580864,2.64433,K60-extension,RTX 4070 Ti,1.0
15149236224,2.43924,K60-extension,RTX 4070 Ti,1.0
15149891584,2.91906,K60-extension,RTX 4070 Ti,1.0
15150546944,2.7944,K60-extension,RTX 4070 Ti,1.0
15151202304,2.49913,K60-extension,RTX 4070 Ti,1.0
15151857664,2.76162,K60-extension,RTX 4070 Ti,1.0
15152513024,2.89441,K60-extension,RTX 4070 Ti,1.0
15153168384,2.63111,K60-extension,RTX 4070 Ti,1.0
15153823744,2.78289,K60-extension,RTX 4070 Ti,1.0
15154479104,2.73696,K60-extension,RTX 4070 Ti,1.0
15155134464,2.55827,K60-extension,RTX 4070 Ti,1.0
15155789824,2.84654,K60-extension,RTX 4070 Ti,1.0
15156445184,2.65691,K60-extension,RTX 4070 Ti,1.0
15157100544,2.63787,K60-extension,RTX 4070 Ti,1.0
15157755904,2.86322,K60-extension,RTX 4070 Ti,1.0
15158411264,2.75716,K60-extension,RTX 4070 Ti,1.0
15159066624,2.60698,K60-extension,RTX 4070 Ti,1.0
15159721984,2.88962,K60-extension,RTX 4070 Ti,1.0
15160377344,2.62184,K60-extension,RTX 4070 Ti,1.0
15161032704,2.48667,K60-extension,RTX 4070 Ti,1.0
15161688064,2.72937,K60-extension,RTX 4070 Ti,1.0
15162343424,2.51224,K60-extension,RTX 4070 Ti,1.0
15162998784,2.30203,K60-extension,RTX 4070 Ti,1.0
15163654144,2.65563,K60-extension,RTX 4070 Ti,1.0
15164309504,2.63625,K60-extension,RTX 4070 Ti,1.0
15164964864,2.8896,K60-extension,RTX 4070 Ti,1.0
15165620224,2.72641,K60-extension,RTX 4070 Ti,1.0
15166275584,2.51675,K60-extension,RTX 4070 Ti,1.0
15166930944,2.83052,K60-extension,RTX 4070 Ti,1.0
15167586304,2.81448,K60-extension,RTX 4070 Ti,1.0
15168241664,2.72752,K60-extension,RTX 4070 Ti,1.0
15168897024,2.77715,K60-extension,RTX 4070 Ti,1.0
15169552384,2.86466,K60-extension,RTX 4070 Ti,1.0
15170207744,2.69269,K60-extension,RTX 4070 Ti,1.0
15170863104,2.82181,K60-extension,RTX 4070 Ti,1.0
15171518464,2.77046,K60-extension,RTX 4070 Ti,1.0
15172173824,2.28099,K60-extension,RTX 4070 Ti,1.0
15172829184,2.57112,K60-extension,RTX 4070 Ti,1.0
15173484544,2.83469,K60-extension,RTX 4070 Ti,1.0
15174139904,2.70675,K60-extension,RTX 4070 Ti,1.0
15174795264,2.87454,K60-extension,RTX 4070 Ti,1.0
15175450624,2.88904,K60-extension,RTX 4070 Ti,1.0
15176105984,2.87129,K60-extension,RTX 4070 Ti,1.0
15176761344,2.68161,K60-extension,RTX 4070 Ti,1.0
15177416704,2.68851,K60-extension,RTX 4070 Ti,1.0
15178072064,2.68236,K60-extension,RTX 4070 Ti,1.0
15178727424,2.45852,K60-extension,RTX 4070 Ti,1.0
15179382784,2.69102,K60-extension,RTX 4070 Ti,1.0
15180038144,2.69753,K60-extension,RTX 4070 Ti,1.0
15180693504,2.56503,K60-extension,RTX 4070 Ti,1.0
15181348864,2.93681,K60-extension,RTX 4070 Ti,1.0
15182004224,2.71819,K60-extension,RTX 4070 Ti,1.0
15182659584,2.86045,K60-extension,RTX 4070 Ti,1.0
15183314944,2.80894,K60-extension,RTX 4070 Ti,1.0
15183970304,2.71004,K60-extension,RTX 4070 Ti,1.0
15184625664,2.57288,K60-extension,RTX 4070 Ti,1.0
15185281024,2.60822,K60-extension,RTX 4070 Ti,1.0
15185936384,2.81041,K60-extension,RTX 4070 Ti,1.0
15186591744,2.64015,K60-extension,RTX 4070 Ti,1.0
15187247104,2.76911,K60-extension,RTX 4070 Ti,1.0
15187902464,2.7239,K60-extension,RTX 4070 Ti,1.0
15188557824,2.71405,K60-extension,RTX 4070 Ti,1.0
15189213184,2.59556,K60-extension,RTX 4070 Ti,1.0
15189868544,2.7026,K60-extension,RTX 4070 Ti,1.0
15190523904,2.84514,K60-extension,RTX 4070 Ti,1.0
15191179264,2.34629,K60-extension,RTX 4070 Ti,1.0
15191834624,2.82503,K60-extension,RTX 4070 Ti,1.0
15192489984,2.88301,K60-extension,RTX 4070 Ti,1.0
15193145344,2.72631,K60-extension,RTX 4070 Ti,1.0
15193800704,2.84667,K60-extension,RTX 4070 Ti,1.0
15194456064,2.84007,K60-extension,RTX 4070 Ti,1.0
15195111424,2.86578,K60-extension,RTX 4070 Ti,1.0
15195766784,2.66138,K60-extension,RTX 4070 Ti,1.0
15196422144,2.53514,K60-extension,RTX 4070 Ti,1.0
15197077504,2.70143,K60-extension,RTX 4070 Ti,1.0
15197732864,2.63943,K60-extension,RTX 4070 Ti,1.0
15198388224,2.70862,K60-extension,RTX 4070 Ti,1.0
15199043584,2.68475,K60-extension,RTX 4070 Ti,1.0
15199698944,2.90824,K60-extension,RTX 4070 Ti,1.0
15200354304,2.50596,K60-extension,RTX 4070 Ti,1.0
15201009664,2.6412,K60-extension,RTX 4070 Ti,1.0
15201665024,2.92715,K60-extension,RTX 4070 Ti,1.0
15202320384,2.65813,K60-extension,RTX 4070 Ti,1.0
15202975744,2.86846,K60-extension,RTX 4070 Ti,1.0
15203631104,2.69655,K60-extension,RTX 4070 Ti,1.0
15204286464,2.65527,K60-extension,RTX 4070 Ti,1.0
15204941824,2.96122,K60-extension,RTX 4070 Ti,1.0
15205597184,2.85778,K60-extension,RTX 4070 Ti,1.0
15206252544,2.7606,K60-extension,RTX 4070 Ti,1.0
15206907904,2.8366,K60-extension,RTX 4070 Ti,1.0
15207563264,2.59446,K60-extension,RTX 4070 Ti,1.0
15208218624,2.7117,K60-extension,RTX 4070 Ti,1.0
15208873984,2.77147,K60-extension,RTX 4070 Ti,1.0
15209529344,2.54902,K60-extension,RTX 4070 Ti,1.0
15210184704,2.41095,K60-extension,RTX 4070 Ti,1.0
15210840064,2.66322,K60-extension,RTX 4070 Ti,1.0
15211495424,2.8547,K60-extension,RTX 4070 Ti,1.0
15212150784,2.72813,K60-extension,RTX 4070 Ti,1.0
15212806144,2.90901,K60-extension,RTX 4070 Ti,1.0
15213461504,2.71233,K60-extension,RTX 4070 Ti,1.0
15214116864,2.58598,K60-extension,RTX 4070 Ti,1.0
15214772224,2.79628,K60-extension,RTX 4070 Ti,1.0
15215427584,2.57376,K60-extension,RTX 4070 Ti,1.0
15216082944,2.67071,K60-extension,RTX 4070 Ti,1.0
15216738304,2.40929,K60-extension,RTX 4070 Ti,1.0
15217393664,2.48541,K60-extension,RTX 4070 Ti,1.0
15218049024,2.60681,K60-extension,RTX 4070 Ti,1.0
15218704384,2.53896,K60-extension,RTX 4070 Ti,1.0
15219359744,2.7541,K60-extension,RTX 4070 Ti,1.0
15220015104,2.52617,K60-extension,RTX 4070 Ti,1.0
15220670464,2.52048,K60-extension,RTX 4070 Ti,1.0
15221325824,2.72341,K60-extension,RTX 4070 Ti,1.0
15221981184,2.59136,K60-extension,RTX 4070 Ti,1.0
15222636544,2.63584,K60-extension,RTX 4070 Ti,1.0
15223291904,2.57368,K60-extension,RTX 4070 Ti,1.0
15223947264,2.80505,K60-extension,RTX 4070 Ti,1.0
15224602624,2.89245,K60-extension,RTX 4070 Ti,1.0
15225257984,2.65292,K60-extension,RTX 4070 Ti,1.0
15225913344,2.90695,K60-extension,RTX 4070 Ti,1.0
15226568704,2.68034,K60-extension,RTX 4070 Ti,1.0
15227224064,2.74339,K60-extension,RTX 4070 Ti,1.0
15227879424,2.77712,K60-extension,RTX 4070 Ti,1.0
15228534784,2.94232,K60-extension,RTX 4070 Ti,1.0
15229190144,2.59676,K60-extension,RTX 4070 Ti,1.0
15229845504,2.67904,K60-extension,RTX 4070 Ti,1.0
15230500864,2.72365,K60-extension,RTX 4070 Ti,1.0
15231156224,2.66444,K60-extension,RTX 4070 Ti,1.0
15231811584,2.69869,K60-extension,RTX 4070 Ti,1.0
15232466944,2.93669,K60-extension,RTX 4070 Ti,1.0
15233122304,2.57038,K60-extension,RTX 4070 Ti,1.0
15233777664,2.79765,K60-extension,RTX 4070 Ti,1.0
15234433024,2.80438,K60-extension,RTX 4070 Ti,1.0
15235088384,2.79899,K60-extension,RTX 4070 Ti,1.0
15235743744,2.89763,K60-extension,RTX 4070 Ti,1.0
15236399104,2.93688,K60-extension,RTX 4070 Ti,1.0
15237054464,2.68917,K60-extension,RTX 4070 Ti,1.0
15237709824,2.7304,K60-extension,RTX 4070 Ti,1.0
15238365184,2.67168,K60-extension,RTX 4070 Ti,1.0
15239020544,2.634,K60-extension,RTX 4070 Ti,1.0
15239675904,2.7759,K60-extension,RTX 4070 Ti,1.0
15240331264,2.65464,K60-extension,RTX 4070 Ti,1.0
15240986624,2.69363,K60-extension,RTX 4070 Ti,1.0
15241641984,2.5816,K60-extension,RTX 4070 Ti,1.0
15242297344,2.69308,K60-extension,RTX 4070 Ti,1.0
15242952704,2.66582,K60-extension,RTX 4070 Ti,1.0
15243608064,2.62875,K60-extension,RTX 4070 Ti,1.0
15244263424,2.42783,K60-extension,RTX 4070 Ti,1.0
15244918784,2.8002,K60-extension,RTX 4070 Ti,1.0
15245574144,2.72827,K60-extension,RTX 4070 Ti,1.0
15246229504,2.40807,K60-extension,RTX 4070 Ti,1.0
15246884864,2.6344,K60-extension,RTX 4070 Ti,1.0
15247540224,2.68567,K60-extension,RTX 4070 Ti,1.0
15248195584,2.52305,K60-extension,RTX 4070 Ti,1.0
15248850944,2.79088,K60-extension,RTX 4070 Ti,1.0
15249506304,2.79936,K60-extension,RTX 4070 Ti,1.0
15250161664,2.62311,K60-extension,RTX 4070 Ti,1.0
15250817024,2.95381,K60-extension,RTX 4070 Ti,1.0
15251472384,2.65914,K60-extension,RTX 4070 Ti,1.0
15252127744,2.47128,K60-extension,RTX 4070 Ti,1.0
15252783104,2.7398,K60-extension,RTX 4070 Ti,1.0
15253438464,2.42597,K60-extension,RTX 4070 Ti,1.0
15254093824,2.68417,K60-extension,RTX 4070 Ti,1.0
15254749184,2.78765,K60-extension,RTX 4070 Ti,1.0
15255404544,2.52281,K60-extension,RTX 4070 Ti,1.0
15256059904,2.47979,K60-extension,RTX 4070 Ti,1.0
15256715264,2.83083,K60-extension,RTX 4070 Ti,1.0
15257370624,2.67385,K60-extension,RTX 4070 Ti,1.0
15258025984,2.68148,K60-extension,RTX 4070 Ti,1.0
15258681344,2.79722,K60-extension,RTX 4070 Ti,1.0
15259336704,2.65243,K60-extension,RTX 4070 Ti,1.0
15259992064,2.79887,K60-extension,RTX 4070 Ti,1.0
15260647424,2.80206,K60-extension,RTX 4070 Ti,1.0
15261302784,2.72978,K60-extension,RTX 4070 Ti,1.0
15261958144,2.86841,K60-extension,RTX 4070 Ti,1.0
15262613504,2.90808,K60-extension,RTX 4070 Ti,1.0
15263268864,2.59886,K60-extension,RTX 4070 Ti,1.0
15263924224,2.85341,K60-extension,RTX 4070 Ti,1.0
15264579584,2.40642,K60-extension,RTX 4070 Ti,1.0
15265234944,2.7024,K60-extension,RTX 4070 Ti,1.0
15265890304,2.80009,K60-extension,RTX 4070 Ti,1.0
15266545664,2.7532,K60-extension,RTX 4070 Ti,1.0
15267201024,2.48733,K60-extension,RTX 4070 Ti,1.0
15267856384,2.65195,K60-extension,RTX 4070 Ti,1.0
15268511744,2.90557,K60-extension,RTX 4070 Ti,1.0
15269167104,2.48757,K60-extension,RTX 4070 Ti,1.0
15269822464,2.5003,K60-extension,RTX 4070 Ti,1.0
15270477824,2.3547,K60-extension,RTX 4070 Ti,1.0
15271133184,2.61734,K60-extension,RTX 4070 Ti,1.0
15271788544,2.66394,K60-extension,RTX 4070 Ti,1.0
15272443904,2.70574,K60-extension,RTX 4070 Ti,1.0
15273099264,2.62847,K60-extension,RTX 4070 Ti,1.0
15273754624,2.7431,K60-extension,RTX 4070 Ti,1.0
15274409984,2.50866,K60-extension,RTX 4070 Ti,1.0
15275065344,2.72762,K60-extension,RTX 4070 Ti,1.0
15275720704,2.73573,K60-extension,RTX 4070 Ti,1.0
15276376064,2.37589,K60-extension,RTX 4070 Ti,1.0
15277031424,2.61193,K60-extension,RTX 4070 Ti,1.0
15277686784,2.68127,K60-extension,RTX 4070 Ti,1.0
15278342144,2.91546,K60-extension,RTX 4070 Ti,1.0
15278997504,2.7842,K60-extension,RTX 4070 Ti,1.0
15279652864,2.81574,K60-extension,RTX 4070 Ti,1.0
15280308224,2.55449,K60-extension,RTX 4070 Ti,1.0
15280963584,2.75323,K60-extension,RTX 4070 Ti,1.0
15281618944,2.6612,K60-extension,RTX 4070 Ti,1.0
15282274304,2.48242,K60-extension,RTX 4070 Ti,1.0
15282929664,2.89588,K60-extension,RTX 4070 Ti,1.0
15283585024,2.69869,K60-extension,RTX 4070 Ti,1.0
15284240384,2.7488,K60-extension,RTX 4070 Ti,1.0
15284895744,2.81646,K60-extension,RTX 4070 Ti,1.0
15285551104,2.81001,K60-extension,RTX 4070 Ti,1.0
15286206464,2.46916,K60-extension,RTX 4070 Ti,1.0
15286861824,2.64608,K60-extension,RTX 4070 Ti,1.0
15287517184,2.85256,K60-extension,RTX 4070 Ti,1.0
15288172544,2.57549,K60-extension,RTX 4070 Ti,1.0
15288827904,2.69216,K60-extension,RTX 4070 Ti,1.0
15289483264,2.8886,K60-extension,RTX 4070 Ti,1.0
15290138624,2.77315,K60-extension,RTX 4070 Ti,1.0
15290793984,2.75671,K60-extension,RTX 4070 Ti,1.0
15291449344,2.74123,K60-extension,RTX 4070 Ti,1.0
15292104704,2.77366,K60-extension,RTX 4070 Ti,1.0
15292760064,3.00332,K60-extension,RTX 4070 Ti,1.0
15293415424,2.7056,K60-extension,RTX 4070 Ti,1.0
15294070784,2.73358,K60-extension,RTX 4070 Ti,1.0
15294726144,2.63899,K60-extension,RTX 4070 Ti,1.0
15295381504,2.65918,K60-extension,RTX 4070 Ti,1.0
15296036864,2.61215,K60-extension,RTX 4070 Ti,1.0
15296692224,2.71943,K60-extension,RTX 4070 Ti,1.0
15297347584,2.5115,K60-extension,RTX 4070 Ti,1.0
15298002944,2.55761,K60-extension,RTX 4070 Ti,1.0
15298658304,2.58769,K60-extension,RTX 4070 Ti,1.0
15299313664,2.79025,K60-extension,RTX 4070 Ti,1.0
15299969024,2.87668,K60-extension,RTX 4070 Ti,1.0
15300624384,2.76466,K60-extension,RTX 4070 Ti,1.0
15301279744,2.60283,K60-extension,RTX 4070 Ti,1.0
15301935104,2.91427,K60-extension,RTX 4070 Ti,1.0
15302590464,2.57136,K60-extension,RTX 4070 Ti,1.0
15303245824,2.6856,K60-extension,RTX 4070 Ti,1.0
15303901184,2.77517,K60-extension,RTX 4070 Ti,1.0
15304556544,2.75827,K60-extension,RTX 4070 Ti,1.0
15305211904,2.64367,K60-extension,RTX 4070 Ti,1.0
15305867264,2.87628,K60-extension,RTX 4070 Ti,1.0
15306522624,2.71203,K60-extension,RTX 4070 Ti,1.0
15307177984,2.73506,K60-extension,RTX 4070 Ti,1.0
15307833344,2.68251,K60-extension,RTX 4070 Ti,1.0
15308488704,2.60968,K60-extension,RTX 4070 Ti,1.0
15309144064,2.58756,K60-extension,RTX 4070 Ti,1.0
15309799424,2.71288,K60-extension,RTX 4070 Ti,1.0
15310454784,2.63052,K60-extension,RTX 4070 Ti,1.0
15311110144,2.82134,K60-extension,RTX 4070 Ti,1.0
15311765504,2.65927,K60-extension,RTX 4070 Ti,1.0
15312420864,2.76553,K60-extension,RTX 4070 Ti,1.0
15313076224,2.45676,K60-extension,RTX 4070 Ti,1.0
15313731584,2.75385,K60-extension,RTX 4070 Ti,1.0
15314386944,2.85591,K60-extension,RTX 4070 Ti,1.0
15315042304,2.6302,K60-extension,RTX 4070 Ti,1.0
15315697664,2.60935,K60-extension,RTX 4070 Ti,1.0
15316353024,2.79123,K60-extension,RTX 4070 Ti,1.0
15317008384,2.61262,K60-extension,RTX 4070 Ti,1.0
15317663744,2.68723,K60-extension,RTX 4070 Ti,1.0
15318319104,2.60165,K60-extension,RTX 4070 Ti,1.0
15318974464,2.98394,K60-extension,RTX 4070 Ti,1.0
15319629824,2.72781,K60-extension,RTX 4070 Ti,1.0
15320285184,2.88348,K60-extension,RTX 4070 Ti,1.0
15320940544,2.61479,K60-extension,RTX 4070 Ti,1.0
15321595904,2.69028,K60-extension,RTX 4070 Ti,1.0
15322251264,2.82253,K60-extension,RTX 4070 Ti,1.0
15322906624,2.82623,K60-extension,RTX 4070 Ti,1.0
15323561984,2.71261,K60-extension,RTX 4070 Ti,1.0
15324217344,2.65019,K60-extension,RTX 4070 Ti,1.0
15324872704,2.68468,K60-extension,RTX 4070 Ti,1.0
15325528064,2.58852,K60-extension,RTX 4070 Ti,1.0
15326183424,2.58029,K60-extension,RTX 4070 Ti,1.0
15326838784,2.93863,K60-extension,RTX 4070 Ti,1.0
15327494144,2.64402,K60-extension,RTX 4070 Ti,1.0
15328149504,2.44341,K60-extension,RTX 4070 Ti,1.0
15328804864,2.80803,K60-extension,RTX 4070 Ti,1.0
15329460224,2.66643,K60-extension,RTX 4070 Ti,1.0
15330115584,2.73242,K60-extension,RTX 4070 Ti,1.0
15330770944,2.78606,K60-extension,RTX 4070 Ti,1.0
15331426304,2.541,K60-extension,RTX 4070 Ti,1.0
15332081664,2.69011,K60-extension,RTX 4070 Ti,1.0
15332737024,2.63673,K60-extension,RTX 4070 Ti,1.0
15333392384,2.67639,K60-extension,RTX 4070 Ti,1.0
15334047744,2.69907,K60-extension,RTX 4070 Ti,1.0
15334703104,2.62781,K60-extension,RTX 4070 Ti,1.0
15335358464,2.8358,K60-extension,RTX 4070 Ti,1.0
15336013824,2.59293,K60-extension,RTX 4070 Ti,1.0
15336669184,2.68122,K60-extension,RTX 4070 Ti,1.0
15337324544,2.47981,K60-extension,RTX 4070 Ti,1.0
15337979904,2.82712,K60-extension,RTX 4070 Ti,1.0
15338635264,2.61446,K60-extension,RTX 4070 Ti,1.0
15339290624,2.69893,K60-extension,RTX 4070 Ti,1.0
15339945984,2.76567,K60-extension,RTX 4070 Ti,1.0
15340601344,3.01394,K60-extension,RTX 4070 Ti,1.0
15341256704,2.38244,K60-extension,RTX 4070 Ti,1.0
15341912064,2.78992,K60-extension,RTX 4070 Ti,1.0
15342567424,2.58893,K60-extension,RTX 4070 Ti,1.0
15343222784,2.47526,K60-extension,RTX 4070 Ti,1.0
15343878144,2.66521,K60-extension,RTX 4070 Ti,1.0
15344533504,2.81688,K60-extension,RTX 4070 Ti,1.0
15345188864,2.62044,K60-extension,RTX 4070 Ti,1.0
15345844224,2.73703,K60-extension,RTX 4070 Ti,1.0
15346499584,2.73111,K60-extension,RTX 4070 Ti,1.0
15347154944,2.88518,K60-extension,RTX 4070 Ti,1.0
15347810304,2.80993,K60-extension,RTX 4070 Ti,1.0
15348465664,2.78108,K60-extension,RTX 4070 Ti,1.0
15349121024,2.71137,K60-extension,RTX 4070 Ti,1.0
15349776384,2.78996,K60-extension,RTX 4070 Ti,1.0
15350431744,2.65527,K60-extension,RTX 4070 Ti,1.0
15351087104,2.62042,K60-extension,RTX 4070 Ti,1.0
15351742464,2.91716,K60-extension,RTX 4070 Ti,1.0
15352397824,2.40799,K60-extension,RTX 4070 Ti,1.0
15353053184,2.56969,K60-extension,RTX 4070 Ti,1.0
15353708544,2.63185,K60-extension,RTX 4070 Ti,1.0
15354363904,2.61717,K60-extension,RTX 4070 Ti,1.0
15355019264,2.84935,K60-extension,RTX 4070 Ti,1.0
15355674624,2.51188,K60-extension,RTX 4070 Ti,1.0
15356329984,2.77096,K60-extension,RTX 4070 Ti,1.0
15356985344,2.68899,K60-extension,RTX 4070 Ti,1.0
15357640704,2.73601,K60-extension,RTX 4070 Ti,1.0
15358296064,2.68809,K60-extension,RTX 4070 Ti,1.0
15358951424,2.74952,K60-extension,RTX 4070 Ti,1.0
15359606784,2.78979,K60-extension,RTX 4070 Ti,1.0
15360262144,2.68962,K60-extension,RTX 4070 Ti,1.0
15360917504,2.95863,K60-extension,RTX 4070 Ti,1.0
15361572864,2.62181,K60-extension,RTX 4070 Ti,1.0
15362228224,2.49801,K60-extension,RTX 4070 Ti,1.0
15362883584,2.63782,K60-extension,RTX 4070 Ti,1.0
15363538944,2.82393,K60-extension,RTX 4070 Ti,1.0
15364194304,2.51856,K60-extension,RTX 4070 Ti,1.0
15364849664,2.66864,K60-extension,RTX 4070 Ti,1.0
15365505024,2.60322,K60-extension,RTX 4070 Ti,1.0
15366160384,2.76006,K60-extension,RTX 4070 Ti,1.0
15366815744,2.8732,K60-extension,RTX 4070 Ti,1.0
15367471104,2.70129,K60-extension,RTX 4070 Ti,1.0
15368126464,2.64952,K60-extension,RTX 4070 Ti,1.0
15368781824,2.95332,K60-extension,RTX 4070 Ti,1.0
15369437184,2.74107,K60-extension,RTX 4070 Ti,1.0
15370092544,2.72933,K60-extension,RTX 4070 Ti,1.0
15370747904,2.88037,K60-extension,RTX 4070 Ti,1.0
15371403264,2.56122,K60-extension,RTX 4070 Ti,1.0
15372058624,2.57616,K60-extension,RTX 4070 Ti,1.0
15372713984,2.68624,K60-extension,RTX 4070 Ti,1.0
15373369344,2.63446,K60-extension,RTX 4070 Ti,1.0
15374024704,2.57292,K60-extension,RTX 4070 Ti,1.0
15374680064,2.76522,K60-extension,RTX 4070 Ti,1.0
15375335424,2.78134,K60-extension,RTX 4070 Ti,1.0
15375990784,2.791,K60-extension,RTX 4070 Ti,1.0
15376646144,2.73246,K60-extension,RTX 4070 Ti,1.0
15377301504,2.70199,K60-extension,RTX 4070 Ti,1.0
15377956864,2.83112,K60-extension,RTX 4070 Ti,1.0
15378612224,2.43192,K60-extension,RTX 4070 Ti,1.0
15379267584,2.65012,K60-extension,RTX 4070 Ti,1.0
15379922944,2.69247,K60-extension,RTX 4070 Ti,1.0
15380578304,2.53168,K60-extension,RTX 4070 Ti,1.0
15381233664,2.64627,K60-extension,RTX 4070 Ti,1.0
15381889024,2.78714,K60-extension,RTX 4070 Ti,1.0
15382544384,2.82111,K60-extension,RTX 4070 Ti,1.0
15383199744,2.61717,K60-extension,RTX 4070 Ti,1.0
15383855104,2.73829,K60-extension,RTX 4070 Ti,1.0
15384510464,2.64444,K60-extension,RTX 4070 Ti,1.0
15385165824,2.56208,K60-extension,RTX 4070 Ti,1.0
15385821184,2.70754,K60-extension,RTX 4070 Ti,1.0
15386476544,2.40596,K60-extension,RTX 4070 Ti,1.0
15387131904,2.81302,K60-extension,RTX 4070 Ti,1.0
15387787264,2.74548,K60-extension,RTX 4070 Ti,1.0
15388442624,2.61987,K60-extension,RTX 4070 Ti,1.0
15389097984,2.78978,K60-extension,RTX 4070 Ti,1.0
15389753344,2.63348,K60-extension,RTX 4070 Ti,1.0
15390408704,2.58171,K60-extension,RTX 4070 Ti,1.0
15391064064,2.60556,K60-extension,RTX 4070 Ti,1.0
15391719424,2.72687,K60-extension,RTX 4070 Ti,1.0
15392374784,2.81478,K60-extension,RTX 4070 Ti,1.0
15393030144,2.47716,K60-extension,RTX 4070 Ti,1.0
15393685504,2.51106,K60-extension,RTX 4070 Ti,1.0
15394340864,2.52209,K60-extension,RTX 4070 Ti,1.0
15394996224,2.64548,K60-extension,RTX 4070 Ti,1.0
15395651584,2.71419,K60-extension,RTX 4070 Ti,1.0
15396306944,2.6554,K60-extension,RTX 4070 Ti,1.0
15396962304,2.93434,K60-extension,RTX 4070 Ti,1.0
15397617664,2.71652,K60-extension,RTX 4070 Ti,1.0
15398273024,2.57577,K60-extension,RTX 4070 Ti,1.0
15398928384,2.65478,K60-extension,RTX 4070 Ti,1.0
15399583744,2.65381,K60-extension,RTX 4070 Ti,1.0
15400239104,2.74188,K60-extension,RTX 4070 Ti,1.0
15400894464,2.69195,K60-extension,RTX 4070 Ti,1.0
15401549824,2.63949,K60-extension,RTX 4070 Ti,1.0
15402205184,2.56965,K60-extension,RTX 4070 Ti,1.0
15402860544,2.73204,K60-extension,RTX 4070 Ti,1.0
15403515904,2.86013,K60-extension,RTX 4070 Ti,1.0
15404171264,2.49319,K60-extension,RTX 4070 Ti,1.0
15404826624,2.61592,K60-extension,RTX 4070 Ti,1.0
15405481984,2.62972,K60-extension,RTX 4070 Ti,1.0
15406137344,2.57586,K60-extension,RTX 4070 Ti,1.0
15406792704,2.69939,K60-extension,RTX 4070 Ti,1.0
15407448064,2.67908,K60-extension,RTX 4070 Ti,1.0
15408103424,2.59131,K60-extension,RTX 4070 Ti,1.0
15408758784,2.90475,K60-extension,RTX 4070 Ti,1.0
15409414144,2.71301,K60-extension,RTX 4070 Ti,1.0
15410069504,2.49022,K60-extension,RTX 4070 Ti,1.0
15410724864,2.70673,K60-extension,RTX 4070 Ti,1.0
15411380224,2.56701,K60-extension,RTX 4070 Ti,1.0
15412035584,2.62346,K60-extension,RTX 4070 Ti,1.0
15412690944,2.57109,K60-extension,RTX 4070 Ti,1.0
15413346304,2.7995,K60-extension,RTX 4070 Ti,1.0
15414001664,2.58299,K60-extension,RTX 4070 Ti,1.0
15414657024,2.58119,K60-extension,RTX 4070 Ti,1.0
15415312384,2.56028,K60-extension,RTX 4070 Ti,1.0
15415967744,2.85889,K60-extension,RTX 4070 Ti,1.0
15416623104,2.75598,K60-extension,RTX 4070 Ti,1.0
15417278464,2.64655,K60-extension,RTX 4070 Ti,1.0
15417933824,2.92235,K60-extension,RTX 4070 Ti,1.0
15418589184,2.91207,K60-extension,RTX 4070 Ti,1.0
15419244544,2.53186,K60-extension,RTX 4070 Ti,1.0
15419899904,2.80756,K60-extension,RTX 4070 Ti,1.0
15420555264,2.62793,K60-extension,RTX 4070 Ti,1.0
15421210624,2.70961,K60-extension,RTX 4070 Ti,1.0
15421865984,2.85278,K60-extension,RTX 4070 Ti,1.0
15422521344,2.74297,K60-extension,RTX 4070 Ti,1.0
15423176704,2.76813,K60-extension,RTX 4070 Ti,1.0
15423832064,2.77838,K60-extension,RTX 4070 Ti,1.0
15424487424,2.80088,K60-extension,RTX 4070 Ti,1.0
15425142784,2.41663,K60-extension,RTX 4070 Ti,1.0
15425798144,3.09954,K60-extension,RTX 4070 Ti,1.0
15426453504,2.79241,K60-extension,RTX 4070 Ti,1.0
15427108864,2.96856,K60-extension,RTX 4070 Ti,1.0
15427764224,2.79783,K60-extension,RTX 4070 Ti,1.0
15428419584,2.73689,K60-extension,RTX 4070 Ti,1.0
15429074944,2.49458,K60-extension,RTX 4070 Ti,1.0
15429730304,2.59623,K60-extension,RTX 4070 Ti,1.0
15430385664,2.6061,K60-extension,RTX 4070 Ti,1.0
15431041024,2.52979,K60-extension,RTX 4070 Ti,1.0
15431696384,2.8886,K60-extension,RTX 4070 Ti,1.0
15432351744,2.64903,K60-extension,RTX 4070 Ti,1.0
15433007104,2.71323,K60-extension,RTX 4070 Ti,1.0
15433662464,2.78116,K60-extension,RTX 4070 Ti,1.0
15434317824,2.62001,K60-extension,RTX 4070 Ti,1.0
15434973184,2.6564,K60-extension,RTX 4070 Ti,1.0
15435628544,2.91651,K60-extension,RTX 4070 Ti,1.0
15436283904,2.68342,K60-extension,RTX 4070 Ti,1.0
15436939264,2.83288,K60-extension,RTX 4070 Ti,1.0
15437594624,2.79628,K60-extension,RTX 4070 Ti,1.0
15438249984,2.61097,K60-extension,RTX 4070 Ti,1.0
15438905344,2.66654,K60-extension,RTX 4070 Ti,1.0
15439560704,2.72877,K60-extension,RTX 4070 Ti,1.0
15440216064,2.63069,K60-extension,RTX 4070 Ti,1.0
15440871424,2.54021,K60-extension,RTX 4070 Ti,1.0
15441526784,2.81485,K60-extension,RTX 4070 Ti,1.0
15442182144,2.39108,K60-extension,RTX 4070 Ti,1.0
15442837504,2.83842,K60-extension,RTX 4070 Ti,1.0
15443492864,2.68141,K60-extension,RTX 4070 Ti,1.0
15444148224,2.57592,K60-extension,RTX 4070 Ti,1.0
15444803584,2.65996,K60-extension,RTX 4070 Ti,1.0
15445458944,2.78276,K60-extension,RTX 4070 Ti,1.0
15446114304,2.74563,K60-extension,RTX 4070 Ti,1.0
15446769664,2.81036,K60-extension,RTX 4070 Ti,1.0
15447425024,2.64737,K60-extension,RTX 4070 Ti,1.0
15448080384,2.45394,K60-extension,RTX 4070 Ti,1.0
15448735744,2.89226,K60-extension,RTX 4070 Ti,1.0
15449391104,2.61851,K60-extension,RTX 4070 Ti,1.0
15450046464,2.21858,K60-extension,RTX 4070 Ti,1.0
15450701824,2.63878,K60-extension,RTX 4070 Ti,1.0
15451357184,2.7088,K60-extension,RTX 4070 Ti,1.0
15452012544,2.68429,K60-extension,RTX 4070 Ti,1.0
15452667904,2.79729,K60-extension,RTX 4070 Ti,1.0
15453323264,2.51818,K60-extension,RTX 4070 Ti,1.0
15453978624,2.64231,K60-extension,RTX 4070 Ti,1.0
15454633984,2.83607,K60-extension,RTX 4070 Ti,1.0
15455289344,2.78017,K60-extension,RTX 4070 Ti,1.0
15455944704,2.71159,K60-extension,RTX 4070 Ti,1.0
15456600064,2.79625,K60-extension,RTX 4070 Ti,1.0
15457255424,2.72492,K60-extension,RTX 4070 Ti,1.0
15457910784,2.75854,K60-extension,RTX 4070 Ti,1.0
15458566144,2.59721,K60-extension,RTX 4070 Ti,1.0
15459221504,2.64785,K60-extension,RTX 4070 Ti,1.0
15459876864,2.66613,K60-extension,RTX 4070 Ti,1.0
15460532224,2.71671,K60-extension,RTX 4070 Ti,1.0
15461187584,2.47208,K60-extension,RTX 4070 Ti,1.0
15461842944,2.69819,K60-extension,RTX 4070 Ti,1.0
15462498304,2.7239,K60-extension,RTX 4070 Ti,1.0
15463153664,2.74403,K60-extension,RTX 4070 Ti,1.0
15463809024,2.83997,K60-extension,RTX 4070 Ti,1.0
15464464384,2.57812,K60-extension,RTX 4070 Ti,1.0
15465119744,2.73808,K60-extension,RTX 4070 Ti,1.0
15465775104,2.72151,K60-extension,RTX 4070 Ti,1.0
15466430464,2.59635,K60-extension,RTX 4070 Ti,1.0
15467085824,2.60008,K60-extension,RTX 4070 Ti,1.0
15467741184,2.79065,K60-extension,RTX 4070 Ti,1.0
15468396544,2.66305,K60-extension,RTX 4070 Ti,1.0
15469051904,2.57549,K60-extension,RTX 4070 Ti,1.0
15469707264,2.69766,K60-extension,RTX 4070 Ti,1.0
15470362624,2.84251,K60-extension,RTX 4070 Ti,1.0
15471017984,2.59478,K60-extension,RTX 4070 Ti,1.0
15471673344,2.82941,K60-extension,RTX 4070 Ti,1.0
15472328704,2.71437,K60-extension,RTX 4070 Ti,1.0
15472984064,2.57775,K60-extension,RTX 4070 Ti,1.0
15473639424,2.78536,K60-extension,RTX 4070 Ti,1.0
15474294784,2.47339,K60-extension,RTX 4070 Ti,1.0
15474950144,2.62344,K60-extension,RTX 4070 Ti,1.0
15475605504,2.88228,K60-extension,RTX 4070 Ti,1.0
15476260864,2.56537,K60-extension,RTX 4070 Ti,1.0
15476916224,2.72908,K60-extension,RTX 4070 Ti,1.0
15477571584,2.51001,K60-extension,RTX 4070 Ti,1.0
15478226944,2.50615,K60-extension,RTX 4070 Ti,1.0
15478882304,2.70073,K60-extension,RTX 4070 Ti,1.0
15479537664,2.90182,K60-extension,RTX 4070 Ti,1.0
15480193024,2.63385,K60-extension,RTX 4070 Ti,1.0
15480848384,2.84869,K60-extension,RTX 4070 Ti,1.0
15481503744,2.90836,K60-extension,RTX 4070 Ti,1.0
15482159104,2.48056,K60-extension,RTX 4070 Ti,1.0
15482814464,2.87367,K60-extension,RTX 4070 Ti,1.0
15483469824,2.88328,K60-extension,RTX 4070 Ti,1.0
15484125184,2.44951,K60-extension,RTX 4070 Ti,1.0
15484780544,2.85596,K60-extension,RTX 4070 Ti,1.0
15485435904,2.67454,K60-extension,RTX 4070 Ti,1.0
15486091264,2.41342,K60-extension,RTX 4070 Ti,1.0
15486746624,2.78796,K60-extension,RTX 4070 Ti,1.0
15487401984,2.57095,K60-extension,RTX 4070 Ti,1.0
15488057344,2.41889,K60-extension,RTX 4070 Ti,1.0
15488712704,2.60095,K60-extension,RTX 4070 Ti,1.0
15489368064,2.46423,K60-extension,RTX 4070 Ti,1.0
15490023424,2.63296,K60-extension,RTX 4070 Ti,1.0
15490678784,2.76423,K60-extension,RTX 4070 Ti,1.0
15491334144,2.56392,K60-extension,RTX 4070 Ti,1.0
15491989504,2.68861,K60-extension,RTX 4070 Ti,1.0
15492644864,2.76502,K60-extension,RTX 4070 Ti,1.0
15493300224,2.65542,K60-extension,RTX 4070 Ti,1.0
15493955584,2.82658,K60-extension,RTX 4070 Ti,1.0
15494610944,2.78347,K60-extension,RTX 4070 Ti,1.0
15495266304,2.45893,K60-extension,RTX 4070 Ti,1.0
15495921664,2.7302,K60-extension,RTX 4070 Ti,1.0
15496577024,2.64154,K60-extension,RTX 4070 Ti,1.0
15497232384,2.50592,K60-extension,RTX 4070 Ti,1.0
15497887744,2.62816,K60-extension,RTX 4070 Ti,1.0
15498543104,2.75341,K60-extension,RTX 4070 Ti,1.0
15499198464,2.47563,K60-extension,RTX 4070 Ti,1.0
15499853824,2.71966,K60-extension,RTX 4070 Ti,1.0
15500509184,2.70854,K60-extension,RTX 4070 Ti,1.0
15501164544,2.66489,K60-extension,RTX 4070 Ti,1.0
15501819904,2.78606,K60-extension,RTX 4070 Ti,1.0
15502475264,2.68507,K60-extension,RTX 4070 Ti,1.0
15503130624,2.81067,K60-extension,RTX 4070 Ti,1.0
15503785984,2.81476,K60-extension,RTX 4070 Ti,1.0
15504441344,2.50449,K60-extension,RTX 4070 Ti,1.0
15505096704,2.73823,K60-extension,RTX 4070 Ti,1.0
15505752064,2.54891,K60-extension,RTX 4070 Ti,1.0
15506407424,2.80378,K60-extension,RTX 4070 Ti,1.0
15507062784,2.62142,K60-extension,RTX 4070 Ti,1.0
15507718144,2.77094,K60-extension,RTX 4070 Ti,1.0
15508373504,2.73764,K60-extension,RTX 4070 Ti,1.0
15509028864,2.56962,K60-extension,RTX 4070 Ti,1.0
15509684224,2.71217,K60-extension,RTX 4070 Ti,1.0
15510339584,2.51482,K60-extension,RTX 4070 Ti,1.0
15510994944,2.7423,K60-extension,RTX 4070 Ti,1.0
15511650304,2.81373,K60-extension,RTX 4070 Ti,1.0
15512305664,2.7885,K60-extension,RTX 4070 Ti,1.0
15512961024,2.85248,K60-extension,RTX 4070 Ti,1.0
15513616384,2.68131,K60-extension,RTX 4070 Ti,1.0
15514271744,2.55736,K60-extension,RTX 4070 Ti,1.0
15514927104,2.93382,K60-extension,RTX 4070 Ti,1.0
15515582464,2.73269,K60-extension,RTX 4070 Ti,1.0
15516237824,2.67755,K60-extension,RTX 4070 Ti,1.0
15516893184,2.63512,K60-extension,RTX 4070 Ti,1.0
15517548544,2.86228,K60-extension,RTX 4070 Ti,1.0
15518203904,2.535,K60-extension,RTX 4070 Ti,1.0
15518859264,2.84962,K60-extension,RTX 4070 Ti,1.0
15519514624,2.74332,K60-extension,RTX 4070 Ti,1.0
15520169984,2.49303,K60-extension,RTX 4070 Ti,1.0
15520825344,2.77022,K60-extension,RTX 4070 Ti,1.0
15521480704,2.62378,K60-extension,RTX 4070 Ti,1.0
15522136064,2.45067,K60-extension,RTX 4070 Ti,1.0
15522791424,2.87273,K60-extension,RTX 4070 Ti,1.0
15523446784,2.92792,K60-extension,RTX 4070 Ti,1.0
15524102144,2.61667,K60-extension,RTX 4070 Ti,1.0
15524757504,3.00645,K60-extension,RTX 4070 Ti,1.0
15525412864,2.5345,K60-extension,RTX 4070 Ti,1.0
15526068224,2.40467,K60-extension,RTX 4070 Ti,1.0
15526723584,2.83149,K60-extension,RTX 4070 Ti,1.0
15527378944,2.51223,K60-extension,RTX 4070 Ti,1.0
15528034304,2.50559,K60-extension,RTX 4070 Ti,1.0
15528689664,2.6828,K60-extension,RTX 4070 Ti,1.0
15529345024,2.54687,K60-extension,RTX 4070 Ti,1.0
15530000384,2.7514,K60-extension,RTX 4070 Ti,1.0
15530655744,2.78045,K60-extension,RTX 4070 Ti,1.0
15531311104,2.56925,K60-extension,RTX 4070 Ti,1.0
15531966464,2.62009,K60-extension,RTX 4070 Ti,1.0
15532621824,2.70825,K60-extension,RTX 4070 Ti,1.0
15533277184,2.52285,K60-extension,RTX 4070 Ti,1.0
15533932544,2.86922,K60-extension,RTX 4070 Ti,1.0
15534587904,2.79253,K60-extension,RTX 4070 Ti,1.0
15535243264,2.62945,K60-extension,RTX 4070 Ti,1.0
15535898624,2.88824,K60-extension,RTX 4070 Ti,1.0
15536553984,2.88662,K60-extension,RTX 4070 Ti,1.0
15537209344,2.45569,K60-extension,RTX 4070 Ti,1.0
15537864704,2.67786,K60-extension,RTX 4070 Ti,1.0
15538520064,2.76608,K60-extension,RTX 4070 Ti,1.0
15539175424,2.52357,K60-extension,RTX 4070 Ti,1.0
15539830784,2.86564,K60-extension,RTX 4070 Ti,1.0
15540486144,2.86402,K60-extension,RTX 4070 Ti,1.0
15541141504,2.58264,K60-extension,RTX 4070 Ti,1.0
15541796864,2.82421,K60-extension,RTX 4070 Ti,1.0
15542452224,2.56826,K60-extension,RTX 4070 Ti,1.0
15543107584,2.80978,K60-extension,RTX 4070 Ti,1.0
15543762944,2.61518,K60-extension,RTX 4070 Ti,1.0
15544418304,2.41822,K60-extension,RTX 4070 Ti,1.0
15545073664,2.5512,K60-extension,RTX 4070 Ti,1.0
15545729024,2.6586,K60-extension,RTX 4070 Ti,1.0
15546384384,2.77601,K60-extension,RTX 4070 Ti,1.0
15547039744,2.57776,K60-extension,RTX 4070 Ti,1.0
15547695104,2.59852,K60-extension,RTX 4070 Ti,1.0
15548350464,2.69157,K60-extension,RTX 4070 Ti,1.0
15549005824,2.77839,K60-extension,RTX 4070 Ti,1.0
15549661184,2.60388,K60-extension,RTX 4070 Ti,1.0
15550316544,2.63431,K60-extension,RTX 4070 Ti,1.0
15550971904,2.66764,K60-extension,RTX 4070 Ti,1.0
15551627264,2.69557,K60-extension,RTX 4070 Ti,1.0
15552282624,2.75267,K60-extension,RTX 4070 Ti,1.0
15552937984,2.65129,K60-extension,RTX 4070 Ti,1.0
15553593344,2.59011,K60-extension,RTX 4070 Ti,1.0
15554248704,2.61095,K60-extension,RTX 4070 Ti,1.0
15554904064,2.76189,K60-extension,RTX 4070 Ti,1.0
15555559424,2.89124,K60-extension,RTX 4070 Ti,1.0
15556214784,2.56802,K60-extension,RTX 4070 Ti,1.0
15556870144,2.74237,K60-extension,RTX 4070 Ti,1.0
15557525504,2.78149,K60-extension,RTX 4070 Ti,1.0
15558180864,2.39078,K60-extension,RTX 4070 Ti,1.0
15558836224,2.70846,K60-extension,RTX 4070 Ti,1.0
15559491584,2.41198,K60-extension,RTX 4070 Ti,1.0
15560146944,2.58395,K60-extension,RTX 4070 Ti,1.0
15560802304,2.75023,K60-extension,RTX 4070 Ti,1.0
15561457664,2.92047,K60-extension,RTX 4070 Ti,1.0
15562113024,2.60916,K60-extension,RTX 4070 Ti,1.0
15562768384,2.82785,K60-extension,RTX 4070 Ti,1.0
15563423744,2.55479,K60-extension,RTX 4070 Ti,1.0
15564079104,2.35095,K60-extension,RTX 4070 Ti,1.0
15564734464,2.69218,K60-extension,RTX 4070 Ti,1.0
15565389824,2.95785,K60-extension,RTX 4070 Ti,1.0
15566045184,2.69706,K60-extension,RTX 4070 Ti,1.0
15566700544,2.74673,K60-extension,RTX 4070 Ti,1.0
15567355904,2.9133,K60-extension,RTX 4070 Ti,1.0
15568011264,2.76842,K60-extension,RTX 4070 Ti,1.0
15568666624,2.78378,K60-extension,RTX 4070 Ti,1.0
15569321984,2.65631,K60-extension,RTX 4070 Ti,1.0
15569977344,2.69195,K60-extension,RTX 4070 Ti,1.0
15570632704,3.05317,K60-extension,RTX 4070 Ti,1.0
15571288064,2.70878,K60-extension,RTX 4070 Ti,1.0
15571943424,2.64866,K60-extension,RTX 4070 Ti,1.0
15572598784,2.65843,K60-extension,RTX 4070 Ti,1.0
15573254144,2.48282,K60-extension,RTX 4070 Ti,1.0
15573909504,2.61504,K60-extension,RTX 4070 Ti,1.0
15574564864,2.68609,K60-extension,RTX 4070 Ti,1.0
15575220224,2.58996,K60-extension,RTX 4070 Ti,1.0
15575875584,2.70226,K60-extension,RTX 4070 Ti,1.0
15576530944,2.87436,K60-extension,RTX 4070 Ti,1.0
15577186304,2.66174,K60-extension,RTX 4070 Ti,1.0
15577841664,2.87411,K60-extension,RTX 4070 Ti,1.0
15578497024,2.76977,K60-extension,RTX 4070 Ti,1.0
15579152384,2.7882,K60-extension,RTX 4070 Ti,1.0
15579807744,2.76108,K60-extension,RTX 4070 Ti,1.0
15580463104,2.6786,K60-extension,RTX 4070 Ti,1.0
15581118464,2.79065,K60-extension,RTX 4070 Ti,1.0
15581773824,2.72471,K60-extension,RTX 4070 Ti,1.0
15582429184,2.63933,K60-extension,RTX 4070 Ti,1.0
15583084544,2.53163,K60-extension,RTX 4070 Ti,1.0
15583739904,2.45568,K60-extension,RTX 4070 Ti,1.0
15584395264,2.60735,K60-extension,RTX 4070 Ti,1.0
15585050624,2.65424,K60-extension,RTX 4070 Ti,1.0
15585705984,2.65944,K60-extension,RTX 4070 Ti,1.0
15586361344,2.73377,K60-extension,RTX 4070 Ti,1.0
15587016704,2.66736,K60-extension,RTX 4070 Ti,1.0
15587672064,2.72527,K60-extension,RTX 4070 Ti,1.0
15588327424,2.36727,K60-extension,RTX 4070 Ti,1.0
15588982784,2.86095,K60-extension,RTX 4070 Ti,1.0
15589638144,2.82036,K60-extension,RTX 4070 Ti,1.0
15590293504,2.7238,K60-extension,RTX 4070 Ti,1.0
15590948864,2.85743,K60-extension,RTX 4070 Ti,1.0
15591604224,2.81584,K60-extension,RTX 4070 Ti,1.0
15592259584,2.63281,K60-extension,RTX 4070 Ti,1.0
15592914944,2.62588,K60-extension,RTX 4070 Ti,1.0
15593570304,2.66668,K60-extension,RTX 4070 Ti,1.0
15594225664,2.63697,K60-extension,RTX 4070 Ti,1.0
15594881024,2.50326,K60-extension,RTX 4070 Ti,1.0
15595536384,2.68873,K60-extension,RTX 4070 Ti,1.0
15596191744,2.69123,K60-extension,RTX 4070 Ti,1.0
15596847104,2.76813,K60-extension,RTX 4070 Ti,1.0
15597502464,2.72326,K60-extension,RTX 4070 Ti,1.0
15598157824,2.57689,K60-extension,RTX 4070 Ti,1.0
15598813184,2.87826,K60-extension,RTX 4070 Ti,1.0
15599468544,2.61593,K60-extension,RTX 4070 Ti,1.0
15600123904,2.82258,K60-extension,RTX 4070 Ti,1.0
15600779264,2.69109,K60-extension,RTX 4070 Ti,1.0
15601434624,2.58166,K60-extension,RTX 4070 Ti,1.0
15602089984,2.61672,K60-extension,RTX 4070 Ti,1.0
15602745344,2.8654,K60-extension,RTX 4070 Ti,1.0
15603400704,2.68734,K60-extension,RTX 4070 Ti,1.0
15604056064,2.75971,K60-extension,RTX 4070 Ti,1.0
15604711424,2.80076,K60-extension,RTX 4070 Ti,1.0
15605366784,2.73023,K60-extension,RTX 4070 Ti,1.0
15606022144,2.65602,K60-extension,RTX 4070 Ti,1.0
15606677504,2.75667,K60-extension,RTX 4070 Ti,1.0
15607332864,2.69833,K60-extension,RTX 4070 Ti,1.0
15607988224,2.76559,K60-extension,RTX 4070 Ti,1.0
15608643584,2.67815,K60-extension,RTX 4070 Ti,1.0
15609298944,2.36997,K60-extension,RTX 4070 Ti,1.0
15609954304,2.76207,K60-extension,RTX 4070 Ti,1.0
15610609664,2.70806,K60-extension,RTX 4070 Ti,1.0
15611265024,2.58637,K60-extension,RTX 4070 Ti,1.0
15611920384,2.59597,K60-extension,RTX 4070 Ti,1.0
15612575744,2.85086,K60-extension,RTX 4070 Ti,1.0
15613231104,2.51985,K60-extension,RTX 4070 Ti,1.0
15613886464,2.66807,K60-extension,RTX 4070 Ti,1.0
15614541824,2.69148,K60-extension,RTX 4070 Ti,1.0
15615197184,2.5426,K60-extension,RTX 4070 Ti,1.0
15615852544,2.77576,K60-extension,RTX 4070 Ti,1.0
15616507904,2.66325,K60-extension,RTX 4070 Ti,1.0
15617163264,2.47811,K60-extension,RTX 4070 Ti,1.0
15617818624,2.61688,K60-extension,RTX 4070 Ti,1.0
15618473984,2.76843,K60-extension,RTX 4070 Ti,1.0
15619129344,2.65326,K60-extension,RTX 4070 Ti,1.0
15619784704,2.73131,K60-extension,RTX 4070 Ti,1.0
15620440064,2.61019,K60-extension,RTX 4070 Ti,1.0
15621095424,2.65643,K60-extension,RTX 4070 Ti,1.0
15621750784,2.8085,K60-extension,RTX 4070 Ti,1.0
15622406144,2.72093,K60-extension,RTX 4070 Ti,1.0
15623061504,2.61932,K60-extension,RTX 4070 Ti,1.0
15623716864,2.50079,K60-extension,RTX 4070 Ti,1.0
15624372224,2.51228,K60-extension,RTX 4070 Ti,1.0
15625027584,2.5211,K60-extension,RTX 4070 Ti,1.0
15625682944,2.6893,K60-extension,RTX 4070 Ti,1.0
15626338304,2.83397,K60-extension,RTX 4070 Ti,1.0
15626993664,2.96998,K60-extension,RTX 4070 Ti,1.0
15627649024,2.84324,K60-extension,RTX 4070 Ti,1.0
15628304384,2.7565,K60-extension,RTX 4070 Ti,1.0
15628959744,2.74118,K60-extension,RTX 4070 Ti,1.0
15629615104,2.59708,K60-extension,RTX 4070 Ti,1.0
15630270464,2.53202,K60-extension,RTX 4070 Ti,1.0
15630925824,2.71323,K60-extension,RTX 4070 Ti,1.0
15631581184,2.74758,K60-extension,RTX 4070 Ti,1.0
15632236544,2.44723,K60-extension,RTX 4070 Ti,1.0
15632891904,2.74011,K60-extension,RTX 4070 Ti,1.0
15633547264,2.75817,K60-extension,RTX 4070 Ti,1.0
15634202624,2.74599,K60-extension,RTX 4070 Ti,1.0
15634857984,2.86877,K60-extension,RTX 4070 Ti,1.0
15635513344,2.78475,K60-extension,RTX 4070 Ti,1.0
15636168704,2.6161,K60-extension,RTX 4070 Ti,1.0
15636824064,2.79562,K60-extension,RTX 4070 Ti,1.0
15637479424,2.67758,K60-extension,RTX 4070 Ti,1.0
15638134784,2.50163,K60-extension,RTX 4070 Ti,1.0
15638790144,2.78256,K60-extension,RTX 4070 Ti,1.0
15639445504,2.54981,K60-extension,RTX 4070 Ti,1.0
15640100864,2.80533,K60-extension,RTX 4070 Ti,1.0
15640756224,2.70557,K60-extension,RTX 4070 Ti,1.0
15641411584,2.65219,K60-extension,RTX 4070 Ti,1.0
15642066944,2.41308,K60-extension,RTX 4070 Ti,1.0
15642722304,2.65457,K60-extension,RTX 4070 Ti,1.0
15643377664,2.43815,K60-extension,RTX 4070 Ti,1.0
15644033024,2.57115,K60-extension,RTX 4070 Ti,1.0
15644688384,2.70182,K60-extension,RTX 4070 Ti,1.0
15645343744,2.47005,K60-extension,RTX 4070 Ti,1.0
15645999104,2.83039,K60-extension,RTX 4070 Ti,1.0
15646654464,2.74055,K60-extension,RTX 4070 Ti,1.0
15647309824,2.61238,K60-extension,RTX 4070 Ti,1.0
15647965184,2.80604,K60-extension,RTX 4070 Ti,1.0
15648620544,2.8204,K60-extension,RTX 4070 Ti,1.0
15649275904,2.68435,K60-extension,RTX 4070 Ti,1.0
15649931264,2.71903,K60-extension,RTX 4070 Ti,1.0
15650586624,2.7966,K60-extension,RTX 4070 Ti,1.0
15651241984,2.66972,K60-extension,RTX 4070 Ti,1.0
15651897344,2.63938,K60-extension,RTX 4070 Ti,1.0
15652552704,2.77604,K60-extension,RTX 4070 Ti,1.0
15653208064,2.68199,K60-extension,RTX 4070 Ti,1.0
15653863424,2.54836,K60-extension,RTX 4070 Ti,1.0
15654518784,2.8421,K60-extension,RTX 4070 Ti,1.0
15655174144,2.43057,K60-extension,RTX 4070 Ti,1.0
15655829504,2.76121,K60-extension,RTX 4070 Ti,1.0
15656484864,2.63102,K60-extension,RTX 4070 Ti,1.0
15657140224,2.60365,K60-extension,RTX 4070 Ti,1.0
15657795584,2.71533,K60-extension,RTX 4070 Ti,1.0
15658450944,2.89197,K60-extension,RTX 4070 Ti,1.0
15659106304,2.62762,K60-extension,RTX 4070 Ti,1.0
15659761664,2.82001,K60-extension,RTX 4070 Ti,1.0
15660417024,2.50551,K60-extension,RTX 4070 Ti,1.0
15661072384,2.58665,K60-extension,RTX 4070 Ti,1.0
15661727744,2.79182,K60-extension,RTX 4070 Ti,1.0
15662383104,2.85642,K60-extension,RTX 4070 Ti,1.0
15663038464,2.78115,K60-extension,RTX 4070 Ti,1.0
15663693824,2.66612,K60-extension,RTX 4070 Ti,1.0
15664349184,2.74212,K60-extension,RTX 4070 Ti,1.0
15665004544,2.79788,K60-extension,RTX 4070 Ti,1.0
15665659904,2.60555,K60-extension,RTX 4070 Ti,1.0
15666315264,2.61398,K60-extension,RTX 4070 Ti,1.0
15666970624,2.79347,K60-extension,RTX 4070 Ti,1.0
15667625984,2.6035,K60-extension,RTX 4070 Ti,1.0
15668281344,2.64216,K60-extension,RTX 4070 Ti,1.0
15668936704,2.78052,K60-extension,RTX 4070 Ti,1.0
15669592064,2.71004,K60-extension,RTX 4070 Ti,1.0
15670247424,2.57638,K60-extension,RTX 4070 Ti,1.0
15670902784,2.85277,K60-extension,RTX 4070 Ti,1.0
15671558144,2.78796,K60-extension,RTX 4070 Ti,1.0
15672213504,2.62328,K60-extension,RTX 4070 Ti,1.0
15672868864,2.70896,K60-extension,RTX 4070 Ti,1.0
15673524224,2.69033,K60-extension,RTX 4070 Ti,1.0
15674179584,2.64431,K60-extension,RTX 4070 Ti,1.0
15674834944,2.70924,K60-extension,RTX 4070 Ti,1.0
15675490304,2.99704,K60-extension,RTX 4070 Ti,1.0
15676145664,2.71596,K60-extension,RTX 4070 Ti,1.0
15676801024,2.91167,K60-extension,RTX 4070 Ti,1.0
15677456384,2.57041,K60-extension,RTX 4070 Ti,1.0
15678111744,2.53704,K60-extension,RTX 4070 Ti,1.0
15678767104,2.70939,K60-extension,RTX 4070 Ti,1.0
15679422464,2.6391,K60-extension,RTX 4070 Ti,1.0
15680077824,2.64793,K60-extension,RTX 4070 Ti,1.0
15680733184,2.71729,K60-extension,RTX 4070 Ti,1.0
15681388544,2.72043,K60-extension,RTX 4070 Ti,1.0
15682043904,2.55419,K60-extension,RTX 4070 Ti,1.0
15682699264,2.75103,K60-extension,RTX 4070 Ti,1.0
15683354624,2.68443,K60-extension,RTX 4070 Ti,1.0
15684009984,2.52898,K60-extension,RTX 4070 Ti,1.0
15684665344,2.67404,K60-extension,RTX 4070 Ti,1.0
15685320704,2.61713,K60-extension,RTX 4070 Ti,1.0
15685976064,2.90158,K60-extension,RTX 4070 Ti,1.0
15686631424,2.79916,K60-extension,RTX 4070 Ti,1.0
15687286784,2.74168,K60-extension,RTX 4070 Ti,1.0
15687942144,2.71608,K60-extension,RTX 4070 Ti,1.0
15688597504,2.81256,K60-extension,RTX 4070 Ti,1.0
15689252864,2.71463,K60-extension,RTX 4070 Ti,1.0
15689908224,2.73547,K60-extension,RTX 4070 Ti,1.0
15690563584,2.62798,K60-extension,RTX 4070 Ti,1.0
15691218944,2.39824,K60-extension,RTX 4070 Ti,1.0
15691874304,2.71666,K60-extension,RTX 4070 Ti,1.0
15692529664,2.81874,K60-extension,RTX 4070 Ti,1.0
15693185024,2.78281,K60-extension,RTX 4070 Ti,1.0
15693840384,2.7755,K60-extension,RTX 4070 Ti,1.0
15694495744,2.65699,K60-extension,RTX 4070 Ti,1.0
15695151104,2.66229,K60-extension,RTX 4070 Ti,1.0
15695806464,2.71039,K60-extension,RTX 4070 Ti,1.0
15696461824,2.61987,K60-extension,RTX 4070 Ti,1.0
15697117184,2.53838,K60-extension,RTX 4070 Ti,1.0
15697772544,2.76077,K60-extension,RTX 4070 Ti,1.0
15698427904,2.67005,K60-extension,RTX 4070 Ti,1.0
15699083264,2.6187,K60-extension,RTX 4070 Ti,1.0
15699738624,2.66395,K60-extension,RTX 4070 Ti,1.0
15700393984,2.58391,K60-extension,RTX 4070 Ti,1.0
15701049344,2.46656,K60-extension,RTX 4070 Ti,1.0
15701704704,2.68817,K60-extension,RTX 4070 Ti,1.0
15702360064,2.79537,K60-extension,RTX 4070 Ti,1.0
15703015424,2.65727,K60-extension,RTX 4070 Ti,1.0
15703670784,2.86687,K60-extension,RTX 4070 Ti,1.0
15704326144,2.6147,K60-extension,RTX 4070 Ti,1.0
15704981504,2.64958,K60-extension,RTX 4070 Ti,1.0
15705636864,2.7426,K60-extension,RTX 4070 Ti,1.0
15706292224,2.57848,K60-extension,RTX 4070 Ti,1.0
15706947584,2.75458,K60-extension,RTX 4070 Ti,1.0
15707602944,2.78888,K60-extension,RTX 4070 Ti,1.0
15708258304,2.66831,K60-extension,RTX 4070 Ti,1.0
15708913664,2.69188,K60-extension,RTX 4070 Ti,1.0
15709569024,2.98227,K60-extension,RTX 4070 Ti,1.0
15710224384,2.59487,K60-extension,RTX 4070 Ti,1.0
15710879744,2.66886,K60-extension,RTX 4070 Ti,1.0
15711535104,2.38857,K60-extension,RTX 4070 Ti,1.0
15712190464,2.82791,K60-extension,RTX 4070 Ti,1.0
15712845824,2.80205,K60-extension,RTX 4070 Ti,1.0
15713501184,2.7993,K60-extension,RTX 4070 Ti,1.0
15714156544,2.44311,K60-extension,RTX 4070 Ti,1.0
15714811904,2.66422,K60-extension,RTX 4070 Ti,1.0
15715467264,2.50827,K60-extension,RTX 4070 Ti,1.0
15716122624,2.6533,K60-extension,RTX 4070 Ti,1.0
15716777984,2.5562,K60-extension,RTX 4070 Ti,1.0
15717433344,2.67488,K60-extension,RTX 4070 Ti,1.0
15718088704,2.75238,K60-extension,RTX 4070 Ti,1.0
15718744064,2.51788,K60-extension,RTX 4070 Ti,1.0
15719399424,2.64794,K60-extension,RTX 4070 Ti,1.0
15720054784,2.46907,K60-extension,RTX 4070 Ti,1.0
15720710144,2.71803,K60-extension,RTX 4070 Ti,1.0
15721365504,2.68794,K60-extension,RTX 4070 Ti,1.0
15722020864,2.69031,K60-extension,RTX 4070 Ti,1.0
15722676224,2.64579,K60-extension,RTX 4070 Ti,1.0
15723331584,2.76043,K60-extension,RTX 4070 Ti,1.0
15723986944,2.51689,K60-extension,RTX 4070 Ti,1.0
15724642304,2.80426,K60-extension,RTX 4070 Ti,1.0
15725297664,2.67487,K60-extension,RTX 4070 Ti,1.0
15725953024,2.70307,K60-extension,RTX 4070 Ti,1.0
15726608384,2.72079,K60-extension,RTX 4070 Ti,1.0
15727263744,2.51406,K60-extension,RTX 4070 Ti,1.0
15727919104,2.55604,K60-extension,RTX 4070 Ti,1.0
15728574464,2.54362,K60-extension,RTX 4070 Ti,1.0
15729229824,2.58982,K60-extension,RTX 4070 Ti,1.0
15729885184,2.72534,K60-extension,RTX 4070 Ti,1.0
15730540544,2.82236,K60-extension,RTX 4070 Ti,1.0
15731195904,2.72286,K60-extension,RTX 4070 Ti,1.0
15731851264,2.77068,K60-extension,RTX 4070 Ti,1.0
15732506624,2.7764,K60-extension,RTX 4070 Ti,1.0
15733161984,2.47401,K60-extension,RTX 4070 Ti,1.0
15733817344,2.67239,K60-extension,RTX 4070 Ti,1.0
15734472704,2.56056,K60-extension,RTX 4070 Ti,1.0
15735128064,2.61477,K60-extension,RTX 4070 Ti,1.0
15735783424,2.81142,K60-extension,RTX 4070 Ti,1.0
15736438784,2.55225,K60-extension,RTX 4070 Ti,1.0
15737094144,2.49592,K60-extension,RTX 4070 Ti,1.0
15737749504,2.88724,K60-extension,RTX 4070 Ti,1.0
15738404864,2.71646,K60-extension,RTX 4070 Ti,1.0
15739060224,2.46334,K60-extension,RTX 4070 Ti,1.0
15739715584,2.54943,K60-extension,RTX 4070 Ti,1.0
15740370944,2.35329,K60-extension,RTX 4070 Ti,1.0
15741026304,2.68252,K60-extension,RTX 4070 Ti,1.0
15741681664,2.84742,K60-extension,RTX 4070 Ti,1.0
15742337024,2.68264,K60-extension,RTX 4070 Ti,1.0
15742992384,2.48929,K60-extension,RTX 4070 Ti,1.0
15743647744,2.88892,K60-extension,RTX 4070 Ti,1.0
15744303104,2.60247,K60-extension,RTX 4070 Ti,1.0
15744958464,2.67922,K60-extension,RTX 4070 Ti,1.0
15745613824,2.65409,K60-extension,RTX 4070 Ti,1.0
15746269184,2.54319,K60-extension,RTX 4070 Ti,1.0
15746924544,2.66705,K60-extension,RTX 4070 Ti,1.0
15747579904,2.86323,K60-extension,RTX 4070 Ti,1.0
15748235264,2.65556,K60-extension,RTX 4070 Ti,1.0
15748890624,2.54256,K60-extension,RTX 4070 Ti,1.0
15749545984,2.47079,K60-extension,RTX 4070 Ti,1.0
15750201344,2.43306,K60-extension,RTX 4070 Ti,1.0
15750856704,2.65567,K60-extension,RTX 4070 Ti,1.0
15751512064,2.48586,K60-extension,RTX 4070 Ti,1.0
15752167424,2.56789,K60-extension,RTX 4070 Ti,1.0
15752822784,2.73518,K60-extension,RTX 4070 Ti,1.0
15753478144,2.80557,K60-extension,RTX 4070 Ti,1.0
15754133504,2.71992,K60-extension,RTX 4070 Ti,1.0
15754788864,3.00564,K60-extension,RTX 4070 Ti,1.0
15755444224,2.85141,K60-extension,RTX 4070 Ti,1.0
15756099584,2.67718,K60-extension,RTX 4070 Ti,1.0
15756754944,2.8174,K60-extension,RTX 4070 Ti,1.0
15757410304,2.50199,K60-extension,RTX 4070 Ti,1.0
15758065664,2.56886,K60-extension,RTX 4070 Ti,1.0
15758721024,2.62772,K60-extension,RTX 4070 Ti,1.0
15759376384,2.8078,K60-extension,RTX 4070 Ti,1.0
15760031744,2.63131,K60-extension,RTX 4070 Ti,1.0
15760687104,2.71237,K60-extension,RTX 4070 Ti,1.0
15761342464,2.58938,K60-extension,RTX 4070 Ti,1.0
15761997824,2.72363,K60-extension,RTX 4070 Ti,1.0
15762653184,2.76831,K60-extension,RTX 4070 Ti,1.0
15763308544,2.58735,K60-extension,RTX 4070 Ti,1.0
15763963904,2.70857,K60-extension,RTX 4070 Ti,1.0
15764619264,2.89667,K60-extension,RTX 4070 Ti,1.0
15765274624,2.61967,K60-extension,RTX 4070 Ti,1.0
15765929984,2.54077,K60-extension,RTX 4070 Ti,1.0
15766585344,2.66297,K60-extension,RTX 4070 Ti,1.0
15767240704,2.43139,K60-extension,RTX 4070 Ti,1.0
15767896064,2.81165,K60-extension,RTX 4070 Ti,1.0
15768551424,2.98588,K60-extension,RTX 4070 Ti,1.0
15769206784,2.68565,K60-extension,RTX 4070 Ti,1.0
15769862144,2.72487,K60-extension,RTX 4070 Ti,1.0
15770517504,2.74562,K60-extension,RTX 4070 Ti,1.0
15771172864,2.63989,K60-extension,RTX 4070 Ti,1.0
15771828224,2.76118,K60-extension,RTX 4070 Ti,1.0
15772483584,2.61859,K60-extension,RTX 4070 Ti,1.0
15773138944,2.35795,K60-extension,RTX 4070 Ti,1.0
15773794304,2.61036,K60-extension,RTX 4070 Ti,1.0
15774449664,2.70548,K60-extension,RTX 4070 Ti,1.0
15775105024,2.53001,K60-extension,RTX 4070 Ti,1.0
15775760384,2.72072,K60-extension,RTX 4070 Ti,1.0
15776415744,2.58366,K60-extension,RTX 4070 Ti,1.0
15777071104,2.44228,K60-extension,RTX 4070 Ti,1.0
15777726464,2.63676,K60-extension,RTX 4070 Ti,1.0
15778381824,2.55172,K60-extension,RTX 4070 Ti,1.0
15779037184,2.55317,K60-extension,RTX 4070 Ti,1.0
15779692544,2.89543,K60-extension,RTX 4070 Ti,1.0
15780347904,2.42594,K60-extension,RTX 4070 Ti,1.0
15781003264,2.81926,K60-extension,RTX 4070 Ti,1.0
15781658624,2.78065,K60-extension,RTX 4070 Ti,1.0
15782313984,2.59486,K60-extension,RTX 4070 Ti,1.0
15782969344,2.71609,K60-extension,RTX 4070 Ti,1.0
15783624704,2.74574,K60-extension,RTX 4070 Ti,1.0
15784280064,2.72441,K60-extension,RTX 4070 Ti,1.0
15784935424,2.75569,K60-extension,RTX 4070 Ti,1.0
15785590784,2.86127,K60-extension,RTX 4070 Ti,1.0
15786246144,2.67118,K60-extension,RTX 4070 Ti,1.0
15786901504,2.74679,K60-extension,RTX 4070 Ti,1.0
15787556864,2.75726,K60-extension,RTX 4070 Ti,1.0
15788212224,2.84014,K60-extension,RTX 4070 Ti,1.0
15788867584,2.56611,K60-extension,RTX 4070 Ti,1.0
15789522944,2.59133,K60-extension,RTX 4070 Ti,1.0
15790178304,2.50757,K60-extension,RTX 4070 Ti,1.0
15790833664,2.92647,K60-extension,RTX 4070 Ti,1.0
15791489024,2.62632,K60-extension,RTX 4070 Ti,1.0
15792144384,2.75633,K60-extension,RTX 4070 Ti,1.0
15792799744,2.93449,K60-extension,RTX 4070 Ti,1.0
15793455104,2.58993,K60-extension,RTX 4070 Ti,1.0
15794110464,2.68072,K60-extension,RTX 4070 Ti,1.0
15794765824,2.64047,K60-extension,RTX 4070 Ti,1.0
15795421184,2.60753,K60-extension,RTX 4070 Ti,1.0
15796076544,2.59698,K60-extension,RTX 4070 Ti,1.0
15796731904,2.81944,K60-extension,RTX 4070 Ti,1.0
15797387264,2.77111,K60-extension,RTX 4070 Ti,1.0
15798042624,2.72678,K60-extension,RTX 4070 Ti,1.0
15798697984,2.71014,K60-extension,RTX 4070 Ti,1.0
15799353344,2.7138,K60-extension,RTX 4070 Ti,1.0
15800008704,2.45842,K60-extension,RTX 4070 Ti,1.0
15800664064,2.69676,K60-extension,RTX 4070 Ti,1.0
15801319424,2.62821,K60-extension,RTX 4070 Ti,1.0
15801974784,2.57671,K60-extension,RTX 4070 Ti,1.0
15802630144,2.9186,K60-extension,RTX 4070 Ti,1.0
15803285504,2.56377,K60-extension,RTX 4070 Ti,1.0
15803940864,2.81992,K60-extension,RTX 4070 Ti,1.0
15804596224,2.70884,K60-extension,RTX 4070 Ti,1.0
15805251584,2.52527,K60-extension,RTX 4070 Ti,1.0
15805906944,2.85673,K60-extension,RTX 4070 Ti,1.0
15806562304,2.57989,K60-extension,RTX 4070 Ti,1.0
15807217664,2.4705,K60-extension,RTX 4070 Ti,1.0
15807873024,2.63202,K60-extension,RTX 4070 Ti,1.0
15808528384,2.56,K60-extension,RTX 4070 Ti,1.0
15809183744,2.63195,K60-extension,RTX 4070 Ti,1.0
15809839104,2.63276,K60-extension,RTX 4070 Ti,1.0
15810494464,2.70359,K60-extension,RTX 4070 Ti,1.0
15811149824,2.61365,K60-extension,RTX 4070 Ti,1.0
15811805184,2.68973,K60-extension,RTX 4070 Ti,1.0
15812460544,2.60628,K60-extension,RTX 4070 Ti,1.0
15813115904,2.71731,K60-extension,RTX 4070 Ti,1.0
15813771264,2.72104,K60-extension,RTX 4070 Ti,1.0
15814426624,2.67245,K60-extension,RTX 4070 Ti,1.0
15815081984,2.56836,K60-extension,RTX 4070 Ti,1.0
15815737344,2.73565,K60-extension,RTX 4070 Ti,1.0
15816392704,2.62859,K60-extension,RTX 4070 Ti,1.0
15817048064,2.63117,K60-extension,RTX 4070 Ti,1.0
15817703424,2.6913,K60-extension,RTX 4070 Ti,1.0
15818358784,2.68786,K60-extension,RTX 4070 Ti,1.0
15819014144,2.67859,K60-extension,RTX 4070 Ti,1.0
15819669504,2.84487,K60-extension,RTX 4070 Ti,1.0
15820324864,2.80749,K60-extension,RTX 4070 Ti,1.0
15820980224,2.97701,K60-extension,RTX 4070 Ti,1.0
15821635584,2.97749,K60-extension,RTX 4070 Ti,1.0
15822290944,2.71812,K60-extension,RTX 4070 Ti,1.0
15822946304,2.63144,K60-extension,RTX 4070 Ti,1.0
15823601664,2.61103,K60-extension,RTX 4070 Ti,1.0
15824257024,2.65841,K60-extension,RTX 4070 Ti,1.0
15824912384,2.75492,K60-extension,RTX 4070 Ti,1.0
15825567744,2.65718,K60-extension,RTX 4070 Ti,1.0
15826223104,2.4915,K60-extension,RTX 4070 Ti,1.0
15826878464,2.52961,K60-extension,RTX 4070 Ti,1.0
15827533824,2.66776,K60-extension,RTX 4070 Ti,1.0
15828189184,2.65346,K60-extension,RTX 4070 Ti,1.0
15828844544,2.88829,K60-extension,RTX 4070 Ti,1.0
15829499904,2.84158,K60-extension,RTX 4070 Ti,1.0
15830155264,2.66615,K60-extension,RTX 4070 Ti,1.0
15830810624,2.799,K60-extension,RTX 4070 Ti,1.0
15831465984,2.5885,K60-extension,RTX 4070 Ti,1.0
15832121344,2.49177,K60-extension,RTX 4070 Ti,1.0
15832776704,2.81046,K60-extension,RTX 4070 Ti,1.0
15833432064,2.60356,K60-extension,RTX 4070 Ti,1.0
15834087424,2.64663,K60-extension,RTX 4070 Ti,1.0
15834742784,2.79846,K60-extension,RTX 4070 Ti,1.0
15835398144,2.70574,K60-extension,RTX 4070 Ti,1.0
15836053504,2.53829,K60-extension,RTX 4070 Ti,1.0
15836708864,2.75075,K60-extension,RTX 4070 Ti,1.0
15837364224,2.54253,K60-extension,RTX 4070 Ti,1.0
15838019584,2.62668,K60-extension,RTX 4070 Ti,1.0
15838674944,2.72712,K60-extension,RTX 4070 Ti,1.0
15839330304,2.79531,K60-extension,RTX 4070 Ti,1.0
15839985664,2.75209,K60-extension,RTX 4070 Ti,1.0
15840641024,2.79085,K60-extension,RTX 4070 Ti,1.0
15841296384,2.77953,K60-extension,RTX 4070 Ti,1.0
15841951744,2.74611,K60-extension,RTX 4070 Ti,1.0
15842607104,2.91033,K60-extension,RTX 4070 Ti,1.0
15843262464,2.42015,K60-extension,RTX 4070 Ti,1.0
15843917824,2.71936,K60-extension,RTX 4070 Ti,1.0
15844573184,2.87984,K60-extension,RTX 4070 Ti,1.0
15845228544,2.70269,K60-extension,RTX 4070 Ti,1.0
15845883904,2.54701,K60-extension,RTX 4070 Ti,1.0
15846539264,2.78987,K60-extension,RTX 4070 Ti,1.0
15847194624,2.72424,K60-extension,RTX 4070 Ti,1.0
15847849984,2.42993,K60-extension,RTX 4070 Ti,1.0
15848505344,2.81906,K60-extension,RTX 4070 Ti,1.0
15849160704,2.4634,K60-extension,RTX 4070 Ti,1.0
15849816064,2.84378,K60-extension,RTX 4070 Ti,1.0
15850471424,2.68275,K60-extension,RTX 4070 Ti,1.0
15851126784,2.56483,K60-extension,RTX 4070 Ti,1.0
15851782144,2.79763,K60-extension,RTX 4070 Ti,1.0
15852437504,2.60466,K60-extension,RTX 4070 Ti,1.0
15853092864,2.55835,K60-extension,RTX 4070 Ti,1.0
15853748224,2.86083,K60-extension,RTX 4070 Ti,1.0
15854403584,2.83729,K60-extension,RTX 4070 Ti,1.0
15855058944,2.50829,K60-extension,RTX 4070 Ti,1.0
15855714304,2.63298,K60-extension,RTX 4070 Ti,1.0
15856369664,2.73671,K60-extension,RTX 4070 Ti,1.0
15857025024,2.6302,K60-extension,RTX 4070 Ti,1.0
15857680384,2.73626,K60-extension,RTX 4070 Ti,1.0
15858335744,2.67892,K60-extension,RTX 4070 Ti,1.0
15858991104,2.82541,K60-extension,RTX 4070 Ti,1.0
15859646464,2.65629,K60-extension,RTX 4070 Ti,1.0
15860301824,2.62311,K60-extension,RTX 4070 Ti,1.0
15860957184,2.61356,K60-extension,RTX 4070 Ti,1.0
15861612544,2.48614,K60-extension,RTX 4070 Ti,1.0
15862267904,2.41216,K60-extension,RTX 4070 Ti,1.0
15862923264,2.60673,K60-extension,RTX 4070 Ti,1.0
15863578624,2.58994,K60-extension,RTX 4070 Ti,1.0
15864233984,2.51642,K60-extension,RTX 4070 Ti,1.0
15864889344,2.67018,K60-extension,RTX 4070 Ti,1.0
15865544704,2.73462,K60-extension,RTX 4070 Ti,1.0
15866200064,2.60827,K60-extension,RTX 4070 Ti,1.0
15866855424,2.6907,K60-extension,RTX 4070 Ti,1.0
15867510784,2.65772,K60-extension,RTX 4070 Ti,1.0
15868166144,2.63818,K60-extension,RTX 4070 Ti,1.0
15868821504,2.90425,K60-extension,RTX 4070 Ti,1.0
15869476864,2.37297,K60-extension,RTX 4070 Ti,1.0
15870132224,2.69594,K60-extension,RTX 4070 Ti,1.0
15870787584,2.8075,K60-extension,RTX 4070 Ti,1.0
15871442944,2.57529,K60-extension,RTX 4070 Ti,1.0
15872098304,2.67309,K60-extension,RTX 4070 Ti,1.0
15872753664,2.81693,K60-extension,RTX 4070 Ti,1.0
15873409024,2.58871,K60-extension,RTX 4070 Ti,1.0
15874064384,2.39782,K60-extension,RTX 4070 Ti,1.0
15874719744,2.8076,K60-extension,RTX 4070 Ti,1.0
15875375104,2.6488,K60-extension,RTX 4070 Ti,1.0
15876030464,2.73143,K60-extension,RTX 4070 Ti,1.0
15876685824,2.78465,K60-extension,RTX 4070 Ti,1.0
15877341184,2.65773,K60-extension,RTX 4070 Ti,1.0
15877996544,2.81938,K60-extension,RTX 4070 Ti,1.0
15878651904,2.84631,K60-extension,RTX 4070 Ti,1.0
15879307264,2.58468,K60-extension,RTX 4070 Ti,1.0
15879962624,2.76303,K60-extension,RTX 4070 Ti,1.0
15880617984,2.69709,K60-extension,RTX 4070 Ti,1.0
15881273344,2.50577,K60-extension,RTX 4070 Ti,1.0
15881928704,2.68117,K60-extension,RTX 4070 Ti,1.0
15882584064,2.74265,K60-extension,RTX 4070 Ti,1.0
15883239424,2.7449,K60-extension,RTX 4070 Ti,1.0
15883894784,2.49735,K60-extension,RTX 4070 Ti,1.0
15884550144,2.63691,K60-extension,RTX 4070 Ti,1.0
15885205504,2.51128,K60-extension,RTX 4070 Ti,1.0
15885860864,2.66231,K60-extension,RTX 4070 Ti,1.0
15886516224,2.70456,K60-extension,RTX 4070 Ti,1.0
15887171584,2.6271,K60-extension,RTX 4070 Ti,1.0
15887826944,2.71181,K60-extension,RTX 4070 Ti,1.0
15888482304,2.66234,K60-extension,RTX 4070 Ti,1.0
15889137664,2.65338,K60-extension,RTX 4070 Ti,1.0
15889793024,2.84996,K60-extension,RTX 4070 Ti,1.0
15890448384,2.85072,K60-extension,RTX 4070 Ti,1.0
15891103744,2.63561,K60-extension,RTX 4070 Ti,1.0
15891759104,2.55847,K60-extension,RTX 4070 Ti,1.0
15892414464,2.69704,K60-extension,RTX 4070 Ti,1.0
15893069824,2.45258,K60-extension,RTX 4070 Ti,1.0
15893725184,2.57286,K60-extension,RTX 4070 Ti,1.0
15894380544,2.68858,K60-extension,RTX 4070 Ti,1.0
15895035904,2.58289,K60-extension,RTX 4070 Ti,1.0
15895691264,2.70585,K60-extension,RTX 4070 Ti,1.0
15896346624,2.78728,K60-extension,RTX 4070 Ti,1.0
15897001984,2.64306,K60-extension,RTX 4070 Ti,1.0
15897657344,2.90186,K60-extension,RTX 4070 Ti,1.0
15898312704,2.53554,K60-extension,RTX 4070 Ti,1.0
15898968064,2.71647,K60-extension,RTX 4070 Ti,1.0
15899623424,2.66092,K60-extension,RTX 4070 Ti,1.0
15900278784,2.6757,K60-extension,RTX 4070 Ti,1.0
15900934144,2.73524,K60-extension,RTX 4070 Ti,1.0
15901589504,2.88019,K60-extension,RTX 4070 Ti,1.0
15902244864,2.59884,K60-extension,RTX 4070 Ti,1.0
15902900224,2.64487,K60-extension,RTX 4070 Ti,1.0
15903555584,2.62667,K60-extension,RTX 4070 Ti,1.0
15904210944,2.46356,K60-extension,RTX 4070 Ti,1.0
15904866304,2.89113,K60-extension,RTX 4070 Ti,1.0
15905521664,2.84092,K60-extension,RTX 4070 Ti,1.0
15906177024,2.57727,K60-extension,RTX 4070 Ti,1.0
15906832384,2.76117,K60-extension,RTX 4070 Ti,1.0
15907487744,2.46964,K60-extension,RTX 4070 Ti,1.0
15908143104,2.55142,K60-extension,RTX 4070 Ti,1.0
15908798464,2.68066,K60-extension,RTX 4070 Ti,1.0
15909453824,2.69649,K60-extension,RTX 4070 Ti,1.0
15910109184,2.75533,K60-extension,RTX 4070 Ti,1.0
15910764544,2.72645,K60-extension,RTX 4070 Ti,1.0
15911419904,2.88362,K60-extension,RTX 4070 Ti,1.0
15912075264,2.50659,K60-extension,RTX 4070 Ti,1.0
15912730624,2.52928,K60-extension,RTX 4070 Ti,1.0
15913385984,2.60342,K60-extension,RTX 4070 Ti,1.0
15914041344,2.66649,K60-extension,RTX 4070 Ti,1.0
15914696704,2.6323,K60-extension,RTX 4070 Ti,1.0
15915352064,2.57451,K60-extension,RTX 4070 Ti,1.0
15916007424,2.69804,K60-extension,RTX 4070 Ti,1.0
15916662784,2.60316,K60-extension,RTX 4070 Ti,1.0
15917318144,2.72073,K60-extension,RTX 4070 Ti,1.0
15917973504,2.70249,K60-extension,RTX 4070 Ti,1.0
15918628864,2.74314,K60-extension,RTX 4070 Ti,1.0
15919284224,2.51339,K60-extension,RTX 4070 Ti,1.0
15919939584,2.61352,K60-extension,RTX 4070 Ti,1.0
15920594944,2.6945,K60-extension,RTX 4070 Ti,1.0
15921250304,2.58596,K60-extension,RTX 4070 Ti,1.0
15921905664,2.65376,K60-extension,RTX 4070 Ti,1.0
15922561024,2.54653,K60-extension,RTX 4070 Ti,1.0
15923216384,2.1661,K60-extension,RTX 4070 Ti,1.0
15923871744,2.63661,K60-extension,RTX 4070 Ti,1.0
15924527104,2.624,K60-extension,RTX 4070 Ti,1.0
15925182464,2.4339,K60-extension,RTX 4070 Ti,1.0
15925837824,2.77087,K60-extension,RTX 4070 Ti,1.0
15926493184,2.81076,K60-extension,RTX 4070 Ti,1.0
15927148544,2.70418,K60-extension,RTX 4070 Ti,1.0
15927803904,2.79986,K60-extension,RTX 4070 Ti,1.0
15928459264,2.50204,K60-extension,RTX 4070 Ti,1.0
15929114624,2.5103,K60-extension,RTX 4070 Ti,1.0
15929769984,2.75947,K60-extension,RTX 4070 Ti,1.0
15930425344,2.83369,K60-extension,RTX 4070 Ti,1.0
15931080704,2.56763,K60-extension,RTX 4070 Ti,1.0
15931736064,2.66686,K60-extension,RTX 4070 Ti,1.0
15932391424,2.68781,K60-extension,RTX 4070 Ti,1.0
15933046784,2.66414,K60-extension,RTX 4070 Ti,1.0
15933702144,2.64649,K60-extension,RTX 4070 Ti,1.0
15934357504,2.56976,K60-extension,RTX 4070 Ti,1.0
15935012864,2.77797,K60-extension,RTX 4070 Ti,1.0
15935668224,2.60577,K60-extension,RTX 4070 Ti,1.0
15936323584,2.48676,K60-extension,RTX 4070 Ti,1.0
15936978944,2.77837,K60-extension,RTX 4070 Ti,1.0
15937634304,2.91855,K60-extension,RTX 4070 Ti,1.0
15938289664,2.56391,K60-extension,RTX 4070 Ti,1.0
15938945024,2.90848,K60-extension,RTX 4070 Ti,1.0
15939600384,2.73978,K60-extension,RTX 4070 Ti,1.0
15940255744,2.55049,K60-extension,RTX 4070 Ti,1.0
15940911104,2.70881,K60-extension,RTX 4070 Ti,1.0
15941566464,2.67294,K60-extension,RTX 4070 Ti,1.0
15942221824,2.59646,K60-extension,RTX 4070 Ti,1.0
15942877184,2.74555,K60-extension,RTX 4070 Ti,1.0
15943532544,2.66424,K60-extension,RTX 4070 Ti,1.0
15944187904,2.49839,K60-extension,RTX 4070 Ti,1.0
15944843264,2.64217,K60-extension,RTX 4070 Ti,1.0
15945498624,2.44445,K60-extension,RTX 4070 Ti,1.0
15946153984,2.47777,K60-extension,RTX 4070 Ti,1.0
15946809344,2.7007,K60-extension,RTX 4070 Ti,1.0
15947464704,2.65835,K60-extension,RTX 4070 Ti,1.0
15948120064,2.3481,K60-extension,RTX 4070 Ti,1.0
15948775424,2.77454,K60-extension,RTX 4070 Ti,1.0
15949430784,2.73975,K60-extension,RTX 4070 Ti,1.0
15950086144,2.65118,K60-extension,RTX 4070 Ti,1.0
15950741504,2.61666,K60-extension,RTX 4070 Ti,1.0
15951396864,2.76337,K60-extension,RTX 4070 Ti,1.0
15952052224,2.81582,K60-extension,RTX 4070 Ti,1.0
15952707584,2.63742,K60-extension,RTX 4070 Ti,1.0
15953362944,2.5078,K60-extension,RTX 4070 Ti,1.0
15954018304,2.57131,K60-extension,RTX 4070 Ti,1.0
15954673664,2.7558,K60-extension,RTX 4070 Ti,1.0
15955329024,2.53408,K60-extension,RTX 4070 Ti,1.0
15955984384,2.73037,K60-extension,RTX 4070 Ti,1.0
15956639744,2.69983,K60-extension,RTX 4070 Ti,1.0
15957295104,2.68508,K60-extension,RTX 4070 Ti,1.0
15957950464,2.73278,K60-extension,RTX 4070 Ti,1.0
15958605824,2.5958,K60-extension,RTX 4070 Ti,1.0
15959261184,2.60475,K60-extension,RTX 4070 Ti,1.0
15959916544,2.62514,K60-extension,RTX 4070 Ti,1.0
15960571904,2.99926,K60-extension,RTX 4070 Ti,1.0
15961227264,2.65766,K60-extension,RTX 4070 Ti,1.0
15961882624,2.65,K60-extension,RTX 4070 Ti,1.0
15962537984,2.62315,K60-extension,RTX 4070 Ti,1.0
15963193344,2.66032,K60-extension,RTX 4070 Ti,1.0
15963848704,2.71639,K60-extension,RTX 4070 Ti,1.0
15964504064,3.02833,K60-extension,RTX 4070 Ti,1.0
15965159424,2.56272,K60-extension,RTX 4070 Ti,1.0
15965814784,2.70116,K60-extension,RTX 4070 Ti,1.0
15966470144,2.69567,K60-extension,RTX 4070 Ti,1.0
15967125504,2.48898,K60-extension,RTX 4070 Ti,1.0
15967780864,2.77851,K60-extension,RTX 4070 Ti,1.0
15968436224,2.49448,K60-extension,RTX 4070 Ti,1.0
15969091584,2.59108,K60-extension,RTX 4070 Ti,1.0
15969746944,2.50317,K60-extension,RTX 4070 Ti,1.0
15970402304,2.63012,K60-extension,RTX 4070 Ti,1.0
15971057664,2.5518,K60-extension,RTX 4070 Ti,1.0
15971713024,2.78898,K60-extension,RTX 4070 Ti,1.0
15972368384,2.69254,K60-extension,RTX 4070 Ti,1.0
15973023744,2.79578,K60-extension,RTX 4070 Ti,1.0
15973679104,2.7581,K60-extension,RTX 4070 Ti,1.0
15974334464,2.47723,K60-extension,RTX 4070 Ti,1.0
15974989824,2.80846,K60-extension,RTX 4070 Ti,1.0
15975645184,2.81597,K60-extension,RTX 4070 Ti,1.0
15976300544,2.59613,K60-extension,RTX 4070 Ti,1.0
15976955904,2.67696,K60-extension,RTX 4070 Ti,1.0
15977611264,2.71347,K60-extension,RTX 4070 Ti,1.0
15978266624,2.53432,K60-extension,RTX 4070 Ti,1.0
15978921984,2.52383,K60-extension,RTX 4070 Ti,1.0
15979577344,2.81448,K60-extension,RTX 4070 Ti,1.0
15980232704,2.49572,K60-extension,RTX 4070 Ti,1.0
15980888064,2.66238,K60-extension,RTX 4070 Ti,1.0
15981543424,2.68952,K60-extension,RTX 4070 Ti,1.0
15982198784,2.49672,K60-extension,RTX 4070 Ti,1.0
15982854144,2.87831,K60-extension,RTX 4070 Ti,1.0
15983509504,2.69159,K60-extension,RTX 4070 Ti,1.0
15984164864,2.47606,K60-extension,RTX 4070 Ti,1.0
15984820224,2.73166,K60-extension,RTX 4070 Ti,1.0
15985475584,2.63662,K60-extension,RTX 4070 Ti,1.0
15986130944,2.66886,K60-extension,RTX 4070 Ti,1.0
15986786304,2.80142,K60-extension,RTX 4070 Ti,1.0
15987441664,2.84648,K60-extension,RTX 4070 Ti,1.0
15988097024,2.59697,K60-extension,RTX 4070 Ti,1.0
15988752384,2.68809,K60-extension,RTX 4070 Ti,1.0
15989407744,2.61614,K60-extension,RTX 4070 Ti,1.0
15990063104,2.76643,K60-extension,RTX 4070 Ti,1.0
15990718464,2.68288,K60-extension,RTX 4070 Ti,1.0
15991373824,2.71164,K60-extension,RTX 4070 Ti,1.0
15992029184,2.71041,K60-extension,RTX 4070 Ti,1.0
15992684544,2.90168,K60-extension,RTX 4070 Ti,1.0
15993339904,2.62125,K60-extension,RTX 4070 Ti,1.0
15993995264,2.64069,K60-extension,RTX 4070 Ti,1.0
15994650624,2.63668,K60-extension,RTX 4070 Ti,1.0
15995305984,2.56293,K60-extension,RTX 4070 Ti,1.0
15995961344,2.63802,K60-extension,RTX 4070 Ti,1.0
15996616704,2.72752,K60-extension,RTX 4070 Ti,1.0
15997272064,2.50877,K60-extension,RTX 4070 Ti,1.0
15997927424,2.88169,K60-extension,RTX 4070 Ti,1.0
15998582784,2.75574,K60-extension,RTX 4070 Ti,1.0
15999238144,2.78868,K60-extension,RTX 4070 Ti,1.0
15999893504,2.7678,K60-extension,RTX 4070 Ti,1.0
16000548864,2.62236,K60-extension,RTX 4070 Ti,1.0
16001204224,2.59349,K60-extension,RTX 4070 Ti,1.0
16001859584,2.83233,K60-extension,RTX 4070 Ti,1.0
16002514944,2.79679,K60-extension,RTX 4070 Ti,1.0
16003170304,2.73313,K60-extension,RTX 4070 Ti,1.0
16003825664,2.78165,K60-extension,RTX 4070 Ti,1.0
16004481024,2.60952,K60-extension,RTX 4070 Ti,1.0
16005136384,2.52354,K60-extension,RTX 4070 Ti,1.0
16005791744,2.63458,K60-extension,RTX 4070 Ti,1.0
16006447104,2.67538,K60-extension,RTX 4070 Ti,1.0
16007102464,2.56797,K60-extension,RTX 4070 Ti,1.0
16007757824,2.65135,K60-extension,RTX 4070 Ti,1.0
16008413184,2.60332,K60-extension,RTX 4070 Ti,1.0
16009068544,2.55144,K60-extension,RTX 4070 Ti,1.0
16009723904,2.81947,K60-extension,RTX 4070 Ti,1.0
16010379264,2.6079,K60-extension,RTX 4070 Ti,1.0
16011034624,2.76706,K60-extension,RTX 4070 Ti,1.0
16011689984,2.47908,K60-extension,RTX 4070 Ti,1.0
16012345344,2.70121,K60-extension,RTX 4070 Ti,1.0
16013000704,2.81819,K60-extension,RTX 4070 Ti,1.0
16013656064,2.61615,K60-extension,RTX 4070 Ti,1.0
16014311424,2.68708,K60-extension,RTX 4070 Ti,1.0
16014966784,2.59741,K60-extension,RTX 4070 Ti,1.0
16015622144,2.66345,K60-extension,RTX 4070 Ti,1.0
16016277504,2.60658,K60-extension,RTX 4070 Ti,1.0
16016932864,2.62238,K60-extension,RTX 4070 Ti,1.0
16017588224,2.94149,K60-extension,RTX 4070 Ti,1.0
16018243584,2.57112,K60-extension,RTX 4070 Ti,1.0
16018898944,2.37779,K60-extension,RTX 4070 Ti,1.0
16019554304,2.5506,K60-extension,RTX 4070 Ti,1.0
16020209664,2.73429,K60-extension,RTX 4070 Ti,1.0
16020865024,2.63382,K60-extension,RTX 4070 Ti,1.0
16021520384,2.72847,K60-extension,RTX 4070 Ti,1.0
16022175744,2.39893,K60-extension,RTX 4070 Ti,1.0
16022831104,2.77359,K60-extension,RTX 4070 Ti,1.0
16023486464,2.60592,K60-extension,RTX 4070 Ti,1.0
16024141824,2.50581,K60-extension,RTX 4070 Ti,1.0
16024797184,2.73337,K60-extension,RTX 4070 Ti,1.0
16025452544,2.41269,K60-extension,RTX 4070 Ti,1.0
16026107904,2.58295,K60-extension,RTX 4070 Ti,1.0
16026763264,2.68586,K60-extension,RTX 4070 Ti,1.0
16027418624,2.6042,K60-extension,RTX 4070 Ti,1.0
16028073984,2.61136,K60-extension,RTX 4070 Ti,1.0
16028729344,2.57002,K60-extension,RTX 4070 Ti,1.0
16029384704,2.58479,K60-extension,RTX 4070 Ti,1.0
16030040064,2.71864,K60-extension,RTX 4070 Ti,1.0
16030695424,2.62661,K60-extension,RTX 4070 Ti,1.0
16031350784,2.68836,K60-extension,RTX 4070 Ti,1.0
16032006144,2.72965,K60-extension,RTX 4070 Ti,1.0
16032661504,2.83601,K60-extension,RTX 4070 Ti,1.0
16033316864,2.46595,K60-extension,RTX 4070 Ti,1.0
16033972224,2.80601,K60-extension,RTX 4070 Ti,1.0
16034627584,2.72227,K60-extension,RTX 4070 Ti,1.0
16035282944,2.56262,K60-extension,RTX 4070 Ti,1.0
16035938304,2.53678,K60-extension,RTX 4070 Ti,1.0
16036593664,2.85687,K60-extension,RTX 4070 Ti,1.0
16037249024,2.52985,K60-extension,RTX 4070 Ti,1.0
16037904384,2.54593,K60-extension,RTX 4070 Ti,1.0
16038559744,2.47967,K60-extension,RTX 4070 Ti,1.0
16039215104,2.42566,K60-extension,RTX 4070 Ti,1.0
16039870464,2.71526,K60-extension,RTX 4070 Ti,1.0
16040525824,2.64392,K60-extension,RTX 4070 Ti,1.0
16041181184,2.74034,K60-extension,RTX 4070 Ti,1.0
16041836544,2.7726,K60-extension,RTX 4070 Ti,1.0
16042491904,2.81858,K60-extension,RTX 4070 Ti,1.0
16043147264,2.88361,K60-extension,RTX 4070 Ti,1.0
16043802624,2.80602,K60-extension,RTX 4070 Ti,1.0
16044457984,2.5157,K60-extension,RTX 4070 Ti,1.0
16045113344,2.58428,K60-extension,RTX 4070 Ti,1.0
16045768704,2.69867,K60-extension,RTX 4070 Ti,1.0
16046424064,2.73895,K60-extension,RTX 4070 Ti,1.0
16047079424,2.48346,K60-extension,RTX 4070 Ti,1.0
16047734784,2.71043,K60-extension,RTX 4070 Ti,1.0
16048390144,2.67918,K60-extension,RTX 4070 Ti,1.0
16049045504,2.80618,K60-extension,RTX 4070 Ti,1.0
16049700864,2.43844,K60-extension,RTX 4070 Ti,1.0
16050356224,2.60271,K60-extension,RTX 4070 Ti,1.0
16051011584,2.66691,K60-extension,RTX 4070 Ti,1.0
16051666944,2.74309,K60-extension,RTX 4070 Ti,1.0
16052322304,2.54427,K60-extension,RTX 4070 Ti,1.0
16052977664,2.81436,K60-extension,RTX 4070 Ti,1.0
16053633024,2.74884,K60-extension,RTX 4070 Ti,1.0
16054288384,2.42902,K60-extension,RTX 4070 Ti,1.0
16054943744,2.66999,K60-extension,RTX 4070 Ti,1.0
16055599104,2.82644,K60-extension,RTX 4070 Ti,1.0
16056254464,2.60578,K60-extension,RTX 4070 Ti,1.0
16056909824,2.5828,K60-extension,RTX 4070 Ti,1.0
16057565184,2.64841,K60-extension,RTX 4070 Ti,1.0
16058220544,2.55975,K60-extension,RTX 4070 Ti,1.0
16058875904,2.61136,K60-extension,RTX 4070 Ti,1.0
16059531264,2.81973,K60-extension,RTX 4070 Ti,1.0
16060186624,2.5957,K60-extension,RTX 4070 Ti,1.0
16060841984,2.72927,K60-extension,RTX 4070 Ti,1.0
16061497344,2.77393,K60-extension,RTX 4070 Ti,1.0
16062152704,2.66499,K60-extension,RTX 4070 Ti,1.0
16062808064,2.71792,K60-extension,RTX 4070 Ti,1.0
16063463424,2.77108,K60-extension,RTX 4070 Ti,1.0
16064118784,2.62025,K60-extension,RTX 4070 Ti,1.0
16064774144,2.58455,K60-extension,RTX 4070 Ti,1.0
16065429504,2.6309,K60-extension,RTX 4070 Ti,1.0
16066084864,2.3638,K60-extension,RTX 4070 Ti,1.0
16066740224,2.65609,K60-extension,RTX 4070 Ti,1.0
16067395584,2.87509,K60-extension,RTX 4070 Ti,1.0
16068050944,2.57733,K60-extension,RTX 4070 Ti,1.0
16068706304,2.70153,K60-extension,RTX 4070 Ti,1.0
16069361664,2.47297,K60-extension,RTX 4070 Ti,1.0
16070017024,2.76512,K60-extension,RTX 4070 Ti,1.0
16070672384,2.72767,K60-extension,RTX 4070 Ti,1.0
16071327744,2.59806,K60-extension,RTX 4070 Ti,1.0
16071983104,2.75791,K60-extension,RTX 4070 Ti,1.0
16072638464,2.98315,K60-extension,RTX 4070 Ti,1.0
16073293824,2.40142,K60-extension,RTX 4070 Ti,1.0
16073949184,2.71474,K60-extension,RTX 4070 Ti,1.0
16074604544,2.73623,K60-extension,RTX 4070 Ti,1.0
16075259904,2.56927,K60-extension,RTX 4070 Ti,1.0
16075915264,2.85491,K60-extension,RTX 4070 Ti,1.0
16076570624,2.55351,K60-extension,RTX 4070 Ti,1.0
16077225984,2.60806,K60-extension,RTX 4070 Ti,1.0
16077881344,2.58282,K60-extension,RTX 4070 Ti,1.0
16078536704,2.56669,K60-extension,RTX 4070 Ti,1.0
16079192064,2.85035,K60-extension,RTX 4070 Ti,1.0
16079847424,2.64744,K60-extension,RTX 4070 Ti,1.0
16080502784,2.62653,K60-extension,RTX 4070 Ti,1.0
16081158144,2.90711,K60-extension,RTX 4070 Ti,1.0
16081813504,2.63584,K60-extension,RTX 4070 Ti,1.0
16082468864,2.67244,K60-extension,RTX 4070 Ti,1.0
16083124224,2.53748,K60-extension,RTX 4070 Ti,1.0
16083779584,2.76142,K60-extension,RTX 4070 Ti,1.0
16084434944,2.70377,K60-extension,RTX 4070 Ti,1.0
16085090304,2.59578,K60-extension,RTX 4070 Ti,1.0
16085745664,2.61486,K60-extension,RTX 4070 Ti,1.0
16086401024,2.70886,K60-extension,RTX 4070 Ti,1.0
16087056384,2.76981,K60-extension,RTX 4070 Ti,1.0
16087711744,2.62621,K60-extension,RTX 4070 Ti,1.0
16088367104,2.52433,K60-extension,RTX 4070 Ti,1.0
16089022464,2.69757,K60-extension,RTX 4070 Ti,1.0
16089677824,2.71214,K60-extension,RTX 4070 Ti,1.0
16090333184,2.58023,K60-extension,RTX 4070 Ti,1.0
16090988544,2.60136,K60-extension,RTX 4070 Ti,1.0
16091643904,2.79099,K60-extension,RTX 4070 Ti,1.0
16092299264,3.02701,K60-extension,RTX 4070 Ti,1.0
16092954624,2.6418,K60-extension,RTX 4070 Ti,1.0
16093609984,2.82284,K60-extension,RTX 4070 Ti,1.0
16094265344,2.43126,K60-extension,RTX 4070 Ti,1.0
16094920704,2.54702,K60-extension,RTX 4070 Ti,1.0
16095576064,2.99579,K60-extension,RTX 4070 Ti,1.0
16096231424,2.68351,K60-extension,RTX 4070 Ti,1.0
16096886784,2.7055,K60-extension,RTX 4070 Ti,1.0
16097542144,2.7458,K60-extension,RTX 4070 Ti,1.0
16098197504,2.83306,K60-extension,RTX 4070 Ti,1.0
16098852864,2.63901,K60-extension,RTX 4070 Ti,1.0
16099508224,2.80695,K60-extension,RTX 4070 Ti,1.0
16100163584,2.66762,K60-extension,RTX 4070 Ti,1.0
16100818944,2.65974,K60-extension,RTX 4070 Ti,1.0
16101474304,2.49323,K60-extension,RTX 4070 Ti,1.0
16102129664,2.66492,K60-extension,RTX 4070 Ti,1.0
16102785024,2.68023,K60-extension,RTX 4070 Ti,1.0
16103440384,2.62297,K60-extension,RTX 4070 Ti,1.0
16104095744,2.5164,K60-extension,RTX 4070 Ti,1.0
16104751104,2.66058,K60-extension,RTX 4070 Ti,1.0
16105406464,2.81743,K60-extension,RTX 4070 Ti,1.0
16106061824,2.45879,K60-extension,RTX 4070 Ti,1.0
16106717184,2.62852,K60-extension,RTX 4070 Ti,1.0
16107372544,2.63784,K60-extension,RTX 4070 Ti,1.0
16108027904,2.74396,K60-extension,RTX 4070 Ti,1.0
16108683264,2.84621,K60-extension,RTX 4070 Ti,1.0
16109338624,2.5852,K60-extension,RTX 4070 Ti,1.0
16109993984,2.69204,K60-extension,RTX 4070 Ti,1.0
16110649344,2.96309,K60-extension,RTX 4070 Ti,1.0
16111304704,2.55783,K60-extension,RTX 4070 Ti,1.0
16111960064,2.50358,K60-extension,RTX 4070 Ti,1.0
16112615424,2.66557,K60-extension,RTX 4070 Ti,1.0
16113270784,2.51231,K60-extension,RTX 4070 Ti,1.0
16113926144,2.53259,K60-extension,RTX 4070 Ti,1.0
16114581504,2.65525,K60-extension,RTX 4070 Ti,1.0
16115236864,2.61057,K60-extension,RTX 4070 Ti,1.0
16115892224,2.50704,K60-extension,RTX 4070 Ti,1.0
16116547584,2.54858,K60-extension,RTX 4070 Ti,1.0
16117202944,2.67381,K60-extension,RTX 4070 Ti,1.0
16117858304,2.72923,K60-extension,RTX 4070 Ti,1.0
16118513664,2.70929,K60-extension,RTX 4070 Ti,1.0
16119169024,2.75713,K60-extension,RTX 4070 Ti,1.0
16119824384,2.72619,K60-extension,RTX 4070 Ti,1.0
16120479744,2.72451,K60-extension,RTX 4070 Ti,1.0
16121135104,2.54521,K60-extension,RTX 4070 Ti,1.0
16121790464,2.64075,K60-extension,RTX 4070 Ti,1.0
16122445824,2.75768,K60-extension,RTX 4070 Ti,1.0
16123101184,2.42841,K60-extension,RTX 4070 Ti,1.0
16123756544,2.64331,K60-extension,RTX 4070 Ti,1.0
16124411904,2.7543,K60-extension,RTX 4070 Ti,1.0
16125067264,2.60116,K60-extension,RTX 4070 Ti,1.0
16125722624,2.75994,K60-extension,RTX 4070 Ti,1.0
16126377984,2.52389,K60-extension,RTX 4070 Ti,1.0
16127033344,2.63765,K60-extension,RTX 4070 Ti,1.0
16127688704,2.92889,K60-extension,RTX 4070 Ti,1.0
16128344064,2.65631,K60-extension,RTX 4070 Ti,1.0
16128999424,2.77291,K60-extension,RTX 4070 Ti,1.0
16129654784,2.75704,K60-extension,RTX 4070 Ti,1.0
16130310144,2.58181,K60-extension,RTX 4070 Ti,1.0
16130965504,2.66035,K60-extension,RTX 4070 Ti,1.0
16131620864,2.57436,K60-extension,RTX 4070 Ti,1.0
16132276224,2.90081,K60-extension,RTX 4070 Ti,1.0
16132931584,2.73432,K60-extension,RTX 4070 Ti,1.0
16133586944,2.78917,K60-extension,RTX 4070 Ti,1.0
16134242304,2.72829,K60-extension,RTX 4070 Ti,1.0
16134897664,2.62503,K60-extension,RTX 4070 Ti,1.0
16135553024,2.68109,K60-extension,RTX 4070 Ti,1.0
16136208384,2.41805,K60-extension,RTX 4070 Ti,1.0
16136863744,2.72741,K60-extension,RTX 4070 Ti,1.0
16137519104,2.69462,K60-extension,RTX 4070 Ti,1.0
16138174464,2.53161,K60-extension,RTX 4070 Ti,1.0
16138829824,2.64086,K60-extension,RTX 4070 Ti,1.0
16139485184,2.87575,K60-extension,RTX 4070 Ti,1.0
16140140544,2.66577,K60-extension,RTX 4070 Ti,1.0
16140795904,2.62666,K60-extension,RTX 4070 Ti,1.0
16141451264,2.77003,K60-extension,RTX 4070 Ti,1.0
16142106624,2.52456,K60-extension,RTX 4070 Ti,1.0
16142761984,2.61796,K60-extension,RTX 4070 Ti,1.0
16143417344,2.86484,K60-extension,RTX 4070 Ti,1.0
16144072704,2.49573,K60-extension,RTX 4070 Ti,1.0
16144728064,2.73887,K60-extension,RTX 4070 Ti,1.0
16145383424,2.54062,K60-extension,RTX 4070 Ti,1.0
16146038784,2.62378,K60-extension,RTX 4070 Ti,1.0
16146694144,2.69943,K60-extension,RTX 4070 Ti,1.0
16147349504,2.74323,K60-extension,RTX 4070 Ti,1.0
16148004864,2.5197,K60-extension,RTX 4070 Ti,1.0
16148660224,2.75886,K60-extension,RTX 4070 Ti,1.0
16149315584,2.63341,K60-extension,RTX 4070 Ti,1.0
16149970944,2.50604,K60-extension,RTX 4070 Ti,1.0
16150626304,2.77609,K60-extension,RTX 4070 Ti,1.0
16151281664,2.48387,K60-extension,RTX 4070 Ti,1.0
16151937024,2.48652,K60-extension,RTX 4070 Ti,1.0
16152592384,2.94913,K60-extension,RTX 4070 Ti,1.0
16153247744,2.54745,K60-extension,RTX 4070 Ti,1.0
16153903104,2.65893,K60-extension,RTX 4070 Ti,1.0
16154558464,2.78654,K60-extension,RTX 4070 Ti,1.0
16155213824,2.49788,K60-extension,RTX 4070 Ti,1.0
16155869184,2.76349,K60-extension,RTX 4070 Ti,1.0
16156524544,2.76673,K60-extension,RTX 4070 Ti,1.0
16157179904,2.66635,K60-extension,RTX 4070 Ti,1.0
16157835264,2.71878,K60-extension,RTX 4070 Ti,1.0
16158490624,2.48929,K60-extension,RTX 4070 Ti,1.0
16159145984,2.74391,K60-extension,RTX 4070 Ti,1.0
16159801344,2.93406,K60-extension,RTX 4070 Ti,1.0
16160456704,2.71303,K60-extension,RTX 4070 Ti,1.0
16161112064,2.51351,K60-extension,RTX 4070 Ti,1.0
16161767424,2.60413,K60-extension,RTX 4070 Ti,1.0
16162422784,2.6402,K60-extension,RTX 4070 Ti,1.0
16163078144,2.59935,K60-extension,RTX 4070 Ti,1.0
16163733504,2.56789,K60-extension,RTX 4070 Ti,1.0
16164388864,2.75441,K60-extension,RTX 4070 Ti,1.0
16165044224,2.71229,K60-extension,RTX 4070 Ti,1.0
16165699584,2.81086,K60-extension,RTX 4070 Ti,1.0
16166354944,2.72479,K60-extension,RTX 4070 Ti,1.0
16167010304,2.82287,K60-extension,RTX 4070 Ti,1.0
16167665664,2.69441,K60-extension,RTX 4070 Ti,1.0
16168321024,2.46236,K60-extension,RTX 4070 Ti,1.0
16168976384,2.61941,K60-extension,RTX 4070 Ti,1.0
16169631744,2.64964,K60-extension,RTX 4070 Ti,1.0
16170287104,2.36008,K60-extension,RTX 4070 Ti,1.0
16170942464,2.57586,K60-extension,RTX 4070 Ti,1.0
16171597824,2.9202,K60-extension,RTX 4070 Ti,1.0
16172253184,2.70611,K60-extension,RTX 4070 Ti,1.0
16172908544,2.64824,K60-extension,RTX 4070 Ti,1.0
16173563904,2.5923,K60-extension,RTX 4070 Ti,1.0
16174219264,2.68654,K60-extension,RTX 4070 Ti,1.0
16174874624,2.5502,K60-extension,RTX 4070 Ti,1.0
16175529984,2.45641,K60-extension,RTX 4070 Ti,1.0
16176185344,2.8178,K60-extension,RTX 4070 Ti,1.0
16176840704,2.78982,K60-extension,RTX 4070 Ti,1.0
16177496064,2.76685,K60-extension,RTX 4070 Ti,1.0
16178151424,2.68289,K60-extension,RTX 4070 Ti,1.0
16178806784,2.73372,K60-extension,RTX 4070 Ti,1.0
16179462144,2.65439,K60-extension,RTX 4070 Ti,1.0
16180117504,2.52888,K60-extension,RTX 4070 Ti,1.0
16180772864,2.79255,K60-extension,RTX 4070 Ti,1.0
16181428224,2.64617,K60-extension,RTX 4070 Ti,1.0
16182083584,2.59517,K60-extension,RTX 4070 Ti,1.0
16182738944,2.55975,K60-extension,RTX 4070 Ti,1.0
16183394304,2.86615,K60-extension,RTX 4070 Ti,1.0
16184049664,2.53158,K60-extension,RTX 4070 Ti,1.0
16184705024,2.81002,K60-extension,RTX 4070 Ti,1.0
16185360384,2.66747,K60-extension,RTX 4070 Ti,1.0
16186015744,2.51302,K60-extension,RTX 4070 Ti,1.0
16186671104,2.4884,K60-extension,RTX 4070 Ti,1.0
16187326464,2.5388,K60-extension,RTX 4070 Ti,1.0
16187981824,2.89583,K60-extension,RTX 4070 Ti,1.0
16188637184,2.83655,K60-extension,RTX 4070 Ti,1.0
16189292544,2.67858,K60-extension,RTX 4070 Ti,1.0
16189947904,2.47647,K60-extension,RTX 4070 Ti,1.0
16190603264,2.74352,K60-extension,RTX 4070 Ti,1.0
16191258624,2.45809,K60-extension,RTX 4070 Ti,1.0
16191913984,2.67691,K60-extension,RTX 4070 Ti,1.0
16192569344,2.62237,K60-extension,RTX 4070 Ti,1.0
16193224704,2.63527,K60-extension,RTX 4070 Ti,1.0
16193880064,2.59386,K60-extension,RTX 4070 Ti,1.0
16194535424,2.75732,K60-extension,RTX 4070 Ti,1.0
16195190784,2.68397,K60-extension,RTX 4070 Ti,1.0
16195846144,2.80453,K60-extension,RTX 4070 Ti,1.0
16196501504,2.53219,K60-extension,RTX 4070 Ti,1.0
16197156864,2.4518,K60-extension,RTX 4070 Ti,1.0
16197812224,2.79836,K60-extension,RTX 4070 Ti,1.0
16198467584,2.65773,K60-extension,RTX 4070 Ti,1.0
16199122944,2.58157,K60-extension,RTX 4070 Ti,1.0
16199778304,2.74775,K60-extension,RTX 4070 Ti,1.0
16200433664,2.54377,K60-extension,RTX 4070 Ti,1.0
16201089024,2.70031,K60-extension,RTX 4070 Ti,1.0
16201744384,2.63449,K60-extension,RTX 4070 Ti,1.0
16202399744,2.54764,K60-extension,RTX 4070 Ti,1.0
16203055104,2.66972,K60-extension,RTX 4070 Ti,1.0
16203710464,2.76305,K60-extension,RTX 4070 Ti,1.0
16204365824,2.81027,K60-extension,RTX 4070 Ti,1.0
16205021184,2.7536,K60-extension,RTX 4070 Ti,1.0
16205676544,2.76717,K60-extension,RTX 4070 Ti,1.0
16206331904,2.84743,K60-extension,RTX 4070 Ti,1.0
16206987264,2.81957,K60-extension,RTX 4070 Ti,1.0
16207642624,2.98029,K60-extension,RTX 4070 Ti,1.0
16208297984,2.57826,K60-extension,RTX 4070 Ti,1.0
16208953344,2.6703,K60-extension,RTX 4070 Ti,1.0
16209608704,2.82769,K60-extension,RTX 4070 Ti,1.0
16210264064,2.58541,K60-extension,RTX 4070 Ti,1.0
16210919424,2.58282,K60-extension,RTX 4070 Ti,1.0
16211574784,2.87526,K60-extension,RTX 4070 Ti,1.0
16212230144,2.66067,K60-extension,RTX 4070 Ti,1.0
16212885504,2.68306,K60-extension,RTX 4070 Ti,1.0
16213540864,2.66228,K60-extension,RTX 4070 Ti,1.0
16214196224,2.73187,K60-extension,RTX 4070 Ti,1.0
16214851584,2.75404,K60-extension,RTX 4070 Ti,1.0
16215506944,2.78197,K60-extension,RTX 4070 Ti,1.0
16216162304,2.54837,K60-extension,RTX 4070 Ti,1.0
16216817664,2.75858,K60-extension,RTX 4070 Ti,1.0
16217473024,2.54962,K60-extension,RTX 4070 Ti,1.0
16218128384,2.66758,K60-extension,RTX 4070 Ti,1.0
16218783744,2.69776,K60-extension,RTX 4070 Ti,1.0
16219439104,2.68076,K60-extension,RTX 4070 Ti,1.0
16220094464,2.67289,K60-extension,RTX 4070 Ti,1.0
16220749824,2.61369,K60-extension,RTX 4070 Ti,1.0
16221405184,2.46694,K60-extension,RTX 4070 Ti,1.0
16222060544,2.57994,K60-extension,RTX 4070 Ti,1.0
16222715904,2.53629,K60-extension,RTX 4070 Ti,1.0
16223371264,2.66139,K60-extension,RTX 4070 Ti,1.0
16224026624,2.57219,K60-extension,RTX 4070 Ti,1.0
16224681984,2.82182,K60-extension,RTX 4070 Ti,1.0
16225337344,2.73828,K60-extension,RTX 4070 Ti,1.0
16225992704,2.79704,K60-extension,RTX 4070 Ti,1.0
16226648064,2.80792,K60-extension,RTX 4070 Ti,1.0
16227303424,2.55213,K60-extension,RTX 4070 Ti,1.0
16227958784,2.5526,K60-extension,RTX 4070 Ti,1.0
16228614144,2.86643,K60-extension,RTX 4070 Ti,1.0
16229269504,2.47908,K60-extension,RTX 4070 Ti,1.0
16229924864,2.52846,K60-extension,RTX 4070 Ti,1.0
16230580224,2.98835,K60-extension,RTX 4070 Ti,1.0
16231235584,2.70448,K60-extension,RTX 4070 Ti,1.0
16231890944,2.75388,K60-extension,RTX 4070 Ti,1.0
16232546304,2.84855,K60-extension,RTX 4070 Ti,1.0
16233201664,2.49007,K60-extension,RTX 4070 Ti,1.0
16233857024,2.80509,K60-extension,RTX 4070 Ti,1.0
16234512384,2.60501,K60-extension,RTX 4070 Ti,1.0
16235167744,2.59517,K60-extension,RTX 4070 Ti,1.0
16235823104,2.62935,K60-extension,RTX 4070 Ti,1.0
16236478464,2.60212,K60-extension,RTX 4070 Ti,1.0
16237133824,2.64522,K60-extension,RTX 4070 Ti,1.0
16237789184,2.79514,K60-extension,RTX 4070 Ti,1.0
16238444544,2.64404,K60-extension,RTX 4070 Ti,1.0
16239099904,2.37583,K60-extension,RTX 4070 Ti,1.0
16239755264,2.42995,K60-extension,RTX 4070 Ti,1.0
16240410624,2.81732,K60-extension,RTX 4070 Ti,1.0
16241065984,2.72143,K60-extension,RTX 4070 Ti,1.0
16241721344,2.62891,K60-extension,RTX 4070 Ti,1.0
16242376704,2.69654,K60-extension,RTX 4070 Ti,1.0
16243032064,2.64461,K60-extension,RTX 4070 Ti,1.0
16243687424,2.93552,K60-extension,RTX 4070 Ti,1.0
16244342784,2.73499,K60-extension,RTX 4070 Ti,1.0
16244998144,2.73091,K60-extension,RTX 4070 Ti,1.0
16245653504,2.77767,K60-extension,RTX 4070 Ti,1.0
16246308864,2.52413,K60-extension,RTX 4070 Ti,1.0
16246964224,2.57567,K60-extension,RTX 4070 Ti,1.0
16247619584,2.52732,K60-extension,RTX 4070 Ti,1.0
16248274944,2.64523,K60-extension,RTX 4070 Ti,1.0
16248930304,2.7545,K60-extension,RTX 4070 Ti,1.0
16249585664,2.72055,K60-extension,RTX 4070 Ti,1.0
16250241024,2.74096,K60-extension,RTX 4070 Ti,1.0
16250896384,2.68467,K60-extension,RTX 4070 Ti,1.0
16251551744,2.55618,K60-extension,RTX 4070 Ti,1.0
16252207104,2.53548,K60-extension,RTX 4070 Ti,1.0
16252862464,2.786,K60-extension,RTX 4070 Ti,1.0
16253517824,2.68389,K60-extension,RTX 4070 Ti,1.0
16254173184,2.79134,K60-extension,RTX 4070 Ti,1.0
16254828544,2.91741,K60-extension,RTX 4070 Ti,1.0
16255483904,2.66946,K60-extension,RTX 4070 Ti,1.0
16256139264,2.39122,K60-extension,RTX 4070 Ti,1.0
16256794624,2.68087,K60-extension,RTX 4070 Ti,1.0
16257449984,2.80217,K60-extension,RTX 4070 Ti,1.0
16258105344,2.45654,K60-extension,RTX 4070 Ti,1.0
16258760704,2.77262,K60-extension,RTX 4070 Ti,1.0
16259416064,2.66804,K60-extension,RTX 4070 Ti,1.0
16260071424,2.63732,K60-extension,RTX 4070 Ti,1.0
16260726784,2.72083,K60-extension,RTX 4070 Ti,1.0
16261382144,2.63213,K60-extension,RTX 4070 Ti,1.0
16262037504,2.72261,K60-extension,RTX 4070 Ti,1.0
16262692864,2.72882,K60-extension,RTX 4070 Ti,1.0
16263348224,2.70064,K60-extension,RTX 4070 Ti,1.0
16264003584,2.69776,K60-extension,RTX 4070 Ti,1.0
16264658944,2.65392,K60-extension,RTX 4070 Ti,1.0
16265314304,2.80963,K60-extension,RTX 4070 Ti,1.0
16265969664,2.65547,K60-extension,RTX 4070 Ti,1.0
16266625024,2.84956,K60-extension,RTX 4070 Ti,1.0
16267280384,2.56893,K60-extension,RTX 4070 Ti,1.0
16267935744,2.69106,K60-extension,RTX 4070 Ti,1.0
16268591104,2.61184,K60-extension,RTX 4070 Ti,1.0
16269246464,2.48738,K60-extension,RTX 4070 Ti,1.0
16269901824,2.60691,K60-extension,RTX 4070 Ti,1.0
16270557184,2.94682,K60-extension,RTX 4070 Ti,1.0
16271212544,2.40533,K60-extension,RTX 4070 Ti,1.0
16271867904,2.75479,K60-extension,RTX 4070 Ti,1.0
16272523264,2.61684,K60-extension,RTX 4070 Ti,1.0
16273178624,2.5818,K60-extension,RTX 4070 Ti,1.0
16273833984,2.84386,K60-extension,RTX 4070 Ti,1.0
16274489344,2.77119,K60-extension,RTX 4070 Ti,1.0
16275144704,2.82562,K60-extension,RTX 4070 Ti,1.0
16275800064,2.90611,K60-extension,RTX 4070 Ti,1.0
16276455424,2.68658,K60-extension,RTX 4070 Ti,1.0
16277110784,2.64805,K60-extension,RTX 4070 Ti,1.0
16277766144,2.83097,K60-extension,RTX 4070 Ti,1.0
16278421504,2.6262,K60-extension,RTX 4070 Ti,1.0
16279076864,2.56406,K60-extension,RTX 4070 Ti,1.0
16279732224,2.65553,K60-extension,RTX 4070 Ti,1.0
16280387584,2.62711,K60-extension,RTX 4070 Ti,1.0
16281042944,2.6184,K60-extension,RTX 4070 Ti,1.0
16281698304,2.74233,K60-extension,RTX 4070 Ti,1.0
16282353664,2.54856,K60-extension,RTX 4070 Ti,1.0
16283009024,2.74122,K60-extension,RTX 4070 Ti,1.0
16283664384,2.54649,K60-extension,RTX 4070 Ti,1.0
16284319744,2.77938,K60-extension,RTX 4070 Ti,1.0
16284975104,2.63463,K60-extension,RTX 4070 Ti,1.0
16285630464,2.92171,K60-extension,RTX 4070 Ti,1.0
16286285824,2.47425,K60-extension,RTX 4070 Ti,1.0
16286941184,2.58369,K60-extension,RTX 4070 Ti,1.0
16287596544,2.6621,K60-extension,RTX 4070 Ti,1.0
16288251904,2.54502,K60-extension,RTX 4070 Ti,1.0
16288907264,2.74118,K60-extension,RTX 4070 Ti,1.0
16289562624,2.67918,K60-extension,RTX 4070 Ti,1.0
16290217984,2.73756,K60-extension,RTX 4070 Ti,1.0
16290873344,2.90612,K60-extension,RTX 4070 Ti,1.0
16291528704,2.69227,K60-extension,RTX 4070 Ti,1.0
16292184064,2.82404,K60-extension,RTX 4070 Ti,1.0
16292839424,2.68966,K60-extension,RTX 4070 Ti,1.0
16293494784,2.49666,K60-extension,RTX 4070 Ti,1.0
16294150144,2.50511,K60-extension,RTX 4070 Ti,1.0
16294805504,2.74581,K60-extension,RTX 4070 Ti,1.0
16295460864,2.82688,K60-extension,RTX 4070 Ti,1.0
16296116224,2.5583,K60-extension,RTX 4070 Ti,1.0
16296771584,2.75565,K60-extension,RTX 4070 Ti,1.0
16297426944,2.88708,K60-extension,RTX 4070 Ti,1.0
16298082304,2.64284,K60-extension,RTX 4070 Ti,1.0
16298737664,2.6462,K60-extension,RTX 4070 Ti,1.0
16299393024,2.62909,K60-extension,RTX 4070 Ti,1.0
16300048384,2.56219,K60-extension,RTX 4070 Ti,1.0
16300703744,2.65396,K60-extension,RTX 4070 Ti,1.0
16301359104,2.51501,K60-extension,RTX 4070 Ti,1.0
16302014464,2.81472,K60-extension,RTX 4070 Ti,1.0
16302669824,2.71811,K60-extension,RTX 4070 Ti,1.0
16303325184,2.76815,K60-extension,RTX 4070 Ti,1.0
16303980544,2.64073,K60-extension,RTX 4070 Ti,1.0
16304635904,2.78425,K60-extension,RTX 4070 Ti,1.0
16305291264,2.69728,K60-extension,RTX 4070 Ti,1.0
16305946624,2.48406,K60-extension,RTX 4070 Ti,1.0
16306601984,2.66179,K60-extension,RTX 4070 Ti,1.0
16307257344,2.48958,K60-extension,RTX 4070 Ti,1.0
16307912704,2.6425,K60-extension,RTX 4070 Ti,1.0
16308568064,2.6501,K60-extension,RTX 4070 Ti,1.0
16309223424,2.74629,K60-extension,RTX 4070 Ti,1.0
16309878784,2.82202,K60-extension,RTX 4070 Ti,1.0
16310534144,2.752,K60-extension,RTX 4070 Ti,1.0
16311189504,2.65906,K60-extension,RTX 4070 Ti,1.0
16311844864,2.66241,K60-extension,RTX 4070 Ti,1.0
16312500224,2.72243,K60-extension,RTX 4070 Ti,1.0
16313155584,2.45049,K60-extension,RTX 4070 Ti,1.0
16313810944,2.74571,K60-extension,RTX 4070 Ti,1.0
16314466304,2.74992,K60-extension,RTX 4070 Ti,1.0
16315121664,2.67211,K60-extension,RTX 4070 Ti,1.0
16315777024,2.72386,K60-extension,RTX 4070 Ti,1.0
16316432384,2.72599,K60-extension,RTX 4070 Ti,1.0
16317087744,2.56123,K60-extension,RTX 4070 Ti,1.0
16317743104,2.73694,K60-extension,RTX 4070 Ti,1.0
16318398464,2.59651,K60-extension,RTX 4070 Ti,1.0
16319053824,2.63957,K60-extension,RTX 4070 Ti,1.0
16319709184,2.70105,K60-extension,RTX 4070 Ti,1.0
16320364544,2.6674,K60-extension,RTX 4070 Ti,1.0
16321019904,2.78975,K60-extension,RTX 4070 Ti,1.0
16321675264,2.79323,K60-extension,RTX 4070 Ti,1.0
16322330624,2.69413,K60-extension,RTX 4070 Ti,1.0
16322985984,2.82452,K60-extension,RTX 4070 Ti,1.0
16323641344,2.76211,K60-extension,RTX 4070 Ti,1.0
16324296704,2.59278,K60-extension,RTX 4070 Ti,1.0
16324952064,2.40039,K60-extension,RTX 4070 Ti,1.0
16325607424,2.53121,K60-extension,RTX 4070 Ti,1.0
16326262784,2.509,K60-extension,RTX 4070 Ti,1.0
16326918144,2.68998,K60-extension,RTX 4070 Ti,1.0
16327573504,2.77136,K60-extension,RTX 4070 Ti,1.0
16328228864,2.68715,K60-extension,RTX 4070 Ti,1.0
16328884224,2.86262,K60-extension,RTX 4070 Ti,1.0
16329539584,2.84864,K60-extension,RTX 4070 Ti,1.0
16330194944,2.4895,K60-extension,RTX 4070 Ti,1.0
16330850304,2.67875,K60-extension,RTX 4070 Ti,1.0
16331505664,2.64364,K60-extension,RTX 4070 Ti,1.0
16332161024,2.65252,K60-extension,RTX 4070 Ti,1.0
16332816384,2.68776,K60-extension,RTX 4070 Ti,1.0
16333471744,2.69296,K60-extension,RTX 4070 Ti,1.0
16334127104,2.463,K60-extension,RTX 4070 Ti,1.0
16334782464,2.81665,K60-extension,RTX 4070 Ti,1.0
16335437824,2.81468,K60-extension,RTX 4070 Ti,1.0
16336093184,2.63579,K60-extension,RTX 4070 Ti,1.0
16336748544,2.8086,K60-extension,RTX 4070 Ti,1.0
16337403904,2.62706,K60-extension,RTX 4070 Ti,1.0
16338059264,2.59801,K60-extension,RTX 4070 Ti,1.0
16338714624,2.59861,K60-extension,RTX 4070 Ti,1.0
16339369984,2.80205,K60-extension,RTX 4070 Ti,1.0
16340025344,2.85379,K60-extension,RTX 4070 Ti,1.0
16340680704,2.82137,K60-extension,RTX 4070 Ti,1.0
16341336064,2.52669,K60-extension,RTX 4070 Ti,1.0
16341991424,2.63842,K60-extension,RTX 4070 Ti,1.0
16342646784,2.71919,K60-extension,RTX 4070 Ti,1.0
16343302144,2.50942,K60-extension,RTX 4070 Ti,1.0
16343957504,2.40401,K60-extension,RTX 4070 Ti,1.0
16344612864,2.67244,K60-extension,RTX 4070 Ti,1.0
16345268224,2.56712,K60-extension,RTX 4070 Ti,1.0
16345923584,2.43782,K60-extension,RTX 4070 Ti,1.0
16346578944,2.78207,K60-extension,RTX 4070 Ti,1.0
16347234304,2.68826,K60-extension,RTX 4070 Ti,1.0
16347889664,2.76451,K60-extension,RTX 4070 Ti,1.0
16348545024,2.43761,K60-extension,RTX 4070 Ti,1.0
16349200384,2.55348,K60-extension,RTX 4070 Ti,1.0
16349855744,2.70865,K60-extension,RTX 4070 Ti,1.0
16350511104,2.80705,K60-extension,RTX 4070 Ti,1.0
16351166464,2.65589,K60-extension,RTX 4070 Ti,1.0
16351821824,2.70157,K60-extension,RTX 4070 Ti,1.0
16352477184,2.82901,K60-extension,RTX 4070 Ti,1.0
16353132544,2.49494,K60-extension,RTX 4070 Ti,1.0
16353787904,2.55142,K60-extension,RTX 4070 Ti,1.0
16354443264,2.62928,K60-extension,RTX 4070 Ti,1.0
16355098624,2.57507,K60-extension,RTX 4070 Ti,1.0
16355753984,2.64136,K60-extension,RTX 4070 Ti,1.0
16356409344,2.60961,K60-extension,RTX 4070 Ti,1.0
16357064704,2.57118,K60-extension,RTX 4070 Ti,1.0
16357720064,2.75945,K60-extension,RTX 4070 Ti,1.0
16358375424,2.58767,K60-extension,RTX 4070 Ti,1.0
16359030784,2.67644,K60-extension,RTX 4070 Ti,1.0
16359686144,2.6703,K60-extension,RTX 4070 Ti,1.0
16360341504,2.76131,K60-extension,RTX 4070 Ti,1.0
16360996864,2.67226,K60-extension,RTX 4070 Ti,1.0
16361652224,2.95619,K60-extension,RTX 4070 Ti,1.0
16362307584,2.68402,K60-extension,RTX 4070 Ti,1.0
16362962944,2.67196,K60-extension,RTX 4070 Ti,1.0
16363618304,2.54906,K60-extension,RTX 4070 Ti,1.0
16364273664,2.50191,K60-extension,RTX 4070 Ti,1.0
16364929024,2.55784,K60-extension,RTX 4070 Ti,1.0
16365584384,2.64708,K60-extension,RTX 4070 Ti,1.0
16366239744,2.59037,K60-extension,RTX 4070 Ti,1.0
16366895104,2.60631,K60-extension,RTX 4070 Ti,1.0
16367550464,2.6566,K60-extension,RTX 4070 Ti,1.0
16368205824,2.57294,K60-extension,RTX 4070 Ti,1.0
16368861184,2.65553,K60-extension,RTX 4070 Ti,1.0
16369516544,2.76203,K60-extension,RTX 4070 Ti,1.0
16370171904,2.57881,K60-extension,RTX 4070 Ti,1.0
16370827264,2.70019,K60-extension,RTX 4070 Ti,1.0
16371482624,2.83863,K60-extension,RTX 4070 Ti,1.0
16372137984,2.5223,K60-extension,RTX 4070 Ti,1.0
16372793344,2.76374,K60-extension,RTX 4070 Ti,1.0
16373448704,2.70453,K60-extension,RTX 4070 Ti,1.0
16374104064,2.66117,K60-extension,RTX 4070 Ti,1.0
16374759424,2.5636,K60-extension,RTX 4070 Ti,1.0
16375414784,2.68356,K60-extension,RTX 4070 Ti,1.0
16376070144,2.53495,K60-extension,RTX 4070 Ti,1.0
16376725504,2.713,K60-extension,RTX 4070 Ti,1.0
16377380864,2.64239,K60-extension,RTX 4070 Ti,1.0
16378036224,2.82807,K60-extension,RTX 4070 Ti,1.0
16378691584,2.48521,K60-extension,RTX 4070 Ti,1.0
16379346944,2.55784,K60-extension,RTX 4070 Ti,1.0
16380002304,2.62852,K60-extension,RTX 4070 Ti,1.0
16380657664,2.72038,K60-extension,RTX 4070 Ti,1.0
16381313024,2.64171,K60-extension,RTX 4070 Ti,1.0
16381968384,2.47787,K60-extension,RTX 4070 Ti,1.0
16382623744,2.93558,K60-extension,RTX 4070 Ti,1.0
16383279104,2.58478,K60-extension,RTX 4070 Ti,1.0
16383934464,2.52053,K60-extension,RTX 4070 Ti,1.0
16384589824,2.89078,K60-extension,RTX 4070 Ti,1.0
16385245184,2.59604,K60-extension,RTX 4070 Ti,1.0
16385900544,2.73438,K60-extension,RTX 4070 Ti,1.0
16386555904,2.88023,K60-extension,RTX 4070 Ti,1.0
16387211264,2.5984,K60-extension,RTX 4070 Ti,1.0
16387866624,2.69504,K60-extension,RTX 4070 Ti,1.0
16388521984,2.72487,K60-extension,RTX 4070 Ti,1.0
16389177344,2.55061,K60-extension,RTX 4070 Ti,1.0
16389832704,2.73692,K60-extension,RTX 4070 Ti,1.0
16390488064,2.64178,K60-extension,RTX 4070 Ti,1.0
16391143424,2.5528,K60-extension,RTX 4070 Ti,1.0
16391798784,2.67001,K60-extension,RTX 4070 Ti,1.0
16392454144,2.25848,K60-extension,RTX 4070 Ti,1.0
16393109504,2.56273,K60-extension,RTX 4070 Ti,1.0
16393764864,2.71214,K60-extension,RTX 4070 Ti,1.0
16394420224,2.63706,K60-extension,RTX 4070 Ti,1.0
16395075584,2.7637,K60-extension,RTX 4070 Ti,1.0
16395730944,2.71455,K60-extension,RTX 4070 Ti,1.0
16396386304,2.71138,K60-extension,RTX 4070 Ti,1.0
16397041664,2.86972,K60-extension,RTX 4070 Ti,1.0
16397697024,2.60813,K60-extension,RTX 4070 Ti,1.0
16398352384,2.53232,K60-extension,RTX 4070 Ti,1.0
16399007744,2.60263,K60-extension,RTX 4070 Ti,1.0
16399663104,2.65724,K60-extension,RTX 4070 Ti,1.0
16400318464,2.54628,K60-extension,RTX 4070 Ti,1.0
16400973824,2.60852,K60-extension,RTX 4070 Ti,1.0
16401629184,3.01138,K60-extension,RTX 4070 Ti,1.0
16402284544,2.43525,K60-extension,RTX 4070 Ti,1.0
16402939904,2.3467,K60-extension,RTX 4070 Ti,1.0
16403595264,2.72953,K60-extension,RTX 4070 Ti,1.0
16404250624,2.39032,K60-extension,RTX 4070 Ti,1.0
16404905984,2.57133,K60-extension,RTX 4070 Ti,1.0
16405561344,2.62488,K60-extension,RTX 4070 Ti,1.0
16406216704,2.69108,K60-extension,RTX 4070 Ti,1.0
16406872064,2.65942,K60-extension,RTX 4070 Ti,1.0
16407527424,2.90408,K60-extension,RTX 4070 Ti,1.0
16408182784,2.60683,K60-extension,RTX 4070 Ti,1.0
16408838144,2.80229,K60-extension,RTX 4070 Ti,1.0
16409493504,2.50387,K60-extension,RTX 4070 Ti,1.0
16410148864,2.76536,K60-extension,RTX 4070 Ti,1.0
16410804224,2.67791,K60-extension,RTX 4070 Ti,1.0
16411459584,2.59113,K60-extension,RTX 4070 Ti,1.0
16412114944,2.56348,K60-extension,RTX 4070 Ti,1.0
16412770304,2.5411,K60-extension,RTX 4070 Ti,1.0
16413425664,2.33643,K60-extension,RTX 4070 Ti,1.0
16414081024,2.50231,K60-extension,RTX 4070 Ti,1.0
16414736384,2.58982,K60-extension,RTX 4070 Ti,1.0
16415391744,2.80066,K60-extension,RTX 4070 Ti,1.0
16416047104,2.68769,K60-extension,RTX 4070 Ti,1.0
16416702464,2.73645,K60-extension,RTX 4070 Ti,1.0
16417357824,2.65783,K60-extension,RTX 4070 Ti,1.0
16418013184,2.81988,K60-extension,RTX 4070 Ti,1.0
16418668544,2.76791,K60-extension,RTX 4070 Ti,1.0
16419323904,2.59233,K60-extension,RTX 4070 Ti,1.0
16419979264,2.35753,K60-extension,RTX 4070 Ti,1.0
16420634624,2.85285,K60-extension,RTX 4070 Ti,1.0
16421289984,2.79234,K60-extension,RTX 4070 Ti,1.0
16421945344,2.77269,K60-extension,RTX 4070 Ti,1.0
16422600704,2.76086,K60-extension,RTX 4070 Ti,1.0
16423256064,2.72885,K60-extension,RTX 4070 Ti,1.0
16423911424,2.40323,K60-extension,RTX 4070 Ti,1.0
16424566784,2.65951,K60-extension,RTX 4070 Ti,1.0
16425222144,2.52144,K60-extension,RTX 4070 Ti,1.0
16425877504,2.69974,K60-extension,RTX 4070 Ti,1.0
16426532864,2.68328,K60-extension,RTX 4070 Ti,1.0
16427188224,2.73199,K60-extension,RTX 4070 Ti,1.0
16427843584,2.61154,K60-extension,RTX 4070 Ti,1.0
16428498944,2.70539,K60-extension,RTX 4070 Ti,1.0
16429154304,2.57318,K60-extension,RTX 4070 Ti,1.0
16429809664,2.51192,K60-extension,RTX 4070 Ti,1.0
16430465024,2.65522,K60-extension,RTX 4070 Ti,1.0
16431120384,2.51505,K60-extension,RTX 4070 Ti,1.0
16431775744,2.89675,K60-extension,RTX 4070 Ti,1.0
16432431104,2.67041,K60-extension,RTX 4070 Ti,1.0
16433086464,2.76927,K60-extension,RTX 4070 Ti,1.0
16433741824,2.74446,K60-extension,RTX 4070 Ti,1.0
16434397184,2.67797,K60-extension,RTX 4070 Ti,1.0
16435052544,2.53909,K60-extension,RTX 4070 Ti,1.0
16435707904,2.82648,K60-extension,RTX 4070 Ti,1.0
16436363264,2.57721,K60-extension,RTX 4070 Ti,1.0
16437018624,2.79408,K60-extension,RTX 4070 Ti,1.0
16437673984,2.72702,K60-extension,RTX 4070 Ti,1.0
16438329344,2.67716,K60-extension,RTX 4070 Ti,1.0
16438984704,2.71818,K60-extension,RTX 4070 Ti,1.0
16439640064,2.6854,K60-extension,RTX 4070 Ti,1.0
16440295424,2.36362,K60-extension,RTX 4070 Ti,1.0
16440950784,2.61128,K60-extension,RTX 4070 Ti,1.0
16441606144,2.58715,K60-extension,RTX 4070 Ti,1.0
16442261504,2.63234,K60-extension,RTX 4070 Ti,1.0
16442916864,2.52581,K60-extension,RTX 4070 Ti,1.0
16443572224,2.53189,K60-extension,RTX 4070 Ti,1.0
16444227584,2.73443,K60-extension,RTX 4070 Ti,1.0
16444882944,2.94444,K60-extension,RTX 4070 Ti,1.0
16445538304,2.64777,K60-extension,RTX 4070 Ti,1.0
16446193664,2.65922,K60-extension,RTX 4070 Ti,1.0
16446849024,2.54839,K60-extension,RTX 4070 Ti,1.0
16447504384,2.80022,K60-extension,RTX 4070 Ti,1.0
16448159744,2.45573,K60-extension,RTX 4070 Ti,1.0
16448815104,2.73001,K60-extension,RTX 4070 Ti,1.0
16449470464,2.70228,K60-extension,RTX 4070 Ti,1.0
16450125824,2.6433,K60-extension,RTX 4070 Ti,1.0
16450781184,2.69274,K60-extension,RTX 4070 Ti,1.0
16451436544,2.57675,K60-extension,RTX 4070 Ti,1.0
16452091904,2.34958,K60-extension,RTX 4070 Ti,1.0
16452747264,2.49871,K60-extension,RTX 4070 Ti,1.0
16453402624,2.72446,K60-extension,RTX 4070 Ti,1.0
16454057984,2.4764,K60-extension,RTX 4070 Ti,1.0
16454713344,2.86631,K60-extension,RTX 4070 Ti,1.0
16455368704,2.80896,K60-extension,RTX 4070 Ti,1.0
16456024064,2.72409,K60-extension,RTX 4070 Ti,1.0
16456679424,2.65398,K60-extension,RTX 4070 Ti,1.0
16457334784,2.62107,K60-extension,RTX 4070 Ti,1.0
16457990144,2.6121,K60-extension,RTX 4070 Ti,1.0
16458645504,2.79742,K60-extension,RTX 4070 Ti,1.0
16459300864,2.60036,K60-extension,RTX 4070 Ti,1.0
16459956224,2.54009,K60-extension,RTX 4070 Ti,1.0
16460611584,2.62092,K60-extension,RTX 4070 Ti,1.0
16461266944,2.91885,K60-extension,RTX 4070 Ti,1.0
16461922304,2.70366,K60-extension,RTX 4070 Ti,1.0
16462577664,2.81315,K60-extension,RTX 4070 Ti,1.0
16463233024,2.68869,K60-extension,RTX 4070 Ti,1.0
16463888384,2.61116,K60-extension,RTX 4070 Ti,1.0
16464543744,2.69894,K60-extension,RTX 4070 Ti,1.0
16465199104,2.53863,K60-extension,RTX 4070 Ti,1.0
16465854464,2.57921,K60-extension,RTX 4070 Ti,1.0
16466509824,2.63852,K60-extension,RTX 4070 Ti,1.0
16467165184,2.67973,K60-extension,RTX 4070 Ti,1.0
16467820544,2.5366,K60-extension,RTX 4070 Ti,1.0
16468475904,2.72968,K60-extension,RTX 4070 Ti,1.0
16469131264,2.4103,K60-extension,RTX 4070 Ti,1.0
16469786624,2.67962,K60-extension,RTX 4070 Ti,1.0
16470441984,2.68528,K60-extension,RTX 4070 Ti,1.0
16471097344,2.51562,K60-extension,RTX 4070 Ti,1.0
16471752704,2.68569,K60-extension,RTX 4070 Ti,1.0
16472408064,2.63795,K60-extension,RTX 4070 Ti,1.0
16473063424,2.66108,K60-extension,RTX 4070 Ti,1.0
16473718784,2.8224,K60-extension,RTX 4070 Ti,1.0
16474374144,2.72316,K60-extension,RTX 4070 Ti,1.0
16475029504,2.77019,K60-extension,RTX 4070 Ti,1.0
16475684864,2.70359,K60-extension,RTX 4070 Ti,1.0
16476340224,2.53004,K60-extension,RTX 4070 Ti,1.0
16476995584,2.48624,K60-extension,RTX 4070 Ti,1.0
16477650944,2.95395,K60-extension,RTX 4070 Ti,1.0
16478306304,2.64772,K60-extension,RTX 4070 Ti,1.0
16478961664,2.53519,K60-extension,RTX 4070 Ti,1.0
16479617024,2.83911,K60-extension,RTX 4070 Ti,1.0
16480272384,2.40538,K60-extension,RTX 4070 Ti,1.0
16480927744,2.49633,K60-extension,RTX 4070 Ti,1.0
16481583104,2.63247,K60-extension,RTX 4070 Ti,1.0
16482238464,2.68264,K60-extension,RTX 4070 Ti,1.0
16482893824,2.868,K60-extension,RTX 4070 Ti,1.0
16483549184,2.73317,K60-extension,RTX 4070 Ti,1.0
16484204544,2.58658,K60-extension,RTX 4070 Ti,1.0
16484859904,2.65933,K60-extension,RTX 4070 Ti,1.0
16485515264,2.63807,K60-extension,RTX 4070 Ti,1.0
16486170624,2.71199,K60-extension,RTX 4070 Ti,1.0
16486825984,2.70384,K60-extension,RTX 4070 Ti,1.0
16487481344,2.57916,K60-extension,RTX 4070 Ti,1.0
16488136704,2.68068,K60-extension,RTX 4070 Ti,1.0
16488792064,2.63991,K60-extension,RTX 4070 Ti,1.0
16489447424,2.5335,K60-extension,RTX 4070 Ti,1.0
16490102784,2.54051,K60-extension,RTX 4070 Ti,1.0
16490758144,2.50618,K60-extension,RTX 4070 Ti,1.0
16491413504,2.58758,K60-extension,RTX 4070 Ti,1.0
16492068864,2.48804,K60-extension,RTX 4070 Ti,1.0
16492724224,2.82143,K60-extension,RTX 4070 Ti,1.0
16493379584,2.66141,K60-extension,RTX 4070 Ti,1.0
16494034944,2.78053,K60-extension,RTX 4070 Ti,1.0
16494690304,2.67624,K60-extension,RTX 4070 Ti,1.0
16495345664,2.56255,K60-extension,RTX 4070 Ti,1.0
16496001024,2.6225,K60-extension,RTX 4070 Ti,1.0
16496656384,2.84593,K60-extension,RTX 4070 Ti,1.0
16497311744,2.46792,K60-extension,RTX 4070 Ti,1.0
16497967104,2.55669,K60-extension,RTX 4070 Ti,1.0
16498622464,2.7467,K60-extension,RTX 4070 Ti,1.0
16499277824,2.52645,K60-extension,RTX 4070 Ti,1.0
16499933184,2.7311,K60-extension,RTX 4070 Ti,1.0
16500588544,2.56605,K60-extension,RTX 4070 Ti,1.0
16501243904,2.61579,K60-extension,RTX 4070 Ti,1.0
16501899264,2.53557,K60-extension,RTX 4070 Ti,1.0
16502554624,2.58597,K60-extension,RTX 4070 Ti,1.0
16503209984,2.76101,K60-extension,RTX 4070 Ti,1.0
16503865344,2.60609,K60-extension,RTX 4070 Ti,1.0
16504520704,2.98397,K60-extension,RTX 4070 Ti,1.0
16505176064,2.61099,K60-extension,RTX 4070 Ti,1.0
16505831424,2.72514,K60-extension,RTX 4070 Ti,1.0
16506486784,2.80786,K60-extension,RTX 4070 Ti,1.0
16507142144,2.48165,K60-extension,RTX 4070 Ti,1.0
16507797504,2.76876,K60-extension,RTX 4070 Ti,1.0
16508452864,2.78479,K60-extension,RTX 4070 Ti,1.0
16509108224,2.50992,K60-extension,RTX 4070 Ti,1.0
16509763584,2.76272,K60-extension,RTX 4070 Ti,1.0
16510418944,2.61935,K60-extension,RTX 4070 Ti,1.0
16511074304,2.63469,K60-extension,RTX 4070 Ti,1.0
16511729664,2.78042,K60-extension,RTX 4070 Ti,1.0
16512385024,2.70858,K60-extension,RTX 4070 Ti,1.0
16513040384,2.69005,K60-extension,RTX 4070 Ti,1.0
16513695744,2.87951,K60-extension,RTX 4070 Ti,1.0
16514351104,2.60868,K60-extension,RTX 4070 Ti,1.0
16515006464,2.78387,K60-extension,RTX 4070 Ti,1.0
16515661824,2.81778,K60-extension,RTX 4070 Ti,1.0
16516317184,2.70728,K60-extension,RTX 4070 Ti,1.0
16516972544,2.50756,K60-extension,RTX 4070 Ti,1.0
16517627904,2.88606,K60-extension,RTX 4070 Ti,1.0
16518283264,2.71546,K60-extension,RTX 4070 Ti,1.0
16518938624,2.57887,K60-extension,RTX 4070 Ti,1.0
16519593984,2.57049,K60-extension,RTX 4070 Ti,1.0
16520249344,2.38119,K60-extension,RTX 4070 Ti,1.0
16520904704,2.9492,K60-extension,RTX 4070 Ti,1.0
16521560064,2.88363,K60-extension,RTX 4070 Ti,1.0
16522215424,2.64155,K60-extension,RTX 4070 Ti,1.0
16522870784,2.79631,K60-extension,RTX 4070 Ti,1.0
16523526144,2.69951,K60-extension,RTX 4070 Ti,1.0
16524181504,2.47453,K60-extension,RTX 4070 Ti,1.0
16524836864,2.85622,K60-extension,RTX 4070 Ti,1.0
16525492224,2.65879,K60-extension,RTX 4070 Ti,1.0
16526147584,2.64701,K60-extension,RTX 4070 Ti,1.0
16526802944,2.76507,K60-extension,RTX 4070 Ti,1.0
16527458304,2.8073,K60-extension,RTX 4070 Ti,1.0
16528113664,2.55636,K60-extension,RTX 4070 Ti,1.0
16528769024,2.81868,K60-extension,RTX 4070 Ti,1.0
16529424384,2.66999,K60-extension,RTX 4070 Ti,1.0
16530079744,2.77637,K60-extension,RTX 4070 Ti,1.0
16530735104,2.96746,K60-extension,RTX 4070 Ti,1.0
16531390464,2.67307,K60-extension,RTX 4070 Ti,1.0
16532045824,2.51911,K60-extension,RTX 4070 Ti,1.0
16532701184,2.83069,K60-extension,RTX 4070 Ti,1.0
16533356544,2.69982,K60-extension,RTX 4070 Ti,1.0
16534011904,2.77979,K60-extension,RTX 4070 Ti,1.0
16534667264,2.68485,K60-extension,RTX 4070 Ti,1.0
16535322624,2.35786,K60-extension,RTX 4070 Ti,1.0
16535977984,2.3706,K60-extension,RTX 4070 Ti,1.0
16536633344,2.84613,K60-extension,RTX 4070 Ti,1.0
16537288704,2.62637,K60-extension,RTX 4070 Ti,1.0
16537944064,2.47225,K60-extension,RTX 4070 Ti,1.0
16538599424,2.69406,K60-extension,RTX 4070 Ti,1.0
16539254784,2.62993,K60-extension,RTX 4070 Ti,1.0
16539910144,2.59373,K60-extension,RTX 4070 Ti,1.0
16540565504,2.56796,K60-extension,RTX 4070 Ti,1.0
16541220864,2.62183,K60-extension,RTX 4070 Ti,1.0
16541876224,2.6847,K60-extension,RTX 4070 Ti,1.0
16542531584,2.85068,K60-extension,RTX 4070 Ti,1.0
16543186944,2.78243,K60-extension,RTX 4070 Ti,1.0
16543842304,2.67166,K60-extension,RTX 4070 Ti,1.0
16544497664,2.71404,K60-extension,RTX 4070 Ti,1.0
16545153024,2.53041,K60-extension,RTX 4070 Ti,1.0
16545808384,2.65164,K60-extension,RTX 4070 Ti,1.0
16546463744,2.62565,K60-extension,RTX 4070 Ti,1.0
16547119104,2.52504,K60-extension,RTX 4070 Ti,1.0
16547774464,2.43965,K60-extension,RTX 4070 Ti,1.0
16548429824,2.76796,K60-extension,RTX 4070 Ti,1.0
16549085184,2.82671,K60-extension,RTX 4070 Ti,1.0
16549740544,2.82837,K60-extension,RTX 4070 Ti,1.0
16550395904,2.75836,K60-extension,RTX 4070 Ti,1.0
16551051264,2.67208,K60-extension,RTX 4070 Ti,1.0
16551706624,2.7161,K60-extension,RTX 4070 Ti,1.0
16552361984,2.7972,K60-extension,RTX 4070 Ti,1.0
16553017344,2.67323,K60-extension,RTX 4070 Ti,1.0
16553672704,2.8067,K60-extension,RTX 4070 Ti,1.0
16554328064,2.56422,K60-extension,RTX 4070 Ti,1.0
16554983424,2.58771,K60-extension,RTX 4070 Ti,1.0
16555638784,2.70096,K60-extension,RTX 4070 Ti,1.0
16556294144,2.5146,K60-extension,RTX 4070 Ti,1.0
16556949504,2.66225,K60-extension,RTX 4070 Ti,1.0
16557604864,2.79413,K60-extension,RTX 4070 Ti,1.0
16558260224,2.63099,K60-extension,RTX 4070 Ti,1.0
16558915584,2.65053,K60-extension,RTX 4070 Ti,1.0
16559570944,2.78787,K60-extension,RTX 4070 Ti,1.0
16560226304,2.57354,K60-extension,RTX 4070 Ti,1.0
16560881664,2.62543,K60-extension,RTX 4070 Ti,1.0
16561537024,2.65214,K60-extension,RTX 4070 Ti,1.0
16562192384,2.75261,K60-extension,RTX 4070 Ti,1.0
16562847744,2.6888,K60-extension,RTX 4070 Ti,1.0
16563503104,2.90151,K60-extension,RTX 4070 Ti,1.0
16564158464,2.70696,K60-extension,RTX 4070 Ti,1.0
16564813824,2.72337,K60-extension,RTX 4070 Ti,1.0
16565469184,2.70625,K60-extension,RTX 4070 Ti,1.0
16566124544,2.55829,K60-extension,RTX 4070 Ti,1.0
16566779904,2.69265,K60-extension,RTX 4070 Ti,1.0
16567435264,2.60403,K60-extension,RTX 4070 Ti,1.0
16568090624,2.6801,K60-extension,RTX 4070 Ti,1.0
16568745984,2.79599,K60-extension,RTX 4070 Ti,1.0
16569401344,2.64216,K60-extension,RTX 4070 Ti,1.0
16570056704,2.83087,K60-extension,RTX 4070 Ti,1.0
16570712064,2.85356,K60-extension,RTX 4070 Ti,1.0
16571367424,2.52972,K60-extension,RTX 4070 Ti,1.0
16572022784,2.8868,K60-extension,RTX 4070 Ti,1.0
16572678144,2.65976,K60-extension,RTX 4070 Ti,1.0
16573333504,2.68954,K60-extension,RTX 4070 Ti,1.0
16573988864,2.80669,K60-extension,RTX 4070 Ti,1.0
16574644224,2.84462,K60-extension,RTX 4070 Ti,1.0
16575299584,2.75996,K60-extension,RTX 4070 Ti,1.0
16575954944,2.4618,K60-extension,RTX 4070 Ti,1.0
16576610304,2.61141,K60-extension,RTX 4070 Ti,1.0
16577265664,2.61573,K60-extension,RTX 4070 Ti,1.0
16577921024,2.66914,K60-extension,RTX 4070 Ti,1.0
16578576384,2.61984,K60-extension,RTX 4070 Ti,1.0
16579231744,2.68906,K60-extension,RTX 4070 Ti,1.0
16579887104,2.62646,K60-extension,RTX 4070 Ti,1.0
16580542464,2.74947,K60-extension,RTX 4070 Ti,1.0
16581197824,2.56454,K60-extension,RTX 4070 Ti,1.0
16581853184,2.62825,K60-extension,RTX 4070 Ti,1.0
16582508544,2.53556,K60-extension,RTX 4070 Ti,1.0
16583163904,2.59219,K60-extension,RTX 4070 Ti,1.0
16583819264,2.57321,K60-extension,RTX 4070 Ti,1.0
16584474624,2.62466,K60-extension,RTX 4070 Ti,1.0
16585129984,2.50777,K60-extension,RTX 4070 Ti,1.0
16585785344,2.67319,K60-extension,RTX 4070 Ti,1.0
16586440704,2.73352,K60-extension,RTX 4070 Ti,1.0
16587096064,2.45944,K60-extension,RTX 4070 Ti,1.0
16587751424,2.70531,K60-extension,RTX 4070 Ti,1.0
16588406784,2.71468,K60-extension,RTX 4070 Ti,1.0
16589062144,2.69499,K60-extension,RTX 4070 Ti,1.0
16589717504,2.80376,K60-extension,RTX 4070 Ti,1.0
16590372864,2.67947,K60-extension,RTX 4070 Ti,1.0
16591028224,2.72099,K60-extension,RTX 4070 Ti,1.0
16591683584,2.67899,K60-extension,RTX 4070 Ti,1.0
16592338944,2.49279,K60-extension,RTX 4070 Ti,1.0
16592994304,2.63325,K60-extension,RTX 4070 Ti,1.0
16593649664,2.86362,K60-extension,RTX 4070 Ti,1.0
16594305024,2.87661,K60-extension,RTX 4070 Ti,1.0
16594960384,2.41545,K60-extension,RTX 4070 Ti,1.0
16595615744,2.81104,K60-extension,RTX 4070 Ti,1.0
16596271104,2.6515,K60-extension,RTX 4070 Ti,1.0
16596926464,2.66903,K60-extension,RTX 4070 Ti,1.0
16597581824,2.77276,K60-extension,RTX 4070 Ti,1.0
16598237184,2.51518,K60-extension,RTX 4070 Ti,1.0
16598892544,2.5237,K60-extension,RTX 4070 Ti,1.0
16599547904,2.41718,K60-extension,RTX 4070 Ti,1.0
16600203264,2.62309,K60-extension,RTX 4070 Ti,1.0
16600858624,2.80069,K60-extension,RTX 4070 Ti,1.0
16601513984,2.77259,K60-extension,RTX 4070 Ti,1.0
16602169344,2.66104,K60-extension,RTX 4070 Ti,1.0
16602824704,2.8059,K60-extension,RTX 4070 Ti,1.0
16603480064,2.77224,K60-extension,RTX 4070 Ti,1.0
16604135424,2.71842,K60-extension,RTX 4070 Ti,1.0
16604790784,2.59261,K60-extension,RTX 4070 Ti,1.0
16605446144,2.74295,K60-extension,RTX 4070 Ti,1.0
16606101504,2.52716,K60-extension,RTX 4070 Ti,1.0
16606756864,2.68442,K60-extension,RTX 4070 Ti,1.0
16607412224,2.76272,K60-extension,RTX 4070 Ti,1.0
16608067584,2.69101,K60-extension,RTX 4070 Ti,1.0
16608722944,2.71509,K60-extension,RTX 4070 Ti,1.0
16609378304,2.76019,K60-extension,RTX 4070 Ti,1.0
16610033664,2.99732,K60-extension,RTX 4070 Ti,1.0
16610689024,2.64038,K60-extension,RTX 4070 Ti,1.0
16611344384,2.55729,K60-extension,RTX 4070 Ti,1.0
16611999744,2.49879,K60-extension,RTX 4070 Ti,1.0
16612655104,2.84127,K60-extension,RTX 4070 Ti,1.0
16613310464,2.44235,K60-extension,RTX 4070 Ti,1.0
16613965824,2.79717,K60-extension,RTX 4070 Ti,1.0
16614621184,2.67712,K60-extension,RTX 4070 Ti,1.0
16615276544,2.71762,K60-extension,RTX 4070 Ti,1.0
16615931904,2.43562,K60-extension,RTX 4070 Ti,1.0
16616587264,2.67684,K60-extension,RTX 4070 Ti,1.0
16617242624,2.6761,K60-extension,RTX 4070 Ti,1.0
16617897984,2.84408,K60-extension,RTX 4070 Ti,1.0
16618553344,2.74792,K60-extension,RTX 4070 Ti,1.0
16619208704,2.67122,K60-extension,RTX 4070 Ti,1.0
16619864064,2.82217,K60-extension,RTX 4070 Ti,1.0
16620519424,2.51291,K60-extension,RTX 4070 Ti,1.0
16621174784,2.40323,K60-extension,RTX 4070 Ti,1.0
16621830144,2.76432,K60-extension,RTX 4070 Ti,1.0
16622485504,2.76127,K60-extension,RTX 4070 Ti,1.0
16623140864,2.58481,K60-extension,RTX 4070 Ti,1.0
16623796224,2.74441,K60-extension,RTX 4070 Ti,1.0
16624451584,2.67081,K60-extension,RTX 4070 Ti,1.0
16625106944,2.77917,K60-extension,RTX 4070 Ti,1.0
16625762304,2.69967,K60-extension,RTX 4070 Ti,1.0
16626417664,3.01092,K60-extension,RTX 4070 Ti,1.0
16627073024,2.44675,K60-extension,RTX 4070 Ti,1.0
16627728384,2.69588,K60-extension,RTX 4070 Ti,1.0
16628383744,2.75511,K60-extension,RTX 4070 Ti,1.0
16629039104,2.68537,K60-extension,RTX 4070 Ti,1.0
16629694464,2.78941,K60-extension,RTX 4070 Ti,1.0
16630349824,2.57587,K60-extension,RTX 4070 Ti,1.0
16631005184,2.44617,K60-extension,RTX 4070 Ti,1.0
16631660544,2.72532,K60-extension,RTX 4070 Ti,1.0
16632315904,2.50028,K60-extension,RTX 4070 Ti,1.0
16632971264,2.42373,K60-extension,RTX 4070 Ti,1.0
16633626624,2.77444,K60-extension,RTX 4070 Ti,1.0
16634281984,2.56834,K60-extension,RTX 4070 Ti,1.0
16634937344,2.54379,K60-extension,RTX 4070 Ti,1.0
16635592704,2.69312,K60-extension,RTX 4070 Ti,1.0
16636248064,2.66023,K60-extension,RTX 4070 Ti,1.0
16636903424,2.83471,K60-extension,RTX 4070 Ti,1.0
16637558784,2.53321,K60-extension,RTX 4070 Ti,1.0
16638214144,2.86194,K60-extension,RTX 4070 Ti,1.0
16638869504,2.66869,K60-extension,RTX 4070 Ti,1.0
16639524864,2.84075,K60-extension,RTX 4070 Ti,1.0
16640180224,2.56825,K60-extension,RTX 4070 Ti,1.0
16640835584,2.73423,K60-extension,RTX 4070 Ti,1.0
16641490944,2.73595,K60-extension,RTX 4070 Ti,1.0
16642146304,2.45514,K60-extension,RTX 4070 Ti,1.0
16642801664,2.53509,K60-extension,RTX 4070 Ti,1.0
16643457024,2.54035,K60-extension,RTX 4070 Ti,1.0
16644112384,2.27696,K60-extension,RTX 4070 Ti,1.0
16644767744,2.61672,K60-extension,RTX 4070 Ti,1.0
16645423104,2.75344,K60-extension,RTX 4070 Ti,1.0
16646078464,2.72825,K60-extension,RTX 4070 Ti,1.0
16646733824,2.8384,K60-extension,RTX 4070 Ti,1.0
16647389184,2.73204,K60-extension,RTX 4070 Ti,1.0
16648044544,2.62928,K60-extension,RTX 4070 Ti,1.0
16648699904,2.82949,K60-extension,RTX 4070 Ti,1.0
16649355264,2.67987,K60-extension,RTX 4070 Ti,1.0
16650010624,2.66433,K60-extension,RTX 4070 Ti,1.0
16650665984,2.82567,K60-extension,RTX 4070 Ti,1.0
16651321344,2.71309,K60-extension,RTX 4070 Ti,1.0
16651976704,2.5319,K60-extension,RTX 4070 Ti,1.0
16652632064,2.8182,K60-extension,RTX 4070 Ti,1.0
16653287424,2.57788,K60-extension,RTX 4070 Ti,1.0
16653942784,2.68343,K60-extension,RTX 4070 Ti,1.0
16654598144,2.73255,K60-extension,RTX 4070 Ti,1.0
16655253504,2.5246,K60-extension,RTX 4070 Ti,1.0
16655908864,2.71459,K60-extension,RTX 4070 Ti,1.0
16656564224,2.63255,K60-extension,RTX 4070 Ti,1.0
16657219584,2.54337,K60-extension,RTX 4070 Ti,1.0
16657874944,2.80275,K60-extension,RTX 4070 Ti,1.0
16658530304,2.70609,K60-extension,RTX 4070 Ti,1.0
16659185664,2.55689,K60-extension,RTX 4070 Ti,1.0
16659841024,2.57988,K60-extension,RTX 4070 Ti,1.0
16660496384,2.68082,K60-extension,RTX 4070 Ti,1.0
16661151744,2.80244,K60-extension,RTX 4070 Ti,1.0
16661807104,2.85434,K60-extension,RTX 4070 Ti,1.0
16662462464,2.73832,K60-extension,RTX 4070 Ti,1.0
16663117824,2.69001,K60-extension,RTX 4070 Ti,1.0
16663773184,2.66591,K60-extension,RTX 4070 Ti,1.0
16664428544,2.73207,K60-extension,RTX 4070 Ti,1.0
16665083904,2.72586,K60-extension,RTX 4070 Ti,1.0
16665739264,2.60939,K60-extension,RTX 4070 Ti,1.0
16666394624,2.5652,K60-extension,RTX 4070 Ti,1.0
16667049984,2.67411,K60-extension,RTX 4070 Ti,1.0
16667705344,2.75503,K60-extension,RTX 4070 Ti,1.0
16668360704,2.56175,K60-extension,RTX 4070 Ti,1.0
16669016064,2.40085,K60-extension,RTX 4070 Ti,1.0
16669671424,2.77482,K60-extension,RTX 4070 Ti,1.0
16670326784,2.6745,K60-extension,RTX 4070 Ti,1.0
16670982144,2.41073,K60-extension,RTX 4070 Ti,1.0
16671637504,2.8038,K60-extension,RTX 4070 Ti,1.0
16672292864,2.44201,K60-extension,RTX 4070 Ti,1.0
16672948224,2.51188,K60-extension,RTX 4070 Ti,1.0
16673603584,2.84318,K60-extension,RTX 4070 Ti,1.0
16674258944,2.60498,K60-extension,RTX 4070 Ti,1.0
16674914304,2.64384,K60-extension,RTX 4070 Ti,1.0
16675569664,2.5772,K60-extension,RTX 4070 Ti,1.0
16676225024,2.72442,K60-extension,RTX 4070 Ti,1.0
16676880384,2.65413,K60-extension,RTX 4070 Ti,1.0
16677535744,2.71324,K60-extension,RTX 4070 Ti,1.0
16678191104,2.684,K60-extension,RTX 4070 Ti,1.0
16678846464,2.57224,K60-extension,RTX 4070 Ti,1.0
16679501824,2.81802,K60-extension,RTX 4070 Ti,1.0
16680157184,2.50334,K60-extension,RTX 4070 Ti,1.0
16680812544,2.63685,K60-extension,RTX 4070 Ti,1.0
16681467904,2.59332,K60-extension,RTX 4070 Ti,1.0
16682123264,2.56567,K60-extension,RTX 4070 Ti,1.0
16682778624,2.72729,K60-extension,RTX 4070 Ti,1.0
16683433984,2.91213,K60-extension,RTX 4070 Ti,1.0
16684089344,2.66205,K60-extension,RTX 4070 Ti,1.0
16684744704,2.74144,K60-extension,RTX 4070 Ti,1.0
16685400064,2.72457,K60-extension,RTX 4070 Ti,1.0
16686055424,2.82916,K60-extension,RTX 4070 Ti,1.0
16686710784,2.86189,K60-extension,RTX 4070 Ti,1.0
16687366144,2.44963,K60-extension,RTX 4070 Ti,1.0
16688021504,2.34552,K60-extension,RTX 4070 Ti,1.0
16688676864,2.71199,K60-extension,RTX 4070 Ti,1.0
16689332224,2.67256,K60-extension,RTX 4070 Ti,1.0
16689987584,2.60118,K60-extension,RTX 4070 Ti,1.0
16690642944,2.7866,K60-extension,RTX 4070 Ti,1.0
16691298304,2.36064,K60-extension,RTX 4070 Ti,1.0
16691953664,2.54487,K60-extension,RTX 4070 Ti,1.0
16692609024,2.84669,K60-extension,RTX 4070 Ti,1.0
16693264384,2.55767,K60-extension,RTX 4070 Ti,1.0
16693919744,2.53085,K60-extension,RTX 4070 Ti,1.0
16694575104,2.82695,K60-extension,RTX 4070 Ti,1.0
16695230464,2.62769,K60-extension,RTX 4070 Ti,1.0
16695885824,2.81539,K60-extension,RTX 4070 Ti,1.0
16696541184,2.88124,K60-extension,RTX 4070 Ti,1.0
16697196544,2.63748,K60-extension,RTX 4070 Ti,1.0
16697851904,2.6552,K60-extension,RTX 4070 Ti,1.0
16698507264,2.80892,K60-extension,RTX 4070 Ti,1.0
16699162624,2.63551,K60-extension,RTX 4070 Ti,1.0
16699817984,2.46014,K60-extension,RTX 4070 Ti,1.0
16700473344,2.7034,K60-extension,RTX 4070 Ti,1.0
16701128704,2.54647,K60-extension,RTX 4070 Ti,1.0
16701784064,2.85745,K60-extension,RTX 4070 Ti,1.0
16702439424,2.52333,K60-extension,RTX 4070 Ti,1.0
16703094784,2.55593,K60-extension,RTX 4070 Ti,1.0
16703750144,2.37641,K60-extension,RTX 4070 Ti,1.0
16704405504,2.49382,K60-extension,RTX 4070 Ti,1.0
16705060864,2.84993,K60-extension,RTX 4070 Ti,1.0
16705716224,2.78734,K60-extension,RTX 4070 Ti,1.0
16706371584,2.83902,K60-extension,RTX 4070 Ti,1.0
16707026944,2.75306,K60-extension,RTX 4070 Ti,1.0
16707682304,2.6549,K60-extension,RTX 4070 Ti,1.0
16708337664,2.66982,K60-extension,RTX 4070 Ti,1.0
16708993024,2.57699,K60-extension,RTX 4070 Ti,1.0
16709648384,2.86345,K60-extension,RTX 4070 Ti,1.0
16710303744,2.41718,K60-extension,RTX 4070 Ti,1.0
16710959104,2.53295,K60-extension,RTX 4070 Ti,1.0
16711614464,2.74711,K60-extension,RTX 4070 Ti,1.0
16712269824,2.74461,K60-extension,RTX 4070 Ti,1.0
16712925184,2.63636,K60-extension,RTX 4070 Ti,1.0
16713580544,2.79459,K60-extension,RTX 4070 Ti,1.0
16714235904,2.7189,K60-extension,RTX 4070 Ti,1.0
16714891264,2.50915,K60-extension,RTX 4070 Ti,1.0
16715546624,2.68107,K60-extension,RTX 4070 Ti,1.0
16716201984,2.50525,K60-extension,RTX 4070 Ti,1.0
16716857344,2.60078,K60-extension,RTX 4070 Ti,1.0
16717512704,2.66614,K60-extension,RTX 4070 Ti,1.0
16718168064,2.70403,K60-extension,RTX 4070 Ti,1.0
16718823424,2.54653,K60-extension,RTX 4070 Ti,1.0
16719478784,2.5056,K60-extension,RTX 4070 Ti,1.0
16720134144,2.78178,K60-extension,RTX 4070 Ti,1.0
16720789504,2.5102,K60-extension,RTX 4070 Ti,1.0
16721444864,2.54549,K60-extension,RTX 4070 Ti,1.0
16722100224,2.70823,K60-extension,RTX 4070 Ti,1.0
16722755584,2.73982,K60-extension,RTX 4070 Ti,1.0
16723410944,2.6141,K60-extension,RTX 4070 Ti,1.0
16724066304,2.69813,K60-extension,RTX 4070 Ti,1.0
16724721664,2.51218,K60-extension,RTX 4070 Ti,1.0
16725377024,2.6483,K60-extension,RTX 4070 Ti,1.0
16726032384,2.66116,K60-extension,RTX 4070 Ti,1.0
16726687744,2.93693,K60-extension,RTX 4070 Ti,1.0
16727343104,2.59669,K60-extension,RTX 4070 Ti,1.0
16727998464,2.59756,K60-extension,RTX 4070 Ti,1.0
16728653824,2.59622,K60-extension,RTX 4070 Ti,1.0
16729309184,2.42456,K60-extension,RTX 4070 Ti,1.0
16729964544,2.77184,K60-extension,RTX 4070 Ti,1.0
16730619904,2.72029,K60-extension,RTX 4070 Ti,1.0
16731275264,2.52189,K60-extension,RTX 4070 Ti,1.0
16731930624,2.73677,K60-extension,RTX 4070 Ti,1.0
16732585984,2.65941,K60-extension,RTX 4070 Ti,1.0
16733241344,2.66425,K60-extension,RTX 4070 Ti,1.0
16733896704,2.75785,K60-extension,RTX 4070 Ti,1.0
16734552064,2.67314,K60-extension,RTX 4070 Ti,1.0
16735207424,2.53923,K60-extension,RTX 4070 Ti,1.0
16735862784,2.66192,K60-extension,RTX 4070 Ti,1.0
16736518144,2.61259,K60-extension,RTX 4070 Ti,1.0
16737173504,2.59101,K60-extension,RTX 4070 Ti,1.0
16737828864,2.55972,K60-extension,RTX 4070 Ti,1.0
16738484224,3.0238,K60-extension,RTX 4070 Ti,1.0
16739139584,2.69432,K60-extension,RTX 4070 Ti,1.0
16739794944,2.5799,K60-extension,RTX 4070 Ti,1.0
16740450304,2.55802,K60-extension,RTX 4070 Ti,1.0
16741105664,2.76552,K60-extension,RTX 4070 Ti,1.0
16741761024,2.60579,K60-extension,RTX 4070 Ti,1.0
16742416384,2.66235,K60-extension,RTX 4070 Ti,1.0
16743071744,2.58425,K60-extension,RTX 4070 Ti,1.0
16743727104,2.69572,K60-extension,RTX 4070 Ti,1.0
16744382464,2.79643,K60-extension,RTX 4070 Ti,1.0
16745037824,2.62076,K60-extension,RTX 4070 Ti,1.0
16745693184,2.76751,K60-extension,RTX 4070 Ti,1.0
16746348544,2.44452,K60-extension,RTX 4070 Ti,1.0
16747003904,2.54473,K60-extension,RTX 4070 Ti,1.0
16747659264,2.80493,K60-extension,RTX 4070 Ti,1.0
16748314624,2.58191,K60-extension,RTX 4070 Ti,1.0
16748969984,2.50464,K60-extension,RTX 4070 Ti,1.0
16749625344,2.89497,K60-extension,RTX 4070 Ti,1.0
16750280704,2.50857,K60-extension,RTX 4070 Ti,1.0
16750936064,2.66863,K60-extension,RTX 4070 Ti,1.0
16751591424,2.54127,K60-extension,RTX 4070 Ti,1.0
16752246784,2.63048,K60-extension,RTX 4070 Ti,1.0
16752902144,2.92768,K60-extension,RTX 4070 Ti,1.0
16753557504,2.85545,K60-extension,RTX 4070 Ti,1.0
16754212864,2.69216,K60-extension,RTX 4070 Ti,1.0
16754868224,2.62008,K60-extension,RTX 4070 Ti,1.0
16755523584,2.76185,K60-extension,RTX 4070 Ti,1.0
16756178944,2.56532,K60-extension,RTX 4070 Ti,1.0
16756834304,2.83278,K60-extension,RTX 4070 Ti,1.0
16757489664,2.861,K60-extension,RTX 4070 Ti,1.0
16758145024,2.54957,K60-extension,RTX 4070 Ti,1.0
16758800384,2.70892,K60-extension,RTX 4070 Ti,1.0
16759455744,2.66911,K60-extension,RTX 4070 Ti,1.0
16760111104,2.73292,K60-extension,RTX 4070 Ti,1.0
16760766464,2.69644,K60-extension,RTX 4070 Ti,1.0
16761421824,2.64506,K60-extension,RTX 4070 Ti,1.0
16762077184,2.77682,K60-extension,RTX 4070 Ti,1.0
16762732544,2.55738,K60-extension,RTX 4070 Ti,1.0
16763387904,2.57909,K60-extension,RTX 4070 Ti,1.0
16764043264,2.60841,K60-extension,RTX 4070 Ti,1.0
16764698624,2.81262,K60-extension,RTX 4070 Ti,1.0
16765353984,2.74593,K60-extension,RTX 4070 Ti,1.0
16766009344,2.50796,K60-extension,RTX 4070 Ti,1.0
16766664704,2.7424,K60-extension,RTX 4070 Ti,1.0
16767320064,2.80763,K60-extension,RTX 4070 Ti,1.0
16767975424,2.61058,K60-extension,RTX 4070 Ti,1.0
16768630784,2.76914,K60-extension,RTX 4070 Ti,1.0
16769286144,2.6671,K60-extension,RTX 4070 Ti,1.0
16769941504,2.33095,K60-extension,RTX 4070 Ti,1.0
16770596864,2.71093,K60-extension,RTX 4070 Ti,1.0
16771252224,2.74058,K60-extension,RTX 4070 Ti,1.0
16771907584,2.93031,K60-extension,RTX 4070 Ti,1.0
16772562944,2.78991,K60-extension,RTX 4070 Ti,1.0
16773218304,2.61752,K60-extension,RTX 4070 Ti,1.0
16773873664,2.69587,K60-extension,RTX 4070 Ti,1.0
16774529024,2.78051,K60-extension,RTX 4070 Ti,1.0
16775184384,2.51854,K60-extension,RTX 4070 Ti,1.0
16775839744,2.65942,K60-extension,RTX 4070 Ti,1.0
16776495104,2.69432,K60-extension,RTX 4070 Ti,1.0
16777150464,2.54117,K60-extension,RTX 4070 Ti,1.0
16777805824,2.58045,K60-extension,RTX 4070 Ti,1.0
16778461184,2.64377,K60-extension,RTX 4070 Ti,1.0
16779116544,2.5246,K60-extension,RTX 4070 Ti,1.0
16779771904,2.48071,K60-extension,RTX 4070 Ti,1.0
16780427264,2.41399,K60-extension,RTX 4070 Ti,1.0
16781082624,2.96839,K60-extension,RTX 4070 Ti,1.0
16781737984,2.76374,K60-extension,RTX 4070 Ti,1.0
16782393344,2.71599,K60-extension,RTX 4070 Ti,1.0
16783048704,2.68861,K60-extension,RTX 4070 Ti,1.0
16783704064,2.73844,K60-extension,RTX 4070 Ti,1.0
16784359424,2.62244,K60-extension,RTX 4070 Ti,1.0
16785014784,2.4554,K60-extension,RTX 4070 Ti,1.0
16785670144,2.89453,K60-extension,RTX 4070 Ti,1.0
16786325504,2.76809,K60-extension,RTX 4070 Ti,1.0
16786980864,2.46557,K60-extension,RTX 4070 Ti,1.0
16787636224,2.78476,K60-extension,RTX 4070 Ti,1.0
16788291584,2.57549,K60-extension,RTX 4070 Ti,1.0
16788946944,2.59678,K60-extension,RTX 4070 Ti,1.0
16789602304,2.78785,K60-extension,RTX 4070 Ti,1.0
16790257664,2.55773,K60-extension,RTX 4070 Ti,1.0
16790913024,2.53846,K60-extension,RTX 4070 Ti,1.0
16791568384,2.72748,K60-extension,RTX 4070 Ti,1.0
16792223744,2.82167,K60-extension,RTX 4070 Ti,1.0
16792879104,2.70798,K60-extension,RTX 4070 Ti,1.0
16793534464,2.84045,K60-extension,RTX 4070 Ti,1.0
16794189824,2.6291,K60-extension,RTX 4070 Ti,1.0
16794845184,2.64416,K60-extension,RTX 4070 Ti,1.0
16795500544,2.80365,K60-extension,RTX 4070 Ti,1.0
16796155904,2.65644,K60-extension,RTX 4070 Ti,1.0
16796811264,2.7027,K60-extension,RTX 4070 Ti,1.0
16797466624,2.80805,K60-extension,RTX 4070 Ti,1.0
16798121984,2.52154,K60-extension,RTX 4070 Ti,1.0
16798777344,2.6015,K60-extension,RTX 4070 Ti,1.0
16799432704,2.82536,K60-extension,RTX 4070 Ti,1.0
16800088064,2.59387,K60-extension,RTX 4070 Ti,1.0
16800743424,2.6494,K60-extension,RTX 4070 Ti,1.0
16801398784,2.65839,K60-extension,RTX 4070 Ti,1.0
16802054144,2.53517,K60-extension,RTX 4070 Ti,1.0
16802709504,2.98471,K60-extension,RTX 4070 Ti,1.0
16803364864,2.65329,K60-extension,RTX 4070 Ti,1.0
16804020224,2.57745,K60-extension,RTX 4070 Ti,1.0
16804675584,3.01487,K60-extension,RTX 4070 Ti,1.0
16805330944,2.4751,K60-extension,RTX 4070 Ti,1.0
16805986304,2.60158,K60-extension,RTX 4070 Ti,1.0
16806641664,2.7375,K60-extension,RTX 4070 Ti,1.0
16807297024,2.63185,K60-extension,RTX 4070 Ti,1.0
16807952384,2.67505,K60-extension,RTX 4070 Ti,1.0
16808607744,2.61808,K60-extension,RTX 4070 Ti,1.0
16809263104,2.7404,K60-extension,RTX 4070 Ti,1.0
16809918464,2.41359,K60-extension,RTX 4070 Ti,1.0
16810573824,2.60797,K60-extension,RTX 4070 Ti,1.0
16811229184,2.69114,K60-extension,RTX 4070 Ti,1.0
16811884544,2.75377,K60-extension,RTX 4070 Ti,1.0
16812539904,2.6427,K60-extension,RTX 4070 Ti,1.0
16813195264,2.66337,K60-extension,RTX 4070 Ti,1.0
16813850624,2.71712,K60-extension,RTX 4070 Ti,1.0
16814505984,2.80129,K60-extension,RTX 4070 Ti,1.0
16815161344,2.52897,K60-extension,RTX 4070 Ti,1.0
16815816704,2.73906,K60-extension,RTX 4070 Ti,1.0
16816472064,2.73468,K60-extension,RTX 4070 Ti,1.0
16817127424,2.63851,K60-extension,RTX 4070 Ti,1.0
16817782784,2.7696,K60-extension,RTX 4070 Ti,1.0
16818438144,2.42317,K60-extension,RTX 4070 Ti,1.0
16819093504,2.72539,K60-extension,RTX 4070 Ti,1.0
16819748864,2.77642,K60-extension,RTX 4070 Ti,1.0
16820404224,2.7565,K60-extension,RTX 4070 Ti,1.0
16821059584,2.65069,K60-extension,RTX 4070 Ti,1.0
16821714944,2.88125,K60-extension,RTX 4070 Ti,1.0
16822370304,2.55542,K60-extension,RTX 4070 Ti,1.0
16823025664,2.63571,K60-extension,RTX 4070 Ti,1.0
16823681024,2.65906,K60-extension,RTX 4070 Ti,1.0
16824336384,2.61086,K60-extension,RTX 4070 Ti,1.0
16824991744,2.73949,K60-extension,RTX 4070 Ti,1.0
16825647104,2.72257,K60-extension,RTX 4070 Ti,1.0
16826302464,2.54056,K60-extension,RTX 4070 Ti,1.0
16826957824,2.38407,K60-extension,RTX 4070 Ti,1.0
16827613184,2.62798,K60-extension,RTX 4070 Ti,1.0
16828268544,2.60634,K60-extension,RTX 4070 Ti,1.0
16828923904,2.67598,K60-extension,RTX 4070 Ti,1.0
16829579264,2.72175,K60-extension,RTX 4070 Ti,1.0
16830234624,2.80237,K60-extension,RTX 4070 Ti,1.0
16830889984,2.54366,K60-extension,RTX 4070 Ti,1.0
16831545344,2.79557,K60-extension,RTX 4070 Ti,1.0
16832200704,2.63689,K60-extension,RTX 4070 Ti,1.0
16832856064,2.69065,K60-extension,RTX 4070 Ti,1.0
16833511424,2.54804,K60-extension,RTX 4070 Ti,1.0
16834166784,2.64391,K60-extension,RTX 4070 Ti,1.0
16834822144,2.57405,K60-extension,RTX 4070 Ti,1.0
16835477504,2.67929,K60-extension,RTX 4070 Ti,1.0
16836132864,2.64819,K60-extension,RTX 4070 Ti,1.0
16836788224,2.65982,K60-extension,RTX 4070 Ti,1.0
16837443584,2.63313,K60-extension,RTX 4070 Ti,1.0
16838098944,2.66413,K60-extension,RTX 4070 Ti,1.0
16838754304,2.61264,K60-extension,RTX 4070 Ti,1.0
16839409664,2.54487,K60-extension,RTX 4070 Ti,1.0
16840065024,2.64661,K60-extension,RTX 4070 Ti,1.0
16840720384,2.68241,K60-extension,RTX 4070 Ti,1.0
16841375744,2.81489,K60-extension,RTX 4070 Ti,1.0
16842031104,2.57149,K60-extension,RTX 4070 Ti,1.0
16842686464,2.76178,K60-extension,RTX 4070 Ti,1.0
16843341824,2.40268,K60-extension,RTX 4070 Ti,1.0
16843997184,2.5874,K60-extension,RTX 4070 Ti,1.0
16844652544,2.56607,K60-extension,RTX 4070 Ti,1.0
16845307904,2.66134,K60-extension,RTX 4070 Ti,1.0
16845963264,2.63427,K60-extension,RTX 4070 Ti,1.0
16846618624,2.653,K60-extension,RTX 4070 Ti,1.0
16847273984,2.8827,K60-extension,RTX 4070 Ti,1.0
16847929344,2.67908,K60-extension,RTX 4070 Ti,1.0
16848584704,2.70058,K60-extension,RTX 4070 Ti,1.0
16849240064,2.702,K60-extension,RTX 4070 Ti,1.0
16849895424,2.48233,K60-extension,RTX 4070 Ti,1.0
16850550784,2.65208,K60-extension,RTX 4070 Ti,1.0
16851206144,2.56905,K60-extension,RTX 4070 Ti,1.0
16851861504,2.58903,K60-extension,RTX 4070 Ti,1.0
16852516864,2.80837,K60-extension,RTX 4070 Ti,1.0
16853172224,2.68367,K60-extension,RTX 4070 Ti,1.0
16853827584,2.87621,K60-extension,RTX 4070 Ti,1.0
16854482944,2.65879,K60-extension,RTX 4070 Ti,1.0
16855138304,2.58016,K60-extension,RTX 4070 Ti,1.0
16855793664,2.67971,K60-extension,RTX 4070 Ti,1.0
16856449024,2.68558,K60-extension,RTX 4070 Ti,1.0
16857104384,2.73613,K60-extension,RTX 4070 Ti,1.0
16857759744,2.82844,K60-extension,RTX 4070 Ti,1.0
16858415104,2.83822,K60-extension,RTX 4070 Ti,1.0
16859070464,2.66306,K60-extension,RTX 4070 Ti,1.0
16859725824,2.77608,K60-extension,RTX 4070 Ti,1.0
16860381184,2.35831,K60-extension,RTX 4070 Ti,1.0
16861036544,2.41504,K60-extension,RTX 4070 Ti,1.0
16861691904,2.80211,K60-extension,RTX 4070 Ti,1.0
16862347264,2.3695,K60-extension,RTX 4070 Ti,1.0
16863002624,2.50127,K60-extension,RTX 4070 Ti,1.0
16863657984,2.70116,K60-extension,RTX 4070 Ti,1.0
16864313344,2.60002,K60-extension,RTX 4070 Ti,1.0
16864968704,2.7105,K60-extension,RTX 4070 Ti,1.0
16865624064,2.51401,K60-extension,RTX 4070 Ti,1.0
16866279424,2.68543,K60-extension,RTX 4070 Ti,1.0
16866934784,2.38779,K60-extension,RTX 4070 Ti,1.0
16867590144,2.52252,K60-extension,RTX 4070 Ti,1.0
16868245504,2.67147,K60-extension,RTX 4070 Ti,1.0
16868900864,2.62424,K60-extension,RTX 4070 Ti,1.0
16869556224,2.7982,K60-extension,RTX 4070 Ti,1.0
16870211584,2.82709,K60-extension,RTX 4070 Ti,1.0
16870866944,2.81003,K60-extension,RTX 4070 Ti,1.0
16871522304,2.64944,K60-extension,RTX 4070 Ti,1.0
16872177664,2.62177,K60-extension,RTX 4070 Ti,1.0
16872833024,2.80274,K60-extension,RTX 4070 Ti,1.0
16873488384,2.69958,K60-extension,RTX 4070 Ti,1.0
16874143744,2.54557,K60-extension,RTX 4070 Ti,1.0
16874799104,2.69958,K60-extension,RTX 4070 Ti,1.0
16875454464,2.70305,K60-extension,RTX 4070 Ti,1.0
16876109824,2.72397,K60-extension,RTX 4070 Ti,1.0
16876765184,2.51793,K60-extension,RTX 4070 Ti,1.0
16877420544,2.68551,K60-extension,RTX 4070 Ti,1.0
16878075904,2.54477,K60-extension,RTX 4070 Ti,1.0
16878731264,2.6081,K60-extension,RTX 4070 Ti,1.0
16879386624,2.93048,K60-extension,RTX 4070 Ti,1.0
16880041984,2.48135,K60-extension,RTX 4070 Ti,1.0
16880697344,2.86392,K60-extension,RTX 4070 Ti,1.0
16881352704,2.67123,K60-extension,RTX 4070 Ti,1.0
16882008064,2.52774,K60-extension,RTX 4070 Ti,1.0
16882663424,2.78959,K60-extension,RTX 4070 Ti,1.0
16883318784,2.48465,K60-extension,RTX 4070 Ti,1.0
16883974144,2.47576,K60-extension,RTX 4070 Ti,1.0
16884629504,2.71557,K60-extension,RTX 4070 Ti,1.0
16885284864,2.55737,K60-extension,RTX 4070 Ti,1.0
16885940224,2.56548,K60-extension,RTX 4070 Ti,1.0
16886595584,2.66996,K60-extension,RTX 4070 Ti,1.0
16887250944,2.82557,K60-extension,RTX 4070 Ti,1.0
16887906304,2.36948,K60-extension,RTX 4070 Ti,1.0
16888561664,2.92814,K60-extension,RTX 4070 Ti,1.0
16889217024,2.75517,K60-extension,RTX 4070 Ti,1.0
16889872384,2.45036,K60-extension,RTX 4070 Ti,1.0
16890527744,2.93042,K60-extension,RTX 4070 Ti,1.0
16891183104,2.56255,K60-extension,RTX 4070 Ti,1.0
16891838464,2.67477,K60-extension,RTX 4070 Ti,1.0
16892493824,2.82769,K60-extension,RTX 4070 Ti,1.0
16893149184,2.40835,K60-extension,RTX 4070 Ti,1.0
16893804544,2.84497,K60-extension,RTX 4070 Ti,1.0
16894459904,2.78566,K60-extension,RTX 4070 Ti,1.0
16895115264,2.69315,K60-extension,RTX 4070 Ti,1.0
16895770624,2.76713,K60-extension,RTX 4070 Ti,1.0
16896425984,2.93896,K60-extension,RTX 4070 Ti,1.0
16897081344,2.6783,K60-extension,RTX 4070 Ti,1.0
16897736704,2.62608,K60-extension,RTX 4070 Ti,1.0
16898392064,2.42328,K60-extension,RTX 4070 Ti,1.0
16899047424,2.65744,K60-extension,RTX 4070 Ti,1.0
16899702784,2.60625,K60-extension,RTX 4070 Ti,1.0
16900358144,2.61546,K60-extension,RTX 4070 Ti,1.0
16901013504,2.55445,K60-extension,RTX 4070 Ti,1.0
16901668864,2.86587,K60-extension,RTX 4070 Ti,1.0
16902324224,2.73702,K60-extension,RTX 4070 Ti,1.0
16902979584,2.534,K60-extension,RTX 4070 Ti,1.0
16903634944,2.61171,K60-extension,RTX 4070 Ti,1.0
16904290304,2.42451,K60-extension,RTX 4070 Ti,1.0
16904945664,2.36107,K60-extension,RTX 4070 Ti,1.0
16905601024,2.90167,K60-extension,RTX 4070 Ti,1.0
16906256384,2.64193,K60-extension,RTX 4070 Ti,1.0
16906911744,2.55415,K60-extension,RTX 4070 Ti,1.0
16907567104,2.5707,K60-extension,RTX 4070 Ti,1.0
16908222464,2.91699,K60-extension,RTX 4070 Ti,1.0
16908877824,2.84233,K60-extension,RTX 4070 Ti,1.0
16909533184,2.57233,K60-extension,RTX 4070 Ti,1.0
16910188544,2.55367,K60-extension,RTX 4070 Ti,1.0
16910843904,2.43796,K60-extension,RTX 4070 Ti,1.0
16911499264,2.39058,K60-extension,RTX 4070 Ti,1.0
16912154624,2.69784,K60-extension,RTX 4070 Ti,1.0
16912809984,2.55044,K60-extension,RTX 4070 Ti,1.0
16913465344,2.64768,K60-extension,RTX 4070 Ti,1.0
16914120704,2.74997,K60-extension,RTX 4070 Ti,1.0
16914776064,2.47621,K60-extension,RTX 4070 Ti,1.0
16915431424,2.67535,K60-extension,RTX 4070 Ti,1.0
16916086784,2.59389,K60-extension,RTX 4070 Ti,1.0
16916742144,2.68635,K60-extension,RTX 4070 Ti,1.0
16917397504,2.83174,K60-extension,RTX 4070 Ti,1.0
16918052864,2.56,K60-extension,RTX 4070 Ti,1.0
16918708224,2.69708,K60-extension,RTX 4070 Ti,1.0
16919363584,2.65245,K60-extension,RTX 4070 Ti,1.0
16920018944,2.38024,K60-extension,RTX 4070 Ti,1.0
16920674304,2.78199,K60-extension,RTX 4070 Ti,1.0
16921329664,2.70986,K60-extension,RTX 4070 Ti,1.0
16921985024,2.43454,K60-extension,RTX 4070 Ti,1.0
16922640384,2.67873,K60-extension,RTX 4070 Ti,1.0
16923295744,2.51369,K60-extension,RTX 4070 Ti,1.0
16923951104,2.76902,K60-extension,RTX 4070 Ti,1.0
16924606464,2.90667,K60-extension,RTX 4070 Ti,1.0
16925261824,2.67883,K60-extension,RTX 4070 Ti,1.0
16925917184,2.43776,K60-extension,RTX 4070 Ti,1.0
16926572544,2.74869,K60-extension,RTX 4070 Ti,1.0
16927227904,2.8555,K60-extension,RTX 4070 Ti,1.0
16927883264,2.73947,K60-extension,RTX 4070 Ti,1.0
16928538624,2.91534,K60-extension,RTX 4070 Ti,1.0
16929193984,2.51798,K60-extension,RTX 4070 Ti,1.0
16929849344,2.90015,K60-extension,RTX 4070 Ti,1.0
16930504704,2.62997,K60-extension,RTX 4070 Ti,1.0
16931160064,2.65031,K60-extension,RTX 4070 Ti,1.0
16931815424,2.56125,K60-extension,RTX 4070 Ti,1.0
16932470784,2.67849,K60-extension,RTX 4070 Ti,1.0
16933126144,2.53015,K60-extension,RTX 4070 Ti,1.0
16933781504,2.75377,K60-extension,RTX 4070 Ti,1.0
16934436864,2.54895,K60-extension,RTX 4070 Ti,1.0
16935092224,2.63828,K60-extension,RTX 4070 Ti,1.0
16935747584,2.68117,K60-extension,RTX 4070 Ti,1.0
16936402944,2.83306,K60-extension,RTX 4070 Ti,1.0
16937058304,2.43085,K60-extension,RTX 4070 Ti,1.0
16937713664,2.87598,K60-extension,RTX 4070 Ti,1.0
16938369024,2.47523,K60-extension,RTX 4070 Ti,1.0
16939024384,2.34356,K60-extension,RTX 4070 Ti,1.0
16939679744,2.93072,K60-extension,RTX 4070 Ti,1.0
16940335104,2.70183,K60-extension,RTX 4070 Ti,1.0
16940990464,2.48238,K60-extension,RTX 4070 Ti,1.0
16941645824,2.45731,K60-extension,RTX 4070 Ti,1.0
16942301184,2.53737,K60-extension,RTX 4070 Ti,1.0
16942956544,2.56434,K60-extension,RTX 4070 Ti,1.0
16943611904,2.84745,K60-extension,RTX 4070 Ti,1.0
16944267264,2.62053,K60-extension,RTX 4070 Ti,1.0
16944922624,2.5739,K60-extension,RTX 4070 Ti,1.0
16945577984,2.71224,K60-extension,RTX 4070 Ti,1.0
16946233344,2.67093,K60-extension,RTX 4070 Ti,1.0
16946888704,2.74177,K60-extension,RTX 4070 Ti,1.0
16947544064,2.64088,K60-extension,RTX 4070 Ti,1.0
16948199424,2.45679,K60-extension,RTX 4070 Ti,1.0
16948854784,2.73324,K60-extension,RTX 4070 Ti,1.0
16949510144,2.70775,K60-extension,RTX 4070 Ti,1.0
16950165504,2.4612,K60-extension,RTX 4070 Ti,1.0
16950820864,2.76724,K60-extension,RTX 4070 Ti,1.0
16951476224,2.9366,K60-extension,RTX 4070 Ti,1.0
16952131584,2.49056,K60-extension,RTX 4070 Ti,1.0
16952786944,2.6425,K60-extension,RTX 4070 Ti,1.0
16953442304,2.58714,K60-extension,RTX 4070 Ti,1.0
16954097664,2.71456,K60-extension,RTX 4070 Ti,1.0
16954753024,2.42016,K60-extension,RTX 4070 Ti,1.0
16955408384,2.6622,K60-extension,RTX 4070 Ti,1.0
16956063744,2.59957,K60-extension,RTX 4070 Ti,1.0
16956719104,2.64123,K60-extension,RTX 4070 Ti,1.0
16957374464,2.75726,K60-extension,RTX 4070 Ti,1.0
16958029824,2.52519,K60-extension,RTX 4070 Ti,1.0
16958685184,2.77467,K60-extension,RTX 4070 Ti,1.0
16959340544,2.75261,K60-extension,RTX 4070 Ti,1.0
16959995904,2.38805,K60-extension,RTX 4070 Ti,1.0
16960651264,2.77103,K60-extension,RTX 4070 Ti,1.0
16961306624,3.02049,K60-extension,RTX 4070 Ti,1.0
16961961984,2.53348,K60-extension,RTX 4070 Ti,1.0
16962617344,2.89185,K60-extension,RTX 4070 Ti,1.0
16963272704,2.8657,K60-extension,RTX 4070 Ti,1.0
16963928064,2.51794,K60-extension,RTX 4070 Ti,1.0
16964583424,2.80031,K60-extension,RTX 4070 Ti,1.0
16965238784,2.50622,K60-extension,RTX 4070 Ti,1.0
16965894144,2.5506,K60-extension,RTX 4070 Ti,1.0
16966549504,2.72874,K60-extension,RTX 4070 Ti,1.0
16967204864,2.61473,K60-extension,RTX 4070 Ti,1.0
16967860224,2.76887,K60-extension,RTX 4070 Ti,1.0
16968515584,2.89202,K60-extension,RTX 4070 Ti,1.0
16969170944,2.63994,K60-extension,RTX 4070 Ti,1.0
16969826304,2.60271,K60-extension,RTX 4070 Ti,1.0
16970481664,2.6114,K60-extension,RTX 4070 Ti,1.0
16971137024,2.39862,K60-extension,RTX 4070 Ti,1.0
16971792384,2.52194,K60-extension,RTX 4070 Ti,1.0
16972447744,2.96559,K60-extension,RTX 4070 Ti,1.0
16973103104,2.7554,K60-extension,RTX 4070 Ti,1.0
16973758464,2.81455,K60-extension,RTX 4070 Ti,1.0
16974413824,2.72277,K60-extension,RTX 4070 Ti,1.0
16975069184,2.64286,K60-extension,RTX 4070 Ti,1.0
16975724544,2.79853,K60-extension,RTX 4070 Ti,1.0
16976379904,2.50937,K60-extension,RTX 4070 Ti,1.0
16977035264,2.57199,K60-extension,RTX 4070 Ti,1.0
16977690624,2.69061,K60-extension,RTX 4070 Ti,1.0
16978345984,2.5014,K60-extension,RTX 4070 Ti,1.0
16979001344,2.55384,K60-extension,RTX 4070 Ti,1.0
16979656704,2.67301,K60-extension,RTX 4070 Ti,1.0
16980312064,2.45738,K60-extension,RTX 4070 Ti,1.0
16980967424,2.61605,K60-extension,RTX 4070 Ti,1.0
16981622784,2.80051,K60-extension,RTX 4070 Ti,1.0
16982278144,2.70392,K60-extension,RTX 4070 Ti,1.0
16982933504,2.71716,K60-extension,RTX 4070 Ti,1.0
16983588864,2.83348,K60-extension,RTX 4070 Ti,1.0
16984244224,2.60984,K60-extension,RTX 4070 Ti,1.0
16984899584,2.81055,K60-extension,RTX 4070 Ti,1.0
16985554944,2.6241,K60-extension,RTX 4070 Ti,1.0
16986210304,2.62885,K60-extension,RTX 4070 Ti,1.0
16986865664,2.77958,K60-extension,RTX 4070 Ti,1.0
16987521024,2.71142,K60-extension,RTX 4070 Ti,1.0
16988176384,2.43683,K60-extension,RTX 4070 Ti,1.0
16988831744,2.73127,K60-extension,RTX 4070 Ti,1.0
16989487104,2.75295,K60-extension,RTX 4070 Ti,1.0
16990142464,2.54206,K60-extension,RTX 4070 Ti,1.0
16990797824,2.74104,K60-extension,RTX 4070 Ti,1.0
16991453184,2.56922,K60-extension,RTX 4070 Ti,1.0
16992108544,2.66068,K60-extension,RTX 4070 Ti,1.0
16992763904,2.60696,K60-extension,RTX 4070 Ti,1.0
16993419264,2.67136,K60-extension,RTX 4070 Ti,1.0
16994074624,2.67231,K60-extension,RTX 4070 Ti,1.0
16994729984,2.82411,K60-extension,RTX 4070 Ti,1.0
16995385344,2.51632,K60-extension,RTX 4070 Ti,1.0
16996040704,2.78399,K60-extension,RTX 4070 Ti,1.0
16996696064,2.63063,K60-extension,RTX 4070 Ti,1.0
16997351424,2.56437,K60-extension,RTX 4070 Ti,1.0
16998006784,2.60776,K60-extension,RTX 4070 Ti,1.0
16998662144,2.79375,K60-extension,RTX 4070 Ti,1.0
16999317504,2.79898,K60-extension,RTX 4070 Ti,1.0
16999972864,2.42105,K60-extension,RTX 4070 Ti,1.0
17000628224,2.59778,K60-extension,RTX 4070 Ti,1.0
17001283584,2.53649,K60-extension,RTX 4070 Ti,1.0
17001938944,2.75014,K60-extension,RTX 4070 Ti,1.0
17002594304,2.54524,K60-extension,RTX 4070 Ti,1.0
17003249664,2.82726,K60-extension,RTX 4070 Ti,1.0
17003905024,2.55221,K60-extension,RTX 4070 Ti,1.0
17004560384,2.74104,K60-extension,RTX 4070 Ti,1.0
17005215744,2.6702,K60-extension,RTX 4070 Ti,1.0
17005871104,2.59585,K60-extension,RTX 4070 Ti,1.0
17006526464,2.80525,K60-extension,RTX 4070 Ti,1.0
17007181824,2.45329,K60-extension,RTX 4070 Ti,1.0
17007837184,2.6452,K60-extension,RTX 4070 Ti,1.0
17008492544,2.55529,K60-extension,RTX 4070 Ti,1.0
17009147904,2.52433,K60-extension,RTX 4070 Ti,1.0
17009803264,2.48308,K60-extension,RTX 4070 Ti,1.0
17010458624,2.55446,K60-extension,RTX 4070 Ti,1.0
17011113984,2.68922,K60-extension,RTX 4070 Ti,1.0
17011769344,2.75005,K60-extension,RTX 4070 Ti,1.0
17012424704,2.73095,K60-extension,RTX 4070 Ti,1.0
17013080064,2.86143,K60-extension,RTX 4070 Ti,1.0
17013735424,2.773,K60-extension,RTX 4070 Ti,1.0
17014390784,2.54715,K60-extension,RTX 4070 Ti,1.0
17015046144,2.39093,K60-extension,RTX 4070 Ti,1.0
17015701504,2.955,K60-extension,RTX 4070 Ti,1.0
17016356864,2.62378,K60-extension,RTX 4070 Ti,1.0
17017012224,2.47334,K60-extension,RTX 4070 Ti,1.0
17017667584,2.72754,K60-extension,RTX 4070 Ti,1.0
17018322944,2.68766,K60-extension,RTX 4070 Ti,1.0
17018978304,2.42154,K60-extension,RTX 4070 Ti,1.0
17019633664,2.67828,K60-extension,RTX 4070 Ti,1.0
17020289024,2.57052,K60-extension,RTX 4070 Ti,1.0
17020944384,2.62826,K60-extension,RTX 4070 Ti,1.0
17021599744,2.77532,K60-extension,RTX 4070 Ti,1.0
17022255104,2.81933,K60-extension,RTX 4070 Ti,1.0
17022910464,2.82155,K60-extension,RTX 4070 Ti,1.0
17023565824,2.7548,K60-extension,RTX 4070 Ti,1.0
17024221184,2.64892,K60-extension,RTX 4070 Ti,1.0
17024876544,2.5896,K60-extension,RTX 4070 Ti,1.0
17025531904,2.8153,K60-extension,RTX 4070 Ti,1.0
17026187264,2.54589,K60-extension,RTX 4070 Ti,1.0
17026842624,2.56953,K60-extension,RTX 4070 Ti,1.0
17027497984,2.76336,K60-extension,RTX 4070 Ti,1.0
17028153344,2.68248,K60-extension,RTX 4070 Ti,1.0
17028808704,2.58511,K60-extension,RTX 4070 Ti,1.0
17029464064,2.38382,K60-extension,RTX 4070 Ti,1.0
17030119424,2.55823,K60-extension,RTX 4070 Ti,1.0
17030774784,2.59146,K60-extension,RTX 4070 Ti,1.0
17031430144,2.68366,K60-extension,RTX 4070 Ti,1.0
17032085504,2.6464,K60-extension,RTX 4070 Ti,1.0
17032740864,2.73169,K60-extension,RTX 4070 Ti,1.0
17033396224,2.71202,K60-extension,RTX 4070 Ti,1.0
17034051584,2.79077,K60-extension,RTX 4070 Ti,1.0
17034706944,2.81475,K60-extension,RTX 4070 Ti,1.0
17035362304,2.58405,K60-extension,RTX 4070 Ti,1.0
17036017664,2.68242,K60-extension,RTX 4070 Ti,1.0
17036673024,2.70231,K60-extension,RTX 4070 Ti,1.0
17037328384,2.77455,K60-extension,RTX 4070 Ti,1.0
17037983744,2.59629,K60-extension,RTX 4070 Ti,1.0
17038639104,2.65866,K60-extension,RTX 4070 Ti,1.0
17039294464,2.61464,K60-extension,RTX 4070 Ti,1.0
17039949824,2.73993,K60-extension,RTX 4070 Ti,1.0
17040605184,2.53193,K60-extension,RTX 4070 Ti,1.0
17041260544,2.64875,K60-extension,RTX 4070 Ti,1.0
17041915904,2.7592,K60-extension,RTX 4070 Ti,1.0
17042571264,2.78112,K60-extension,RTX 4070 Ti,1.0
17043226624,2.55562,K60-extension,RTX 4070 Ti,1.0
17043881984,2.52209,K60-extension,RTX 4070 Ti,1.0
17044537344,2.69031,K60-extension,RTX 4070 Ti,1.0
17045192704,2.54931,K60-extension,RTX 4070 Ti,1.0
17045848064,2.67346,K60-extension,RTX 4070 Ti,1.0
17046503424,2.60107,K60-extension,RTX 4070 Ti,1.0
17047158784,2.83605,K60-extension,RTX 4070 Ti,1.0
17047814144,2.58725,K60-extension,RTX 4070 Ti,1.0
17048469504,2.84846,K60-extension,RTX 4070 Ti,1.0
17049124864,2.65703,K60-extension,RTX 4070 Ti,1.0
17049780224,2.60969,K60-extension,RTX 4070 Ti,1.0
17050435584,2.5511,K60-extension,RTX 4070 Ti,1.0
17051090944,2.56444,K60-extension,RTX 4070 Ti,1.0
17051746304,2.63427,K60-extension,RTX 4070 Ti,1.0
17052401664,2.49907,K60-extension,RTX 4070 Ti,1.0
17053057024,2.6394,K60-extension,RTX 4070 Ti,1.0
17053712384,2.84608,K60-extension,RTX 4070 Ti,1.0
17054367744,2.67637,K60-extension,RTX 4070 Ti,1.0
17055023104,2.59198,K60-extension,RTX 4070 Ti,1.0
17055678464,2.84244,K60-extension,RTX 4070 Ti,1.0
17056333824,2.37569,K60-extension,RTX 4070 Ti,1.0
17056989184,2.40749,K60-extension,RTX 4070 Ti,1.0
17057644544,2.71299,K60-extension,RTX 4070 Ti,1.0
17058299904,2.68775,K60-extension,RTX 4070 Ti,1.0
17058955264,2.45901,K60-extension,RTX 4070 Ti,1.0
17059610624,2.78309,K60-extension,RTX 4070 Ti,1.0
17060265984,2.72643,K60-extension,RTX 4070 Ti,1.0
17060921344,2.66707,K60-extension,RTX 4070 Ti,1.0
17061576704,2.9555,K60-extension,RTX 4070 Ti,1.0
17062232064,2.77715,K60-extension,RTX 4070 Ti,1.0
17062887424,2.71369,K60-extension,RTX 4070 Ti,1.0
17063542784,2.76073,K60-extension,RTX 4070 Ti,1.0
17064198144,2.61783,K60-extension,RTX 4070 Ti,1.0
17064853504,2.54428,K60-extension,RTX 4070 Ti,1.0
17065508864,2.63842,K60-extension,RTX 4070 Ti,1.0
17066164224,2.39745,K60-extension,RTX 4070 Ti,1.0
17066819584,2.7886,K60-extension,RTX 4070 Ti,1.0
17067474944,2.84104,K60-extension,RTX 4070 Ti,1.0
17068130304,2.51076,K60-extension,RTX 4070 Ti,1.0
17068785664,2.48123,K60-extension,RTX 4070 Ti,1.0
17069441024,2.51891,K60-extension,RTX 4070 Ti,1.0
17070096384,2.64111,K60-extension,RTX 4070 Ti,1.0
17070751744,2.7869,K60-extension,RTX 4070 Ti,1.0
17071407104,2.74677,K60-extension,RTX 4070 Ti,1.0
17072062464,2.55242,K60-extension,RTX 4070 Ti,1.0
17072717824,2.7106,K60-extension,RTX 4070 Ti,1.0
17073373184,2.66922,K60-extension,RTX 4070 Ti,1.0
17074028544,2.57642,K60-extension,RTX 4070 Ti,1.0
17074683904,2.54341,K60-extension,RTX 4070 Ti,1.0
17075339264,2.53978,K60-extension,RTX 4070 Ti,1.0
17075994624,2.59541,K60-extension,RTX 4070 Ti,1.0
17076649984,2.8053,K60-extension,RTX 4070 Ti,1.0
17077305344,2.55567,K60-extension,RTX 4070 Ti,1.0
17077960704,2.68475,K60-extension,RTX 4070 Ti,1.0
17078616064,2.7637,K60-extension,RTX 4070 Ti,1.0
17079271424,2.69652,K60-extension,RTX 4070 Ti,1.0
17079926784,2.77217,K60-extension,RTX 4070 Ti,1.0
17080582144,2.77193,K60-extension,RTX 4070 Ti,1.0
17081237504,2.85967,K60-extension,RTX 4070 Ti,1.0
17081892864,2.70622,K60-extension,RTX 4070 Ti,1.0
17082548224,2.85637,K60-extension,RTX 4070 Ti,1.0
17083203584,2.40306,K60-extension,RTX 4070 Ti,1.0
17083858944,2.63393,K60-extension,RTX 4070 Ti,1.0
17084514304,2.67774,K60-extension,RTX 4070 Ti,1.0
17085169664,2.56549,K60-extension,RTX 4070 Ti,1.0
17085825024,2.54719,K60-extension,RTX 4070 Ti,1.0
17086480384,2.73944,K60-extension,RTX 4070 Ti,1.0
17087135744,2.74125,K60-extension,RTX 4070 Ti,1.0
17087791104,2.42807,K60-extension,RTX 4070 Ti,1.0
17088446464,2.68869,K60-extension,RTX 4070 Ti,1.0
17089101824,2.65439,K60-extension,RTX 4070 Ti,1.0
17089757184,2.47293,K60-extension,RTX 4070 Ti,1.0
17090412544,2.58299,K60-extension,RTX 4070 Ti,1.0
17091067904,2.47884,K60-extension,RTX 4070 Ti,1.0
17091723264,2.62102,K60-extension,RTX 4070 Ti,1.0
17092378624,2.79956,K60-extension,RTX 4070 Ti,1.0
17093033984,2.79259,K60-extension,RTX 4070 Ti,1.0
17093689344,2.70375,K60-extension,RTX 4070 Ti,1.0
17094344704,2.64784,K60-extension,RTX 4070 Ti,1.0
17095000064,2.28279,K60-extension,RTX 4070 Ti,1.0
17095655424,2.82334,K60-extension,RTX 4070 Ti,1.0
17096310784,2.69126,K60-extension,RTX 4070 Ti,1.0
17096966144,2.63382,K60-extension,RTX 4070 Ti,1.0
17097621504,2.8121,K60-extension,RTX 4070 Ti,1.0
17098276864,2.66587,K60-extension,RTX 4070 Ti,1.0
17098932224,2.66941,K60-extension,RTX 4070 Ti,1.0
17099587584,3.00618,K60-extension,RTX 4070 Ti,1.0
17100242944,2.66553,K60-extension,RTX 4070 Ti,1.0
17100898304,2.60155,K60-extension,RTX 4070 Ti,1.0
17101553664,2.70906,K60-extension,RTX 4070 Ti,1.0
17102209024,2.50598,K60-extension,RTX 4070 Ti,1.0
17102864384,2.67935,K60-extension,RTX 4070 Ti,1.0
17103519744,2.86287,K60-extension,RTX 4070 Ti,1.0
17104175104,2.53532,K60-extension,RTX 4070 Ti,1.0
17104830464,2.58127,K60-extension,RTX 4070 Ti,1.0
17105485824,2.67736,K60-extension,RTX 4070 Ti,1.0
17106141184,2.39142,K60-extension,RTX 4070 Ti,1.0
17106796544,2.66925,K60-extension,RTX 4070 Ti,1.0
17107451904,2.62647,K60-extension,RTX 4070 Ti,1.0
17108107264,2.71317,K60-extension,RTX 4070 Ti,1.0
17108762624,2.76159,K60-extension,RTX 4070 Ti,1.0
17109417984,2.62935,K60-extension,RTX 4070 Ti,1.0
17110073344,2.7772,K60-extension,RTX 4070 Ti,1.0
17110728704,2.83508,K60-extension,RTX 4070 Ti,1.0
17111384064,2.43961,K60-extension,RTX 4070 Ti,1.0
17112039424,2.42408,K60-extension,RTX 4070 Ti,1.0
17112694784,2.69105,K60-extension,RTX 4070 Ti,1.0
17113350144,2.63381,K60-extension,RTX 4070 Ti,1.0
17114005504,2.48821,K60-extension,RTX 4070 Ti,1.0
17114660864,2.72031,K60-extension,RTX 4070 Ti,1.0
17115316224,2.64069,K60-extension,RTX 4070 Ti,1.0
17115971584,2.47523,K60-extension,RTX 4070 Ti,1.0
17116626944,2.75896,K60-extension,RTX 4070 Ti,1.0
17117282304,2.62857,K60-extension,RTX 4070 Ti,1.0
17117937664,2.55147,K60-extension,RTX 4070 Ti,1.0
17118593024,2.55689,K60-extension,RTX 4070 Ti,1.0
17119248384,2.565,K60-extension,RTX 4070 Ti,1.0
17119903744,2.74234,K60-extension,RTX 4070 Ti,1.0
17120559104,2.67084,K60-extension,RTX 4070 Ti,1.0
17121214464,2.60668,K60-extension,RTX 4070 Ti,1.0
17121869824,2.71091,K60-extension,RTX 4070 Ti,1.0
17122525184,2.80732,K60-extension,RTX 4070 Ti,1.0
17123180544,2.54745,K60-extension,RTX 4070 Ti,1.0
17123835904,2.65255,K60-extension,RTX 4070 Ti,1.0
17124491264,2.65871,K60-extension,RTX 4070 Ti,1.0
17125146624,2.67317,K60-extension,RTX 4070 Ti,1.0
17125801984,2.74479,K60-extension,RTX 4070 Ti,1.0
17126457344,2.74976,K60-extension,RTX 4070 Ti,1.0
17127112704,2.84821,K60-extension,RTX 4070 Ti,1.0
17127768064,2.49271,K60-extension,RTX 4070 Ti,1.0
17128423424,2.67972,K60-extension,RTX 4070 Ti,1.0
17129078784,2.65104,K60-extension,RTX 4070 Ti,1.0
17129734144,2.69179,K60-extension,RTX 4070 Ti,1.0
17130389504,2.73446,K60-extension,RTX 4070 Ti,1.0
17131044864,2.69634,K60-extension,RTX 4070 Ti,1.0
17131700224,2.82464,K60-extension,RTX 4070 Ti,1.0
17132355584,2.89716,K60-extension,RTX 4070 Ti,1.0
17133010944,2.18613,K60-extension,RTX 4070 Ti,1.0
17133666304,2.61759,K60-extension,RTX 4070 Ti,1.0
17134321664,2.75443,K60-extension,RTX 4070 Ti,1.0
17134977024,2.61388,K60-extension,RTX 4070 Ti,1.0
17135632384,2.75508,K60-extension,RTX 4070 Ti,1.0
17136287744,2.67614,K60-extension,RTX 4070 Ti,1.0
17136943104,2.56639,K60-extension,RTX 4070 Ti,1.0
17137598464,2.96759,K60-extension,RTX 4070 Ti,1.0
17138253824,2.58806,K60-extension,RTX 4070 Ti,1.0
17138909184,2.86445,K60-extension,RTX 4070 Ti,1.0
17139564544,2.6991,K60-extension,RTX 4070 Ti,1.0
17140219904,2.48163,K60-extension,RTX 4070 Ti,1.0
17140875264,2.71662,K60-extension,RTX 4070 Ti,1.0
17141530624,2.65825,K60-extension,RTX 4070 Ti,1.0
17142185984,2.37956,K60-extension,RTX 4070 Ti,1.0
17142841344,2.61578,K60-extension,RTX 4070 Ti,1.0
17143496704,2.69446,K60-extension,RTX 4070 Ti,1.0
17144152064,2.47634,K60-extension,RTX 4070 Ti,1.0
17144807424,2.77468,K60-extension,RTX 4070 Ti,1.0
17145462784,2.6737,K60-extension,RTX 4070 Ti,1.0
17146118144,2.76848,K60-extension,RTX 4070 Ti,1.0
17146773504,2.70394,K60-extension,RTX 4070 Ti,1.0
17147428864,2.71099,K60-extension,RTX 4070 Ti,1.0
17148084224,2.79571,K60-extension,RTX 4070 Ti,1.0
17148739584,2.74564,K60-extension,RTX 4070 Ti,1.0
17149394944,2.44117,K60-extension,RTX 4070 Ti,1.0
17150050304,2.63997,K60-extension,RTX 4070 Ti,1.0
17150705664,2.73357,K60-extension,RTX 4070 Ti,1.0
17151361024,2.55253,K60-extension,RTX 4070 Ti,1.0
17152016384,2.57793,K60-extension,RTX 4070 Ti,1.0
17152671744,2.73635,K60-extension,RTX 4070 Ti,1.0
17153327104,2.66008,K60-extension,RTX 4070 Ti,1.0
17153982464,2.38046,K60-extension,RTX 4070 Ti,1.0
17154637824,2.75067,K60-extension,RTX 4070 Ti,1.0
17155293184,2.70461,K60-extension,RTX 4070 Ti,1.0
17155948544,2.60149,K60-extension,RTX 4070 Ti,1.0
17156603904,2.83512,K60-extension,RTX 4070 Ti,1.0
17157259264,2.66029,K60-extension,RTX 4070 Ti,1.0
17157914624,2.89928,K60-extension,RTX 4070 Ti,1.0
17158569984,2.68913,K60-extension,RTX 4070 Ti,1.0
17159225344,2.92502,K60-extension,RTX 4070 Ti,1.0
17159880704,2.53104,K60-extension,RTX 4070 Ti,1.0
17160536064,2.74927,K60-extension,RTX 4070 Ti,1.0
17161191424,2.43929,K60-extension,RTX 4070 Ti,1.0
17161846784,2.60053,K60-extension,RTX 4070 Ti,1.0
17162502144,2.52418,K60-extension,RTX 4070 Ti,1.0
17163157504,2.70061,K60-extension,RTX 4070 Ti,1.0
17163812864,2.62094,K60-extension,RTX 4070 Ti,1.0
17164468224,2.39113,K60-extension,RTX 4070 Ti,1.0
17165123584,2.59602,K60-extension,RTX 4070 Ti,1.0
17165778944,2.44086,K60-extension,RTX 4070 Ti,1.0
17166434304,2.78892,K60-extension,RTX 4070 Ti,1.0
17167089664,2.52633,K60-extension,RTX 4070 Ti,1.0
17167745024,2.65646,K60-extension,RTX 4070 Ti,1.0
17168400384,2.7564,K60-extension,RTX 4070 Ti,1.0
17169055744,2.60271,K60-extension,RTX 4070 Ti,1.0
17169711104,2.75316,K60-extension,RTX 4070 Ti,1.0
17170366464,2.73889,K60-extension,RTX 4070 Ti,1.0
17171021824,2.59273,K60-extension,RTX 4070 Ti,1.0
17171677184,2.4906,K60-extension,RTX 4070 Ti,1.0
17172332544,2.77152,K60-extension,RTX 4070 Ti,1.0
17172987904,2.34615,K60-extension,RTX 4070 Ti,1.0
17173643264,2.63359,K60-extension,RTX 4070 Ti,1.0
17174298624,2.52503,K60-extension,RTX 4070 Ti,1.0
17174953984,2.65376,K60-extension,RTX 4070 Ti,1.0
17175609344,2.61508,K60-extension,RTX 4070 Ti,1.0
17176264704,2.53918,K60-extension,RTX 4070 Ti,1.0
17176920064,2.49487,K60-extension,RTX 4070 Ti,1.0
17177575424,2.91585,K60-extension,RTX 4070 Ti,1.0
17178230784,2.5566,K60-extension,RTX 4070 Ti,1.0
17178886144,2.72388,K60-extension,RTX 4070 Ti,1.0
17179541504,2.87949,K60-extension,RTX 4070 Ti,1.0
17180196864,2.61308,K60-extension,RTX 4070 Ti,1.0
17180852224,2.60334,K60-extension,RTX 4070 Ti,1.0
17181507584,2.74812,K60-extension,RTX 4070 Ti,1.0
17182162944,2.69026,K60-extension,RTX 4070 Ti,1.0
17182818304,2.81958,K60-extension,RTX 4070 Ti,1.0
17183473664,2.70882,K60-extension,RTX 4070 Ti,1.0
17184129024,2.55572,K60-extension,RTX 4070 Ti,1.0
17184784384,2.84502,K60-extension,RTX 4070 Ti,1.0
17185439744,2.77596,K60-extension,RTX 4070 Ti,1.0
17186095104,2.52445,K60-extension,RTX 4070 Ti,1.0
17186750464,2.72459,K60-extension,RTX 4070 Ti,1.0
17187405824,2.64374,K60-extension,RTX 4070 Ti,1.0
17188061184,2.31221,K60-extension,RTX 4070 Ti,1.0
17188716544,2.60778,K60-extension,RTX 4070 Ti,1.0
17189371904,2.61707,K60-extension,RTX 4070 Ti,1.0
17190027264,2.6844,K60-extension,RTX 4070 Ti,1.0
17190682624,2.91406,K60-extension,RTX 4070 Ti,1.0
17191337984,2.69604,K60-extension,RTX 4070 Ti,1.0
17191993344,2.55829,K60-extension,RTX 4070 Ti,1.0
17192648704,2.6573,K60-extension,RTX 4070 Ti,1.0
17193304064,2.43424,K60-extension,RTX 4070 Ti,1.0
17193959424,2.59272,K60-extension,RTX 4070 Ti,1.0
17194614784,2.63741,K60-extension,RTX 4070 Ti,1.0
17195270144,2.66899,K60-extension,RTX 4070 Ti,1.0
17195925504,2.77089,K60-extension,RTX 4070 Ti,1.0
17196580864,2.73291,K60-extension,RTX 4070 Ti,1.0
17197236224,2.63802,K60-extension,RTX 4070 Ti,1.0
17197891584,2.61056,K60-extension,RTX 4070 Ti,1.0
17198546944,2.69969,K60-extension,RTX 4070 Ti,1.0
17199202304,2.52831,K60-extension,RTX 4070 Ti,1.0
17199857664,2.58117,K60-extension,RTX 4070 Ti,1.0
17200513024,2.51021,K60-extension,RTX 4070 Ti,1.0
17201168384,2.57361,K60-extension,RTX 4070 Ti,1.0
17201823744,2.46819,K60-extension,RTX 4070 Ti,1.0
17202479104,2.4136,K60-extension,RTX 4070 Ti,1.0
17203134464,2.67399,K60-extension,RTX 4070 Ti,1.0
17203789824,2.66993,K60-extension,RTX 4070 Ti,1.0
17204445184,2.71695,K60-extension,RTX 4070 Ti,1.0
17205100544,2.46812,K60-extension,RTX 4070 Ti,1.0
17205755904,2.62855,K60-extension,RTX 4070 Ti,1.0
17206411264,2.70816,K60-extension,RTX 4070 Ti,1.0
17207066624,2.72847,K60-extension,RTX 4070 Ti,1.0
17207721984,2.65459,K60-extension,RTX 4070 Ti,1.0
17208377344,2.61585,K60-extension,RTX 4070 Ti,1.0
17209032704,2.44826,K60-extension,RTX 4070 Ti,1.0
17209688064,2.80891,K60-extension,RTX 4070 Ti,1.0
17210343424,2.57343,K60-extension,RTX 4070 Ti,1.0
17210998784,2.56873,K60-extension,RTX 4070 Ti,1.0
17211654144,2.83094,K60-extension,RTX 4070 Ti,1.0
17212309504,2.73801,K60-extension,RTX 4070 Ti,1.0
17212964864,2.68642,K60-extension,RTX 4070 Ti,1.0
17213620224,2.76936,K60-extension,RTX 4070 Ti,1.0
17214275584,2.60052,K60-extension,RTX 4070 Ti,1.0
17214930944,2.53432,K60-extension,RTX 4070 Ti,1.0
17215586304,2.86847,K60-extension,RTX 4070 Ti,1.0
17216241664,2.73368,K60-extension,RTX 4070 Ti,1.0
17216897024,2.7704,K60-extension,RTX 4070 Ti,1.0
17217552384,2.68865,K60-extension,RTX 4070 Ti,1.0
17218207744,2.53848,K60-extension,RTX 4070 Ti,1.0
17218863104,2.61818,K60-extension,RTX 4070 Ti,1.0
17219518464,2.81969,K60-extension,RTX 4070 Ti,1.0
17220173824,2.77316,K60-extension,RTX 4070 Ti,1.0
17220829184,2.49733,K60-extension,RTX 4070 Ti,1.0
17221484544,2.83407,K60-extension,RTX 4070 Ti,1.0
17222139904,2.41609,K60-extension,RTX 4070 Ti,1.0
17222795264,2.65861,K60-extension,RTX 4070 Ti,1.0
17223450624,2.72809,K60-extension,RTX 4070 Ti,1.0
17224105984,2.56233,K60-extension,RTX 4070 Ti,1.0
17224761344,2.71605,K60-extension,RTX 4070 Ti,1.0
17225416704,2.70413,K60-extension,RTX 4070 Ti,1.0
17226072064,2.55482,K60-extension,RTX 4070 Ti,1.0
17226727424,2.89547,K60-extension,RTX 4070 Ti,1.0
17227382784,2.71222,K60-extension,RTX 4070 Ti,1.0
17228038144,2.56938,K60-extension,RTX 4070 Ti,1.0
17228693504,2.85881,K60-extension,RTX 4070 Ti,1.0
17229348864,2.47911,K60-extension,RTX 4070 Ti,1.0
17230004224,2.52545,K60-extension,RTX 4070 Ti,1.0
17230659584,2.74198,K60-extension,RTX 4070 Ti,1.0
17231314944,2.54883,K60-extension,RTX 4070 Ti,1.0
17231970304,2.60816,K60-extension,RTX 4070 Ti,1.0
17232625664,2.63742,K60-extension,RTX 4070 Ti,1.0
17233281024,2.63718,K60-extension,RTX 4070 Ti,1.0
17233936384,2.77124,K60-extension,RTX 4070 Ti,1.0
17234591744,2.85068,K60-extension,RTX 4070 Ti,1.0
17235247104,2.62136,K60-extension,RTX 4070 Ti,1.0
17235902464,2.5875,K60-extension,RTX 4070 Ti,1.0
17236557824,2.73207,K60-extension,RTX 4070 Ti,1.0
17237213184,2.61332,K60-extension,RTX 4070 Ti,1.0
17237868544,2.72755,K60-extension,RTX 4070 Ti,1.0
17238523904,2.72409,K60-extension,RTX 4070 Ti,1.0
17239179264,2.59755,K60-extension,RTX 4070 Ti,1.0
17239834624,2.53414,K60-extension,RTX 4070 Ti,1.0
17240489984,2.80877,K60-extension,RTX 4070 Ti,1.0
17241145344,2.53691,K60-extension,RTX 4070 Ti,1.0
17241800704,2.68695,K60-extension,RTX 4070 Ti,1.0
17242456064,2.56705,K60-extension,RTX 4070 Ti,1.0
17243111424,2.52158,K60-extension,RTX 4070 Ti,1.0
17243766784,2.82235,K60-extension,RTX 4070 Ti,1.0
17244422144,2.75524,K60-extension,RTX 4070 Ti,1.0
17245077504,2.59756,K60-extension,RTX 4070 Ti,1.0
17245732864,2.75064,K60-extension,RTX 4070 Ti,1.0
17246388224,2.52889,K60-extension,RTX 4070 Ti,1.0
17247043584,2.61772,K60-extension,RTX 4070 Ti,1.0
17247698944,2.66849,K60-extension,RTX 4070 Ti,1.0
17248354304,2.74474,K60-extension,RTX 4070 Ti,1.0
17249009664,2.66921,K60-extension,RTX 4070 Ti,1.0
17249665024,2.77836,K60-extension,RTX 4070 Ti,1.0
17250320384,2.88492,K60-extension,RTX 4070 Ti,1.0
17250975744,2.55095,K60-extension,RTX 4070 Ti,1.0
17251631104,2.74178,K60-extension,RTX 4070 Ti,1.0
17252286464,2.84137,K60-extension,RTX 4070 Ti,1.0
17252941824,2.37401,K60-extension,RTX 4070 Ti,1.0
17253597184,2.76754,K60-extension,RTX 4070 Ti,1.0
17254252544,2.84163,K60-extension,RTX 4070 Ti,1.0
17254907904,2.64296,K60-extension,RTX 4070 Ti,1.0
17255563264,2.96889,K60-extension,RTX 4070 Ti,1.0
17256218624,2.38848,K60-extension,RTX 4070 Ti,1.0
17256873984,2.4841,K60-extension,RTX 4070 Ti,1.0
17257529344,2.68988,K60-extension,RTX 4070 Ti,1.0
17258184704,2.52844,K60-extension,RTX 4070 Ti,1.0
17258840064,2.65372,K60-extension,RTX 4070 Ti,1.0
17259495424,2.66129,K60-extension,RTX 4070 Ti,1.0
17260150784,2.48584,K60-extension,RTX 4070 Ti,1.0
17260806144,2.45379,K60-extension,RTX 4070 Ti,1.0
17261461504,2.72217,K60-extension,RTX 4070 Ti,1.0
17262116864,2.78042,K60-extension,RTX 4070 Ti,1.0
17262772224,2.83159,K60-extension,RTX 4070 Ti,1.0
17263427584,2.39627,K60-extension,RTX 4070 Ti,1.0
17264082944,2.75246,K60-extension,RTX 4070 Ti,1.0
17264738304,2.69889,K60-extension,RTX 4070 Ti,1.0
17265393664,2.57554,K60-extension,RTX 4070 Ti,1.0
17266049024,2.71725,K60-extension,RTX 4070 Ti,1.0
17266704384,2.93566,K60-extension,RTX 4070 Ti,1.0
17267359744,2.96526,K60-extension,RTX 4070 Ti,1.0
17268015104,2.47757,K60-extension,RTX 4070 Ti,1.0
17268670464,3.0362,K60-extension,RTX 4070 Ti,1.0
17269325824,2.52654,K60-extension,RTX 4070 Ti,1.0
17269981184,2.42119,K60-extension,RTX 4070 Ti,1.0
17270636544,2.73986,K60-extension,RTX 4070 Ti,1.0
17271291904,2.726,K60-extension,RTX 4070 Ti,1.0
17271947264,2.8536,K60-extension,RTX 4070 Ti,1.0
17272602624,2.94438,K60-extension,RTX 4070 Ti,1.0
17273257984,2.53176,K60-extension,RTX 4070 Ti,1.0
17273913344,2.60579,K60-extension,RTX 4070 Ti,1.0
17274568704,2.72344,K60-extension,RTX 4070 Ti,1.0
17275224064,2.65794,K60-extension,RTX 4070 Ti,1.0
17275879424,2.59456,K60-extension,RTX 4070 Ti,1.0
17276534784,2.90401,K60-extension,RTX 4070 Ti,1.0
17277190144,2.58593,K60-extension,RTX 4070 Ti,1.0
17277845504,2.46788,K60-extension,RTX 4070 Ti,1.0
17278500864,2.7975,K60-extension,RTX 4070 Ti,1.0
17279156224,2.73816,K60-extension,RTX 4070 Ti,1.0
17279811584,2.87884,K60-extension,RTX 4070 Ti,1.0
17280466944,2.39383,K60-extension,RTX 4070 Ti,1.0
17281122304,2.79059,K60-extension,RTX 4070 Ti,1.0
17281777664,2.63972,K60-extension,RTX 4070 Ti,1.0
17282433024,2.56089,K60-extension,RTX 4070 Ti,1.0
17283088384,2.57868,K60-extension,RTX 4070 Ti,1.0
17283743744,2.66978,K60-extension,RTX 4070 Ti,1.0
17284399104,2.73573,K60-extension,RTX 4070 Ti,1.0
17285054464,2.68014,K60-extension,RTX 4070 Ti,1.0
17285709824,2.5761,K60-extension,RTX 4070 Ti,1.0
17286365184,2.48908,K60-extension,RTX 4070 Ti,1.0
17287020544,2.72819,K60-extension,RTX 4070 Ti,1.0
17287675904,2.77362,K60-extension,RTX 4070 Ti,1.0
17288331264,2.58679,K60-extension,RTX 4070 Ti,1.0
17288986624,2.5539,K60-extension,RTX 4070 Ti,1.0
17289641984,2.71779,K60-extension,RTX 4070 Ti,1.0
17290297344,2.49574,K60-extension,RTX 4070 Ti,1.0
17290952704,2.66902,K60-extension,RTX 4070 Ti,1.0
17291608064,2.66084,K60-extension,RTX 4070 Ti,1.0
17292263424,2.70955,K60-extension,RTX 4070 Ti,1.0
17292918784,2.85073,K60-extension,RTX 4070 Ti,1.0
17293574144,2.85175,K60-extension,RTX 4070 Ti,1.0
17294229504,2.69528,K60-extension,RTX 4070 Ti,1.0
17294884864,2.5602,K60-extension,RTX 4070 Ti,1.0
17295540224,2.73723,K60-extension,RTX 4070 Ti,1.0
17296195584,2.52508,K60-extension,RTX 4070 Ti,1.0
17296850944,2.38466,K60-extension,RTX 4070 Ti,1.0
17297506304,2.63597,K60-extension,RTX 4070 Ti,1.0
17298161664,2.64357,K60-extension,RTX 4070 Ti,1.0
17298817024,2.54658,K60-extension,RTX 4070 Ti,1.0
17299472384,2.60555,K60-extension,RTX 4070 Ti,1.0
17300127744,2.79292,K60-extension,RTX 4070 Ti,1.0
17300783104,2.6572,K60-extension,RTX 4070 Ti,1.0
17301438464,2.62991,K60-extension,RTX 4070 Ti,1.0
17302093824,2.53083,K60-extension,RTX 4070 Ti,1.0
17302749184,2.58534,K60-extension,RTX 4070 Ti,1.0
17303404544,2.58045,K60-extension,RTX 4070 Ti,1.0
17304059904,2.52472,K60-extension,RTX 4070 Ti,1.0
17304715264,2.79575,K60-extension,RTX 4070 Ti,1.0
17305370624,2.61307,K60-extension,RTX 4070 Ti,1.0
17306025984,2.64002,K60-extension,RTX 4070 Ti,1.0
17306681344,2.66115,K60-extension,RTX 4070 Ti,1.0
17307336704,2.48188,K60-extension,RTX 4070 Ti,1.0
17307992064,2.48397,K60-extension,RTX 4070 Ti,1.0
17308647424,2.54681,K60-extension,RTX 4070 Ti,1.0
17309302784,2.61624,K60-extension,RTX 4070 Ti,1.0
17309958144,2.41191,K60-extension,RTX 4070 Ti,1.0
17310613504,2.88757,K60-extension,RTX 4070 Ti,1.0
17311268864,2.50458,K60-extension,RTX 4070 Ti,1.0
17311924224,2.48082,K60-extension,RTX 4070 Ti,1.0
17312579584,2.79877,K60-extension,RTX 4070 Ti,1.0
17313234944,2.27125,K60-extension,RTX 4070 Ti,1.0
17313890304,2.71378,K60-extension,RTX 4070 Ti,1.0
17314545664,2.86971,K60-extension,RTX 4070 Ti,1.0
17315201024,2.55441,K60-extension,RTX 4070 Ti,1.0
17315856384,2.46829,K60-extension,RTX 4070 Ti,1.0
17316511744,2.85793,K60-extension,RTX 4070 Ti,1.0
17317167104,2.71747,K60-extension,RTX 4070 Ti,1.0
17317822464,2.74228,K60-extension,RTX 4070 Ti,1.0
17318477824,2.66432,K60-extension,RTX 4070 Ti,1.0
17319133184,2.7198,K60-extension,RTX 4070 Ti,1.0
17319788544,2.45482,K60-extension,RTX 4070 Ti,1.0
17320443904,2.58439,K60-extension,RTX 4070 Ti,1.0
17321099264,2.65039,K60-extension,RTX 4070 Ti,1.0
17321754624,2.78681,K60-extension,RTX 4070 Ti,1.0
17322409984,2.98714,K60-extension,RTX 4070 Ti,1.0
17323065344,2.63259,K60-extension,RTX 4070 Ti,1.0
17323720704,2.77114,K60-extension,RTX 4070 Ti,1.0
17324376064,2.51688,K60-extension,RTX 4070 Ti,1.0
17325031424,2.43303,K60-extension,RTX 4070 Ti,1.0
17325686784,2.65197,K60-extension,RTX 4070 Ti,1.0
17326342144,2.84828,K60-extension,RTX 4070 Ti,1.0
17326997504,2.6919,K60-extension,RTX 4070 Ti,1.0
17327652864,2.86549,K60-extension,RTX 4070 Ti,1.0
17328308224,2.80887,K60-extension,RTX 4070 Ti,1.0
17328963584,2.53106,K60-extension,RTX 4070 Ti,1.0
17329618944,2.66383,K60-extension,RTX 4070 Ti,1.0
17330274304,2.71485,K60-extension,RTX 4070 Ti,1.0
17330929664,2.8072,K60-extension,RTX 4070 Ti,1.0
17331585024,2.86012,K60-extension,RTX 4070 Ti,1.0
17332240384,2.47773,K60-extension,RTX 4070 Ti,1.0
17332895744,2.53527,K60-extension,RTX 4070 Ti,1.0
17333551104,2.74731,K60-extension,RTX 4070 Ti,1.0
17334206464,2.78802,K60-extension,RTX 4070 Ti,1.0
17334861824,2.37402,K60-extension,RTX 4070 Ti,1.0
17335517184,2.78173,K60-extension,RTX 4070 Ti,1.0
17336172544,2.55766,K60-extension,RTX 4070 Ti,1.0
17336827904,2.46966,K60-extension,RTX 4070 Ti,1.0
17337483264,2.77716,K60-extension,RTX 4070 Ti,1.0
17338138624,2.57803,K60-extension,RTX 4070 Ti,1.0
17338793984,2.52222,K60-extension,RTX 4070 Ti,1.0
17339449344,2.71847,K60-extension,RTX 4070 Ti,1.0
17340104704,2.5303,K60-extension,RTX 4070 Ti,1.0
17340760064,2.88209,K60-extension,RTX 4070 Ti,1.0
17341415424,2.66548,K60-extension,RTX 4070 Ti,1.0
17342070784,2.69907,K60-extension,RTX 4070 Ti,1.0
17342726144,2.72213,K60-extension,RTX 4070 Ti,1.0
17343381504,2.72798,K60-extension,RTX 4070 Ti,1.0
17344036864,2.53017,K60-extension,RTX 4070 Ti,1.0
17344692224,2.84121,K60-extension,RTX 4070 Ti,1.0
17345347584,2.61454,K60-extension,RTX 4070 Ti,1.0
17346002944,2.39671,K60-extension,RTX 4070 Ti,1.0
17346658304,2.68078,K60-extension,RTX 4070 Ti,1.0
17347313664,2.6454,K60-extension,RTX 4070 Ti,1.0
17347969024,2.64099,K60-extension,RTX 4070 Ti,1.0
17348624384,2.77798,K60-extension,RTX 4070 Ti,1.0
17349279744,2.52715,K60-extension,RTX 4070 Ti,1.0
17349935104,2.60317,K60-extension,RTX 4070 Ti,1.0
17350590464,2.75684,K60-extension,RTX 4070 Ti,1.0
17351245824,2.62815,K60-extension,RTX 4070 Ti,1.0
17351901184,2.65018,K60-extension,RTX 4070 Ti,1.0
17352556544,2.69154,K60-extension,RTX 4070 Ti,1.0
17353211904,2.40791,K60-extension,RTX 4070 Ti,1.0
17353867264,2.56959,K60-extension,RTX 4070 Ti,1.0
17354522624,2.86572,K60-extension,RTX 4070 Ti,1.0
17355177984,2.57316,K60-extension,RTX 4070 Ti,1.0
17355833344,2.57073,K60-extension,RTX 4070 Ti,1.0
17356488704,2.65499,K60-extension,RTX 4070 Ti,1.0
17357144064,2.72349,K60-extension,RTX 4070 Ti,1.0
17357799424,2.48715,K60-extension,RTX 4070 Ti,1.0
17358454784,2.7718,K60-extension,RTX 4070 Ti,1.0
17359110144,2.80135,K60-extension,RTX 4070 Ti,1.0
17359765504,2.84696,K60-extension,RTX 4070 Ti,1.0
17360420864,2.59942,K60-extension,RTX 4070 Ti,1.0
17361076224,2.55878,K60-extension,RTX 4070 Ti,1.0
17361731584,2.75263,K60-extension,RTX 4070 Ti,1.0
17362386944,2.40702,K60-extension,RTX 4070 Ti,1.0
17363042304,2.6385,K60-extension,RTX 4070 Ti,1.0
17363697664,2.6877,K60-extension,RTX 4070 Ti,1.0
17364353024,2.70624,K60-extension,RTX 4070 Ti,1.0
17365008384,2.68076,K60-extension,RTX 4070 Ti,1.0
17365663744,2.72081,K60-extension,RTX 4070 Ti,1.0
17366319104,2.60272,K60-extension,RTX 4070 Ti,1.0
17366974464,2.59511,K60-extension,RTX 4070 Ti,1.0
17367629824,2.70493,K60-extension,RTX 4070 Ti,1.0
17368285184,2.71011,K60-extension,RTX 4070 Ti,1.0
17368940544,2.65018,K60-extension,RTX 4070 Ti,1.0
17369595904,2.56407,K60-extension,RTX 4070 Ti,1.0
17370251264,2.71872,K60-extension,RTX 4070 Ti,1.0
17370906624,2.67874,K60-extension,RTX 4070 Ti,1.0
17371561984,2.65956,K60-extension,RTX 4070 Ti,1.0
17372217344,2.8004,K60-extension,RTX 4070 Ti,1.0
17372872704,2.59934,K60-extension,RTX 4070 Ti,1.0
17373528064,2.80778,K60-extension,RTX 4070 Ti,1.0
17374183424,2.63585,K60-extension,RTX 4070 Ti,1.0
17374838784,2.59482,K60-extension,RTX 4070 Ti,1.0
17375494144,2.85757,K60-extension,RTX 4070 Ti,1.0
17376149504,2.81274,K60-extension,RTX 4070 Ti,1.0
17376804864,2.81494,K60-extension,RTX 4070 Ti,1.0
17377460224,2.76472,K60-extension,RTX 4070 Ti,1.0
17378115584,2.67035,K60-extension,RTX 4070 Ti,1.0
17378770944,2.63551,K60-extension,RTX 4070 Ti,1.0
17379426304,2.71538,K60-extension,RTX 4070 Ti,1.0
17380081664,2.39099,K60-extension,RTX 4070 Ti,1.0
17380737024,2.73261,K60-extension,RTX 4070 Ti,1.0
17381392384,2.53569,K60-extension,RTX 4070 Ti,1.0
17382047744,2.53712,K60-extension,RTX 4070 Ti,1.0
17382703104,2.99747,K60-extension,RTX 4070 Ti,1.0
17383358464,2.77191,K60-extension,RTX 4070 Ti,1.0
17384013824,2.52189,K60-extension,RTX 4070 Ti,1.0
17384669184,2.67688,K60-extension,RTX 4070 Ti,1.0
17385324544,2.60291,K60-extension,RTX 4070 Ti,1.0
17385979904,2.42065,K60-extension,RTX 4070 Ti,1.0
17386635264,2.80541,K60-extension,RTX 4070 Ti,1.0
17387290624,2.6013,K60-extension,RTX 4070 Ti,1.0
17387945984,2.72979,K60-extension,RTX 4070 Ti,1.0
17388601344,2.80152,K60-extension,RTX 4070 Ti,1.0
17389256704,2.57135,K60-extension,RTX 4070 Ti,1.0
17389912064,2.68145,K60-extension,RTX 4070 Ti,1.0
17390567424,2.78917,K60-extension,RTX 4070 Ti,1.0
17391222784,2.57628,K60-extension,RTX 4070 Ti,1.0
17391878144,2.50144,K60-extension,RTX 4070 Ti,1.0
17392533504,2.83259,K60-extension,RTX 4070 Ti,1.0
17393188864,2.65875,K60-extension,RTX 4070 Ti,1.0
17393844224,2.59778,K60-extension,RTX 4070 Ti,1.0
17394499584,2.50982,K60-extension,RTX 4070 Ti,1.0
17395154944,2.48187,K60-extension,RTX 4070 Ti,1.0
17395810304,2.50166,K60-extension,RTX 4070 Ti,1.0
17396465664,2.54774,K60-extension,RTX 4070 Ti,1.0
17397121024,2.62662,K60-extension,RTX 4070 Ti,1.0
17397776384,2.68213,K60-extension,RTX 4070 Ti,1.0
17398431744,2.78182,K60-extension,RTX 4070 Ti,1.0
17399087104,2.71705,K60-extension,RTX 4070 Ti,1.0
17399742464,2.7191,K60-extension,RTX 4070 Ti,1.0
17400397824,2.50512,K60-extension,RTX 4070 Ti,1.0
17401053184,2.50941,K60-extension,RTX 4070 Ti,1.0
17401708544,2.65531,K60-extension,RTX 4070 Ti,1.0
17402363904,2.7721,K60-extension,RTX 4070 Ti,1.0
17403019264,2.60442,K60-extension,RTX 4070 Ti,1.0
17403674624,2.74178,K60-extension,RTX 4070 Ti,1.0
17404329984,2.54285,K60-extension,RTX 4070 Ti,1.0
17404985344,2.59226,K60-extension,RTX 4070 Ti,1.0
17405640704,2.69528,K60-extension,RTX 4070 Ti,1.0
17406296064,2.50139,K60-extension,RTX 4070 Ti,1.0
17406951424,2.6388,K60-extension,RTX 4070 Ti,1.0
17407606784,2.93141,K60-extension,RTX 4070 Ti,1.0
17408262144,2.72721,K60-extension,RTX 4070 Ti,1.0
17408917504,2.49739,K60-extension,RTX 4070 Ti,1.0
17409572864,2.5578,K60-extension,RTX 4070 Ti,1.0
17410228224,2.76573,K60-extension,RTX 4070 Ti,1.0
17410883584,2.70539,K60-extension,RTX 4070 Ti,1.0
17411538944,2.85896,K60-extension,RTX 4070 Ti,1.0
17412194304,2.72805,K60-extension,RTX 4070 Ti,1.0
17412849664,2.44915,K60-extension,RTX 4070 Ti,1.0
17413505024,2.96736,K60-extension,RTX 4070 Ti,1.0
17414160384,2.70439,K60-extension,RTX 4070 Ti,1.0
17414815744,2.61907,K60-extension,RTX 4070 Ti,1.0
17415471104,2.83822,K60-extension,RTX 4070 Ti,1.0
17416126464,2.45438,K60-extension,RTX 4070 Ti,1.0
17416781824,2.4393,K60-extension,RTX 4070 Ti,1.0
17417437184,2.88382,K60-extension,RTX 4070 Ti,1.0
17418092544,2.59129,K60-extension,RTX 4070 Ti,1.0
17418747904,2.71826,K60-extension,RTX 4070 Ti,1.0
17419403264,2.61191,K60-extension,RTX 4070 Ti,1.0
17420058624,2.88845,K60-extension,RTX 4070 Ti,1.0
17420713984,2.89334,K60-extension,RTX 4070 Ti,1.0
17421369344,2.43397,K60-extension,RTX 4070 Ti,1.0
17422024704,2.56301,K60-extension,RTX 4070 Ti,1.0
17422680064,2.64066,K60-extension,RTX 4070 Ti,1.0
17423335424,2.55723,K60-extension,RTX 4070 Ti,1.0
17423990784,2.69873,K60-extension,RTX 4070 Ti,1.0
17424646144,2.54311,K60-extension,RTX 4070 Ti,1.0
17425301504,2.63874,K60-extension,RTX 4070 Ti,1.0
17425956864,2.57862,K60-extension,RTX 4070 Ti,1.0
17426612224,2.87206,K60-extension,RTX 4070 Ti,1.0
17427267584,2.70917,K60-extension,RTX 4070 Ti,1.0
17427922944,2.66271,K60-extension,RTX 4070 Ti,1.0
17428578304,2.79182,K60-extension,RTX 4070 Ti,1.0
17429233664,2.49572,K60-extension,RTX 4070 Ti,1.0
17429889024,2.56818,K60-extension,RTX 4070 Ti,1.0
17430544384,2.83962,K60-extension,RTX 4070 Ti,1.0
17431199744,2.5377,K60-extension,RTX 4070 Ti,1.0
17431855104,2.7057,K60-extension,RTX 4070 Ti,1.0
17432510464,2.65017,K60-extension,RTX 4070 Ti,1.0
17433165824,2.64731,K60-extension,RTX 4070 Ti,1.0
17433821184,2.59099,K60-extension,RTX 4070 Ti,1.0
17434476544,2.70943,K60-extension,RTX 4070 Ti,1.0
17435131904,2.5728,K60-extension,RTX 4070 Ti,1.0
17435787264,2.83752,K60-extension,RTX 4070 Ti,1.0
17436442624,2.70361,K60-extension,RTX 4070 Ti,1.0
17437097984,2.81369,K60-extension,RTX 4070 Ti,1.0
17437753344,2.83837,K60-extension,RTX 4070 Ti,1.0
17438408704,2.55923,K60-extension,RTX 4070 Ti,1.0
17439064064,2.58223,K60-extension,RTX 4070 Ti,1.0
17439719424,2.58273,K60-extension,RTX 4070 Ti,1.0
17440374784,2.59635,K60-extension,RTX 4070 Ti,1.0
17441030144,2.38107,K60-extension,RTX 4070 Ti,1.0
17441685504,2.75788,K60-extension,RTX 4070 Ti,1.0
17442340864,2.81741,K60-extension,RTX 4070 Ti,1.0
17442996224,2.63911,K60-extension,RTX 4070 Ti,1.0
17443651584,2.82789,K60-extension,RTX 4070 Ti,1.0
17444306944,2.68836,K60-extension,RTX 4070 Ti,1.0
17444962304,2.72808,K60-extension,RTX 4070 Ti,1.0
17445617664,2.75172,K60-extension,RTX 4070 Ti,1.0
17446273024,2.74568,K60-extension,RTX 4070 Ti,1.0
17446928384,2.42748,K60-extension,RTX 4070 Ti,1.0
17447583744,2.68337,K60-extension,RTX 4070 Ti,1.0
17448239104,2.7336,K60-extension,RTX 4070 Ti,1.0
17448894464,2.41815,K60-extension,RTX 4070 Ti,1.0
17449549824,2.71402,K60-extension,RTX 4070 Ti,1.0
17450205184,2.65216,K60-extension,RTX 4070 Ti,1.0
17450860544,2.50239,K60-extension,RTX 4070 Ti,1.0
17451515904,2.74594,K60-extension,RTX 4070 Ti,1.0
17452171264,2.56002,K60-extension,RTX 4070 Ti,1.0
17452826624,2.39573,K60-extension,RTX 4070 Ti,1.0
17453481984,2.43012,K60-extension,RTX 4070 Ti,1.0
17454137344,2.74443,K60-extension,RTX 4070 Ti,1.0
17454792704,2.61908,K60-extension,RTX 4070 Ti,1.0
17455448064,2.71401,K60-extension,RTX 4070 Ti,1.0
17456103424,2.7013,K60-extension,RTX 4070 Ti,1.0
17456758784,2.77553,K60-extension,RTX 4070 Ti,1.0
17457414144,2.66985,K60-extension,RTX 4070 Ti,1.0
17458069504,2.84698,K60-extension,RTX 4070 Ti,1.0
17458724864,2.7341,K60-extension,RTX 4070 Ti,1.0
17459380224,2.56776,K60-extension,RTX 4070 Ti,1.0
17460035584,2.55267,K60-extension,RTX 4070 Ti,1.0
17460690944,2.76803,K60-extension,RTX 4070 Ti,1.0
17461346304,2.64963,K60-extension,RTX 4070 Ti,1.0
17462001664,2.57262,K60-extension,RTX 4070 Ti,1.0
17462657024,2.73087,K60-extension,RTX 4070 Ti,1.0
17463312384,2.60204,K60-extension,RTX 4070 Ti,1.0
17463967744,2.6021,K60-extension,RTX 4070 Ti,1.0
17464623104,2.65577,K60-extension,RTX 4070 Ti,1.0
17465278464,2.56097,K60-extension,RTX 4070 Ti,1.0
17465933824,2.47183,K60-extension,RTX 4070 Ti,1.0
17466589184,2.89834,K60-extension,RTX 4070 Ti,1.0
17467244544,2.68851,K60-extension,RTX 4070 Ti,1.0
17467899904,2.73076,K60-extension,RTX 4070 Ti,1.0
17468555264,3.01443,K60-extension,RTX 4070 Ti,1.0
17469210624,2.66967,K60-extension,RTX 4070 Ti,1.0
17469865984,2.42843,K60-extension,RTX 4070 Ti,1.0
17470521344,2.70561,K60-extension,RTX 4070 Ti,1.0
17471176704,2.6553,K60-extension,RTX 4070 Ti,1.0
17471832064,2.50457,K60-extension,RTX 4070 Ti,1.0
17472487424,2.69129,K60-extension,RTX 4070 Ti,1.0
17473142784,2.53209,K60-extension,RTX 4070 Ti,1.0
17473798144,2.5555,K60-extension,RTX 4070 Ti,1.0
17474453504,2.65699,K60-extension,RTX 4070 Ti,1.0
17475108864,2.61525,K60-extension,RTX 4070 Ti,1.0
17475764224,2.67663,K60-extension,RTX 4070 Ti,1.0
17476419584,2.68712,K60-extension,RTX 4070 Ti,1.0
17477074944,2.55094,K60-extension,RTX 4070 Ti,1.0
17477730304,2.52835,K60-extension,RTX 4070 Ti,1.0
17478385664,2.56561,K60-extension,RTX 4070 Ti,1.0
17479041024,2.39235,K60-extension,RTX 4070 Ti,1.0
17479696384,2.78333,K60-extension,RTX 4070 Ti,1.0
17480351744,2.76917,K60-extension,RTX 4070 Ti,1.0
17481007104,2.61243,K60-extension,RTX 4070 Ti,1.0
17481662464,2.52695,K60-extension,RTX 4070 Ti,1.0
17482317824,2.65325,K60-extension,RTX 4070 Ti,1.0
17482973184,2.52097,K60-extension,RTX 4070 Ti,1.0
17483628544,2.61738,K60-extension,RTX 4070 Ti,1.0
17484283904,2.65074,K60-extension,RTX 4070 Ti,1.0
17484939264,2.52557,K60-extension,RTX 4070 Ti,1.0
17485594624,2.79532,K60-extension,RTX 4070 Ti,1.0
17486249984,2.54329,K60-extension,RTX 4070 Ti,1.0
17486905344,2.81806,K60-extension,RTX 4070 Ti,1.0
17487560704,2.94922,K60-extension,RTX 4070 Ti,1.0
17488216064,2.67558,K60-extension,RTX 4070 Ti,1.0
17488871424,2.42704,K60-extension,RTX 4070 Ti,1.0
17489526784,2.84257,K60-extension,RTX 4070 Ti,1.0
17490182144,2.63565,K60-extension,RTX 4070 Ti,1.0
17490837504,2.52214,K60-extension,RTX 4070 Ti,1.0
17491492864,2.65639,K60-extension,RTX 4070 Ti,1.0
17492148224,2.77173,K60-extension,RTX 4070 Ti,1.0
17492803584,2.49858,K60-extension,RTX 4070 Ti,1.0
17493458944,2.73383,K60-extension,RTX 4070 Ti,1.0
17494114304,2.80004,K60-extension,RTX 4070 Ti,1.0
17494769664,2.6991,K60-extension,RTX 4070 Ti,1.0
17495425024,2.60576,K60-extension,RTX 4070 Ti,1.0
17496080384,2.66812,K60-extension,RTX 4070 Ti,1.0
17496735744,2.69126,K60-extension,RTX 4070 Ti,1.0
17497391104,2.65083,K60-extension,RTX 4070 Ti,1.0
17498046464,2.62177,K60-extension,RTX 4070 Ti,1.0
17498701824,2.75052,K60-extension,RTX 4070 Ti,1.0
17499357184,2.49852,K60-extension,RTX 4070 Ti,1.0
17500012544,2.54474,K60-extension,RTX 4070 Ti,1.0
17500667904,2.78652,K60-extension,RTX 4070 Ti,1.0
17501323264,2.515,K60-extension,RTX 4070 Ti,1.0
17501978624,2.53087,K60-extension,RTX 4070 Ti,1.0
17502633984,2.62898,K60-extension,RTX 4070 Ti,1.0
17503289344,2.58587,K60-extension,RTX 4070 Ti,1.0
17503944704,2.56726,K60-extension,RTX 4070 Ti,1.0
17504600064,2.88758,K60-extension,RTX 4070 Ti,1.0
17505255424,2.69228,K60-extension,RTX 4070 Ti,1.0
17505910784,2.55118,K60-extension,RTX 4070 Ti,1.0
17506566144,2.93114,K60-extension,RTX 4070 Ti,1.0
17507221504,2.61602,K60-extension,RTX 4070 Ti,1.0
17507876864,2.50968,K60-extension,RTX 4070 Ti,1.0
17508532224,3.01878,K60-extension,RTX 4070 Ti,1.0
17509187584,2.55104,K60-extension,RTX 4070 Ti,1.0
17509842944,2.46456,K60-extension,RTX 4070 Ti,1.0
17510498304,2.55708,K60-extension,RTX 4070 Ti,1.0
17511153664,2.84252,K60-extension,RTX 4070 Ti,1.0
17511809024,2.66818,K60-extension,RTX 4070 Ti,1.0
17512464384,2.64835,K60-extension,RTX 4070 Ti,1.0
17513119744,2.82367,K60-extension,RTX 4070 Ti,1.0
17513775104,2.78472,K60-extension,RTX 4070 Ti,1.0
17514430464,2.33591,K60-extension,RTX 4070 Ti,1.0
17515085824,2.52992,K60-extension,RTX 4070 Ti,1.0
17515741184,2.97197,K60-extension,RTX 4070 Ti,1.0
17516396544,2.55966,K60-extension,RTX 4070 Ti,1.0
17517051904,2.44181,K60-extension,RTX 4070 Ti,1.0
17517707264,2.9644,K60-extension,RTX 4070 Ti,1.0
17518362624,2.80006,K60-extension,RTX 4070 Ti,1.0
17519017984,2.58209,K60-extension,RTX 4070 Ti,1.0
17519673344,2.83406,K60-extension,RTX 4070 Ti,1.0
17520328704,2.38724,K60-extension,RTX 4070 Ti,1.0
17520984064,2.43271,K60-extension,RTX 4070 Ti,1.0
17521639424,3.01324,K60-extension,RTX 4070 Ti,1.0
17522294784,2.77753,K60-extension,RTX 4070 Ti,1.0
17522950144,2.57581,K60-extension,RTX 4070 Ti,1.0
17523605504,2.88726,K60-extension,RTX 4070 Ti,1.0
17524260864,2.61811,K60-extension,RTX 4070 Ti,1.0
17524916224,2.5231,K60-extension,RTX 4070 Ti,1.0
17525571584,2.63491,K60-extension,RTX 4070 Ti,1.0
17526226944,2.60233,K60-extension,RTX 4070 Ti,1.0
17526882304,2.51667,K60-extension,RTX 4070 Ti,1.0
17527537664,2.72898,K60-extension,RTX 4070 Ti,1.0
17528193024,2.69941,K60-extension,RTX 4070 Ti,1.0
17528848384,2.54716,K60-extension,RTX 4070 Ti,1.0
17529503744,2.86244,K60-extension,RTX 4070 Ti,1.0
17530159104,2.62042,K60-extension,RTX 4070 Ti,1.0
17530814464,2.39192,K60-extension,RTX 4070 Ti,1.0
17531469824,2.59692,K60-extension,RTX 4070 Ti,1.0
17532125184,2.56888,K60-extension,RTX 4070 Ti,1.0
17532780544,2.71036,K60-extension,RTX 4070 Ti,1.0
17533435904,2.69339,K60-extension,RTX 4070 Ti,1.0
17534091264,2.58083,K60-extension,RTX 4070 Ti,1.0
17534746624,2.70045,K60-extension,RTX 4070 Ti,1.0
17535401984,2.90567,K60-extension,RTX 4070 Ti,1.0
17536057344,2.40755,K60-extension,RTX 4070 Ti,1.0
17536712704,2.70745,K60-extension,RTX 4070 Ti,1.0
17537368064,2.50875,K60-extension,RTX 4070 Ti,1.0
17538023424,2.443,K60-extension,RTX 4070 Ti,1.0
17538678784,2.72234,K60-extension,RTX 4070 Ti,1.0
17539334144,2.67789,K60-extension,RTX 4070 Ti,1.0
17539989504,2.62864,K60-extension,RTX 4070 Ti,1.0
17540644864,2.52828,K60-extension,RTX 4070 Ti,1.0
17541300224,2.73484,K60-extension,RTX 4070 Ti,1.0
17541955584,2.70836,K60-extension,RTX 4070 Ti,1.0
17542610944,2.88352,K60-extension,RTX 4070 Ti,1.0
17543266304,2.49036,K60-extension,RTX 4070 Ti,1.0
17543921664,2.50199,K60-extension,RTX 4070 Ti,1.0
17544577024,2.75441,K60-extension,RTX 4070 Ti,1.0
17545232384,2.79837,K60-extension,RTX 4070 Ti,1.0
17545887744,2.61874,K60-extension,RTX 4070 Ti,1.0
17546543104,2.82783,K60-extension,RTX 4070 Ti,1.0
17547198464,2.56162,K60-extension,RTX 4070 Ti,1.0
17547853824,2.50832,K60-extension,RTX 4070 Ti,1.0
17548509184,2.65507,K60-extension,RTX 4070 Ti,1.0
17549164544,2.6536,K60-extension,RTX 4070 Ti,1.0
17549819904,2.75114,K60-extension,RTX 4070 Ti,1.0
17550475264,2.5282,K60-extension,RTX 4070 Ti,1.0
17551130624,2.64593,K60-extension,RTX 4070 Ti,1.0
17551785984,2.51742,K60-extension,RTX 4070 Ti,1.0
17552441344,2.73291,K60-extension,RTX 4070 Ti,1.0
17553096704,2.6303,K60-extension,RTX 4070 Ti,1.0
17553752064,2.62082,K60-extension,RTX 4070 Ti,1.0
17554407424,2.5527,K60-extension,RTX 4070 Ti,1.0
17555062784,2.68247,K60-extension,RTX 4070 Ti,1.0
17555718144,2.93273,K60-extension,RTX 4070 Ti,1.0
17556373504,2.72955,K60-extension,RTX 4070 Ti,1.0
17557028864,2.68253,K60-extension,RTX 4070 Ti,1.0
17557684224,2.90286,K60-extension,RTX 4070 Ti,1.0
17558339584,2.4099,K60-extension,RTX 4070 Ti,1.0
17558994944,2.49954,K60-extension,RTX 4070 Ti,1.0
17559650304,2.88008,K60-extension,RTX 4070 Ti,1.0
17560305664,2.43408,K60-extension,RTX 4070 Ti,1.0
17560961024,2.67706,K60-extension,RTX 4070 Ti,1.0
17561616384,2.90609,K60-extension,RTX 4070 Ti,1.0
17562271744,2.66196,K60-extension,RTX 4070 Ti,1.0
17562927104,2.61681,K60-extension,RTX 4070 Ti,1.0
17563582464,2.75067,K60-extension,RTX 4070 Ti,1.0
17564237824,2.61387,K60-extension,RTX 4070 Ti,1.0
17564893184,2.7317,K60-extension,RTX 4070 Ti,1.0
17565548544,2.74305,K60-extension,RTX 4070 Ti,1.0
17566203904,2.47242,K60-extension,RTX 4070 Ti,1.0
17566859264,2.6804,K60-extension,RTX 4070 Ti,1.0
17567514624,2.62819,K60-extension,RTX 4070 Ti,1.0
17568169984,2.70435,K60-extension,RTX 4070 Ti,1.0
17568825344,2.58157,K60-extension,RTX 4070 Ti,1.0
17569480704,2.43958,K60-extension,RTX 4070 Ti,1.0
17570136064,2.62285,K60-extension,RTX 4070 Ti,1.0
17570791424,2.64366,K60-extension,RTX 4070 Ti,1.0
17571446784,2.55641,K60-extension,RTX 4070 Ti,1.0
17572102144,2.67135,K60-extension,RTX 4070 Ti,1.0
17572757504,2.73337,K60-extension,RTX 4070 Ti,1.0
17573412864,2.77674,K60-extension,RTX 4070 Ti,1.0
17574068224,2.55444,K60-extension,RTX 4070 Ti,1.0
17574723584,2.78194,K60-extension,RTX 4070 Ti,1.0
17575378944,2.58452,K60-extension,RTX 4070 Ti,1.0
17576034304,2.31236,K60-extension,RTX 4070 Ti,1.0
17576689664,2.91306,K60-extension,RTX 4070 Ti,1.0
17577345024,2.58493,K60-extension,RTX 4070 Ti,1.0
17578000384,2.70577,K60-extension,RTX 4070 Ti,1.0
17578655744,2.93717,K60-extension,RTX 4070 Ti,1.0
17579311104,2.75982,K60-extension,RTX 4070 Ti,1.0
17579966464,2.55036,K60-extension,RTX 4070 Ti,1.0
17580621824,2.69155,K60-extension,RTX 4070 Ti,1.0
17581277184,2.44188,K60-extension,RTX 4070 Ti,1.0
17581932544,2.48557,K60-extension,RTX 4070 Ti,1.0
17582587904,2.8097,K60-extension,RTX 4070 Ti,1.0
17583243264,2.80376,K60-extension,RTX 4070 Ti,1.0
17583898624,2.50169,K60-extension,RTX 4070 Ti,1.0
17584553984,2.8677,K60-extension,RTX 4070 Ti,1.0
17585209344,2.57962,K60-extension,RTX 4070 Ti,1.0
17585864704,2.3637,K60-extension,RTX 4070 Ti,1.0
17586520064,2.66998,K60-extension,RTX 4070 Ti,1.0
17587175424,2.49398,K60-extension,RTX 4070 Ti,1.0
17587830784,2.45308,K60-extension,RTX 4070 Ti,1.0
17588486144,2.66059,K60-extension,RTX 4070 Ti,1.0
17589141504,2.65158,K60-extension,RTX 4070 Ti,1.0
17589796864,2.66592,K60-extension,RTX 4070 Ti,1.0
17590452224,2.73643,K60-extension,RTX 4070 Ti,1.0
17591107584,2.80784,K60-extension,RTX 4070 Ti,1.0
17591762944,2.6806,K60-extension,RTX 4070 Ti,1.0
17592418304,2.4644,K60-extension,RTX 4070 Ti,1.0
17593073664,2.43251,K60-extension,RTX 4070 Ti,1.0
17593729024,2.72593,K60-extension,RTX 4070 Ti,1.0
17594384384,2.79041,K60-extension,RTX 4070 Ti,1.0
17595039744,2.68846,K60-extension,RTX 4070 Ti,1.0
17595695104,2.72437,K60-extension,RTX 4070 Ti,1.0
17596350464,2.37617,K60-extension,RTX 4070 Ti,1.0
17597005824,2.55037,K60-extension,RTX 4070 Ti,1.0
17597661184,2.75859,K60-extension,RTX 4070 Ti,1.0
17598316544,2.75143,K60-extension,RTX 4070 Ti,1.0
17598971904,2.58658,K60-extension,RTX 4070 Ti,1.0
17599627264,2.57888,K60-extension,RTX 4070 Ti,1.0
17600282624,2.87142,K60-extension,RTX 4070 Ti,1.0
17600937984,2.39357,K60-extension,RTX 4070 Ti,1.0
17601593344,2.90237,K60-extension,RTX 4070 Ti,1.0
17602248704,2.67532,K60-extension,RTX 4070 Ti,1.0
17602904064,2.73618,K60-extension,RTX 4070 Ti,1.0
17603559424,2.80027,K60-extension,RTX 4070 Ti,1.0
17604214784,2.6943,K60-extension,RTX 4070 Ti,1.0
17604870144,2.50421,K60-extension,RTX 4070 Ti,1.0
17605525504,2.75577,K60-extension,RTX 4070 Ti,1.0
17606180864,2.69593,K60-extension,RTX 4070 Ti,1.0
17606836224,2.51735,K60-extension,RTX 4070 Ti,1.0
17607491584,2.82201,K60-extension,RTX 4070 Ti,1.0
17608146944,2.62392,K60-extension,RTX 4070 Ti,1.0
17608802304,2.52582,K60-extension,RTX 4070 Ti,1.0
17609457664,2.64187,K60-extension,RTX 4070 Ti,1.0
17610113024,2.61238,K60-extension,RTX 4070 Ti,1.0
17610768384,2.6961,K60-extension,RTX 4070 Ti,1.0
17611423744,2.81754,K60-extension,RTX 4070 Ti,1.0
17612079104,2.53875,K60-extension,RTX 4070 Ti,1.0
17612734464,2.92454,K60-extension,RTX 4070 Ti,1.0
17613389824,2.4993,K60-extension,RTX 4070 Ti,1.0
17614045184,2.46333,K60-extension,RTX 4070 Ti,1.0
17614700544,2.71442,K60-extension,RTX 4070 Ti,1.0
17615355904,2.64656,K60-extension,RTX 4070 Ti,1.0
17616011264,2.69321,K60-extension,RTX 4070 Ti,1.0
17616666624,2.71184,K60-extension,RTX 4070 Ti,1.0
17617321984,2.69037,K60-extension,RTX 4070 Ti,1.0
17617977344,2.88599,K60-extension,RTX 4070 Ti,1.0
17618632704,2.60895,K60-extension,RTX 4070 Ti,1.0
17619288064,2.70963,K60-extension,RTX 4070 Ti,1.0
17619943424,2.42482,K60-extension,RTX 4070 Ti,1.0
17620598784,2.99363,K60-extension,RTX 4070 Ti,1.0
17621254144,2.42307,K60-extension,RTX 4070 Ti,1.0
17621909504,2.62952,K60-extension,RTX 4070 Ti,1.0
17622564864,2.82064,K60-extension,RTX 4070 Ti,1.0
17623220224,2.84383,K60-extension,RTX 4070 Ti,1.0
17623875584,2.68892,K60-extension,RTX 4070 Ti,1.0
17624530944,2.7718,K60-extension,RTX 4070 Ti,1.0
17625186304,2.58899,K60-extension,RTX 4070 Ti,1.0
17625841664,2.65018,K60-extension,RTX 4070 Ti,1.0
17626497024,2.41245,K60-extension,RTX 4070 Ti,1.0
17627152384,2.4742,K60-extension,RTX 4070 Ti,1.0
17627807744,2.76263,K60-extension,RTX 4070 Ti,1.0
17628463104,2.69313,K60-extension,RTX 4070 Ti,1.0
17629118464,2.63533,K60-extension,RTX 4070 Ti,1.0
17629773824,2.76545,K60-extension,RTX 4070 Ti,1.0
17630429184,2.90301,K60-extension,RTX 4070 Ti,1.0
17631084544,2.54143,K60-extension,RTX 4070 Ti,1.0
17631739904,2.70411,K60-extension,RTX 4070 Ti,1.0
17632395264,2.687,K60-extension,RTX 4070 Ti,1.0
17633050624,2.51952,K60-extension,RTX 4070 Ti,1.0
17633705984,2.70118,K60-extension,RTX 4070 Ti,1.0
17634361344,2.57873,K60-extension,RTX 4070 Ti,1.0
17635016704,2.55437,K60-extension,RTX 4070 Ti,1.0
17635672064,2.53533,K60-extension,RTX 4070 Ti,1.0
17636327424,2.54184,K60-extension,RTX 4070 Ti,1.0
17636982784,2.63798,K60-extension,RTX 4070 Ti,1.0
17637638144,2.85164,K60-extension,RTX 4070 Ti,1.0
17638293504,2.47412,K60-extension,RTX 4070 Ti,1.0
17638948864,2.54642,K60-extension,RTX 4070 Ti,1.0
17639604224,2.86454,K60-extension,RTX 4070 Ti,1.0
17640259584,2.75927,K60-extension,RTX 4070 Ti,1.0
17640914944,2.43326,K60-extension,RTX 4070 Ti,1.0
17641570304,2.85338,K60-extension,RTX 4070 Ti,1.0
17642225664,2.65271,K60-extension,RTX 4070 Ti,1.0
17642881024,2.62929,K60-extension,RTX 4070 Ti,1.0
17643536384,2.74158,K60-extension,RTX 4070 Ti,1.0
17644191744,2.70628,K60-extension,RTX 4070 Ti,1.0
17644847104,2.63231,K60-extension,RTX 4070 Ti,1.0
17645502464,2.73056,K60-extension,RTX 4070 Ti,1.0
17646157824,2.72224,K60-extension,RTX 4070 Ti,1.0
17646813184,2.77204,K60-extension,RTX 4070 Ti,1.0
17647468544,2.45167,K60-extension,RTX 4070 Ti,1.0
17648123904,2.49194,K60-extension,RTX 4070 Ti,1.0
17648779264,2.73196,K60-extension,RTX 4070 Ti,1.0
17649434624,2.80569,K60-extension,RTX 4070 Ti,1.0
17650089984,2.52318,K60-extension,RTX 4070 Ti,1.0
17650745344,2.62139,K60-extension,RTX 4070 Ti,1.0
17651400704,2.59664,K60-extension,RTX 4070 Ti,1.0
17652056064,2.56412,K60-extension,RTX 4070 Ti,1.0
17652711424,2.82147,K60-extension,RTX 4070 Ti,1.0
17653366784,2.80651,K60-extension,RTX 4070 Ti,1.0
17654022144,2.47899,K60-extension,RTX 4070 Ti,1.0
17654677504,2.75408,K60-extension,RTX 4070 Ti,1.0
17655332864,2.67053,K60-extension,RTX 4070 Ti,1.0
17655988224,2.56603,K60-extension,RTX 4070 Ti,1.0
17656643584,2.7927,K60-extension,RTX 4070 Ti,1.0
17657298944,2.6279,K60-extension,RTX 4070 Ti,1.0
17657954304,2.59175,K60-extension,RTX 4070 Ti,1.0
17658609664,2.99448,K60-extension,RTX 4070 Ti,1.0
17659265024,2.6457,K60-extension,RTX 4070 Ti,1.0
17659920384,2.64005,K60-extension,RTX 4070 Ti,1.0
17660575744,2.70008,K60-extension,RTX 4070 Ti,1.0
17661231104,2.74088,K60-extension,RTX 4070 Ti,1.0
17661886464,2.45698,K60-extension,RTX 4070 Ti,1.0
17662541824,2.69025,K60-extension,RTX 4070 Ti,1.0
17663197184,2.85097,K60-extension,RTX 4070 Ti,1.0
17663852544,2.57386,K60-extension,RTX 4070 Ti,1.0
17664507904,2.82292,K60-extension,RTX 4070 Ti,1.0
17665163264,2.69142,K60-extension,RTX 4070 Ti,1.0
17665818624,2.65578,K60-extension,RTX 4070 Ti,1.0
17666473984,2.67217,K60-extension,RTX 4070 Ti,1.0
17667129344,2.56629,K60-extension,RTX 4070 Ti,1.0
17667784704,2.56086,K60-extension,RTX 4070 Ti,1.0
17668440064,2.59476,K60-extension,RTX 4070 Ti,1.0
17669095424,2.64147,K60-extension,RTX 4070 Ti,1.0
17669750784,2.67347,K60-extension,RTX 4070 Ti,1.0
17670406144,2.7056,K60-extension,RTX 4070 Ti,1.0
17671061504,2.61541,K60-extension,RTX 4070 Ti,1.0
17671716864,2.78855,K60-extension,RTX 4070 Ti,1.0
17672372224,2.48064,K60-extension,RTX 4070 Ti,1.0
17673027584,2.65738,K60-extension,RTX 4070 Ti,1.0
17673682944,2.69654,K60-extension,RTX 4070 Ti,1.0
17674338304,2.71443,K60-extension,RTX 4070 Ti,1.0
17674993664,2.50967,K60-extension,RTX 4070 Ti,1.0
17675649024,2.77721,K60-extension,RTX 4070 Ti,1.0
17676304384,2.68085,K60-extension,RTX 4070 Ti,1.0
17676959744,2.74041,K60-extension,RTX 4070 Ti,1.0
17677615104,2.68706,K60-extension,RTX 4070 Ti,1.0
17678270464,2.52776,K60-extension,RTX 4070 Ti,1.0
17678925824,2.76767,K60-extension,RTX 4070 Ti,1.0
17679581184,2.83696,K60-extension,RTX 4070 Ti,1.0
17680236544,2.73812,K60-extension,RTX 4070 Ti,1.0
17680891904,2.61839,K60-extension,RTX 4070 Ti,1.0
17681547264,2.79336,K60-extension,RTX 4070 Ti,1.0
17682202624,2.59535,K60-extension,RTX 4070 Ti,1.0
17682857984,2.74607,K60-extension,RTX 4070 Ti,1.0
17683513344,2.49148,K60-extension,RTX 4070 Ti,1.0
17684168704,2.38087,K60-extension,RTX 4070 Ti,1.0
17684824064,2.62292,K60-extension,RTX 4070 Ti,1.0
17685479424,2.68781,K60-extension,RTX 4070 Ti,1.0
17686134784,2.64097,K60-extension,RTX 4070 Ti,1.0
17686790144,2.83994,K60-extension,RTX 4070 Ti,1.0
17687445504,2.76866,K60-extension,RTX 4070 Ti,1.0
17688100864,2.55678,K60-extension,RTX 4070 Ti,1.0
17688756224,2.79,K60-extension,RTX 4070 Ti,1.0
17689411584,2.93481,K60-extension,RTX 4070 Ti,1.0
17690066944,2.52295,K60-extension,RTX 4070 Ti,1.0
17690722304,2.80808,K60-extension,RTX 4070 Ti,1.0
17691377664,2.88737,K60-extension,RTX 4070 Ti,1.0
17692033024,2.40051,K60-extension,RTX 4070 Ti,1.0
17692688384,2.66495,K60-extension,RTX 4070 Ti,1.0
17693343744,2.65637,K60-extension,RTX 4070 Ti,1.0
17693999104,2.6857,K60-extension,RTX 4070 Ti,1.0
17694654464,2.66561,K60-extension,RTX 4070 Ti,1.0
17695309824,2.51386,K60-extension,RTX 4070 Ti,1.0
17695965184,2.70022,K60-extension,RTX 4070 Ti,1.0
17696620544,2.84759,K60-extension,RTX 4070 Ti,1.0
17697275904,2.67058,K60-extension,RTX 4070 Ti,1.0
17697931264,2.55422,K60-extension,RTX 4070 Ti,1.0
17698586624,2.95434,K60-extension,RTX 4070 Ti,1.0
17699241984,2.79896,K60-extension,RTX 4070 Ti,1.0
17699897344,2.42092,K60-extension,RTX 4070 Ti,1.0
17700552704,2.92624,K60-extension,RTX 4070 Ti,1.0
17701208064,2.58813,K60-extension,RTX 4070 Ti,1.0
17701863424,2.73279,K60-extension,RTX 4070 Ti,1.0
17702518784,2.64469,K60-extension,RTX 4070 Ti,1.0
17703174144,2.50739,K60-extension,RTX 4070 Ti,1.0
17703829504,2.57284,K60-extension,RTX 4070 Ti,1.0
17704484864,2.71738,K60-extension,RTX 4070 Ti,1.0
17705140224,2.63431,K60-extension,RTX 4070 Ti,1.0
17705795584,2.59548,K60-extension,RTX 4070 Ti,1.0
17706450944,2.68623,K60-extension,RTX 4070 Ti,1.0
17707106304,2.47553,K60-extension,RTX 4070 Ti,1.0
17707761664,2.67804,K60-extension,RTX 4070 Ti,1.0
17708417024,2.9834,K60-extension,RTX 4070 Ti,1.0
17709072384,2.4274,K60-extension,RTX 4070 Ti,1.0
17709727744,2.73563,K60-extension,RTX 4070 Ti,1.0
17710383104,2.76149,K60-extension,RTX 4070 Ti,1.0
17711038464,2.43971,K60-extension,RTX 4070 Ti,1.0
17711693824,2.76123,K60-extension,RTX 4070 Ti,1.0
17712349184,2.55649,K60-extension,RTX 4070 Ti,1.0
17713004544,2.70271,K60-extension,RTX 4070 Ti,1.0
17713659904,2.60351,K60-extension,RTX 4070 Ti,1.0
17714315264,2.69657,K60-extension,RTX 4070 Ti,1.0
17714970624,2.54724,K60-extension,RTX 4070 Ti,1.0
17715625984,2.81425,K60-extension,RTX 4070 Ti,1.0
17716281344,2.59523,K60-extension,RTX 4070 Ti,1.0
17716936704,2.7018,K60-extension,RTX 4070 Ti,1.0
17717592064,2.91284,K60-extension,RTX 4070 Ti,1.0
17718247424,2.45704,K60-extension,RTX 4070 Ti,1.0
17718902784,2.62511,K60-extension,RTX 4070 Ti,1.0
17719558144,2.69786,K60-extension,RTX 4070 Ti,1.0
17720213504,2.37016,K60-extension,RTX 4070 Ti,1.0
17720868864,2.62702,K60-extension,RTX 4070 Ti,1.0
17721524224,2.71749,K60-extension,RTX 4070 Ti,1.0
17722179584,2.42539,K60-extension,RTX 4070 Ti,1.0
17722834944,2.6761,K60-extension,RTX 4070 Ti,1.0
17723490304,2.84976,K60-extension,RTX 4070 Ti,1.0
17724145664,2.58457,K60-extension,RTX 4070 Ti,1.0
17724801024,2.77389,K60-extension,RTX 4070 Ti,1.0
17725456384,2.60244,K60-extension,RTX 4070 Ti,1.0
17726111744,2.5846,K60-extension,RTX 4070 Ti,1.0
17726767104,2.79369,K60-extension,RTX 4070 Ti,1.0
17727422464,2.65077,K60-extension,RTX 4070 Ti,1.0
17728077824,2.37888,K60-extension,RTX 4070 Ti,1.0
17728733184,2.74604,K60-extension,RTX 4070 Ti,1.0
17729388544,2.50703,K60-extension,RTX 4070 Ti,1.0
17730043904,2.68896,K60-extension,RTX 4070 Ti,1.0
17730699264,2.81189,K60-extension,RTX 4070 Ti,1.0
17731354624,2.45276,K60-extension,RTX 4070 Ti,1.0
17732009984,2.58459,K60-extension,RTX 4070 Ti,1.0
17732665344,2.6343,K60-extension,RTX 4070 Ti,1.0
17733320704,2.596,K60-extension,RTX 4070 Ti,1.0
17733976064,2.77319,K60-extension,RTX 4070 Ti,1.0
17734631424,2.68582,K60-extension,RTX 4070 Ti,1.0
17735286784,2.63477,K60-extension,RTX 4070 Ti,1.0
17735942144,2.58728,K60-extension,RTX 4070 Ti,1.0
17736597504,2.9324,K60-extension,RTX 4070 Ti,1.0
17737252864,2.63674,K60-extension,RTX 4070 Ti,1.0
17737908224,2.48364,K60-extension,RTX 4070 Ti,1.0
17738563584,2.75802,K60-extension,RTX 4070 Ti,1.0
17739218944,2.68099,K60-extension,RTX 4070 Ti,1.0
17739874304,2.40337,K60-extension,RTX 4070 Ti,1.0
17740529664,2.75466,K60-extension,RTX 4070 Ti,1.0
17741185024,2.62785,K60-extension,RTX 4070 Ti,1.0
17741840384,2.71347,K60-extension,RTX 4070 Ti,1.0
17742495744,2.6787,K60-extension,RTX 4070 Ti,1.0
17743151104,2.52365,K60-extension,RTX 4070 Ti,1.0
17743806464,2.57707,K60-extension,RTX 4070 Ti,1.0
17744461824,2.53874,K60-extension,RTX 4070 Ti,1.0
17745117184,2.78434,K60-extension,RTX 4070 Ti,1.0
17745772544,2.65037,K60-extension,RTX 4070 Ti,1.0
17746427904,2.78867,K60-extension,RTX 4070 Ti,1.0
17747083264,2.68191,K60-extension,RTX 4070 Ti,1.0
17747738624,2.72058,K60-extension,RTX 4070 Ti,1.0
17748393984,2.73019,K60-extension,RTX 4070 Ti,1.0
17749049344,2.35749,K60-extension,RTX 4070 Ti,1.0
17749704704,2.64995,K60-extension,RTX 4070 Ti,1.0
17750360064,2.81123,K60-extension,RTX 4070 Ti,1.0
17751015424,2.53609,K60-extension,RTX 4070 Ti,1.0
17751670784,2.67342,K60-extension,RTX 4070 Ti,1.0
17752326144,2.66401,K60-extension,RTX 4070 Ti,1.0
17752981504,2.3653,K60-extension,RTX 4070 Ti,1.0
17753636864,2.59957,K60-extension,RTX 4070 Ti,1.0
17754292224,2.8944,K60-extension,RTX 4070 Ti,1.0
17754947584,2.65361,K60-extension,RTX 4070 Ti,1.0
17755602944,2.7189,K60-extension,RTX 4070 Ti,1.0
17756258304,2.78736,K60-extension,RTX 4070 Ti,1.0
17756913664,2.49157,K60-extension,RTX 4070 Ti,1.0
17757569024,2.81961,K60-extension,RTX 4070 Ti,1.0
17758224384,2.58599,K60-extension,RTX 4070 Ti,1.0
17758879744,2.54374,K60-extension,RTX 4070 Ti,1.0
17759535104,2.61659,K60-extension,RTX 4070 Ti,1.0
17760190464,2.46726,K60-extension,RTX 4070 Ti,1.0
17760845824,2.46951,K60-extension,RTX 4070 Ti,1.0
17761501184,2.54742,K60-extension,RTX 4070 Ti,1.0
17762156544,2.76554,K60-extension,RTX 4070 Ti,1.0
17762811904,2.69146,K60-extension,RTX 4070 Ti,1.0
17763467264,2.70102,K60-extension,RTX 4070 Ti,1.0
17764122624,2.65553,K60-extension,RTX 4070 Ti,1.0
17764777984,2.53611,K60-extension,RTX 4070 Ti,1.0
17765433344,2.61618,K60-extension,RTX 4070 Ti,1.0
17766088704,2.66633,K60-extension,RTX 4070 Ti,1.0
17766744064,2.53657,K60-extension,RTX 4070 Ti,1.0
17767399424,2.67314,K60-extension,RTX 4070 Ti,1.0
17768054784,2.51405,K60-extension,RTX 4070 Ti,1.0
17768710144,2.85162,K60-extension,RTX 4070 Ti,1.0
17769365504,2.48176,K60-extension,RTX 4070 Ti,1.0
17770020864,2.49396,K60-extension,RTX 4070 Ti,1.0
17770676224,2.65627,K60-extension,RTX 4070 Ti,1.0
17771331584,2.58143,K60-extension,RTX 4070 Ti,1.0
17771986944,2.66675,K60-extension,RTX 4070 Ti,1.0
17772642304,2.66784,K60-extension,RTX 4070 Ti,1.0
17773297664,2.92107,K60-extension,RTX 4070 Ti,1.0
17773953024,2.59046,K60-extension,RTX 4070 Ti,1.0
17774608384,2.94752,K60-extension,RTX 4070 Ti,1.0
17775263744,2.81702,K60-extension,RTX 4070 Ti,1.0
17775919104,2.50577,K60-extension,RTX 4070 Ti,1.0
17776574464,3.00158,K60-extension,RTX 4070 Ti,1.0
17777229824,2.7394,K60-extension,RTX 4070 Ti,1.0
17777885184,2.58625,K60-extension,RTX 4070 Ti,1.0
17778540544,2.44356,K60-extension,RTX 4070 Ti,1.0
17779195904,2.62706,K60-extension,RTX 4070 Ti,1.0
17779851264,2.4967,K60-extension,RTX 4070 Ti,1.0
17780506624,2.27957,K60-extension,RTX 4070 Ti,1.0
17781161984,2.42914,K60-extension,RTX 4070 Ti,1.0
17781817344,2.52738,K60-extension,RTX 4070 Ti,1.0
17782472704,2.63287,K60-extension,RTX 4070 Ti,1.0
17783128064,2.28297,K60-extension,RTX 4070 Ti,1.0
17783783424,2.7247,K60-extension,RTX 4070 Ti,1.0
17784438784,2.6109,K60-extension,RTX 4070 Ti,1.0
17785094144,2.599,K60-extension,RTX 4070 Ti,1.0
17785749504,2.58288,K60-extension,RTX 4070 Ti,1.0
17786404864,2.573,K60-extension,RTX 4070 Ti,1.0
17787060224,2.48751,K60-extension,RTX 4070 Ti,1.0
17787715584,2.51234,K60-extension,RTX 4070 Ti,1.0
17788370944,2.40818,K60-extension,RTX 4070 Ti,1.0
17789026304,2.58647,K60-extension,RTX 4070 Ti,1.0
17789681664,2.65247,K60-extension,RTX 4070 Ti,1.0
17790337024,2.64903,K60-extension,RTX 4070 Ti,1.0
17790992384,2.55429,K60-extension,RTX 4070 Ti,1.0
17791647744,2.6253,K60-extension,RTX 4070 Ti,1.0
17792303104,2.53986,K60-extension,RTX 4070 Ti,1.0
17792958464,2.64352,K60-extension,RTX 4070 Ti,1.0
17793613824,2.71084,K60-extension,RTX 4070 Ti,1.0
17794269184,2.46326,K60-extension,RTX 4070 Ti,1.0
17794924544,2.56456,K60-extension,RTX 4070 Ti,1.0
17795579904,2.62114,K60-extension,RTX 4070 Ti,1.0
17796235264,2.43309,K60-extension,RTX 4070 Ti,1.0
17796890624,2.63139,K60-extension,RTX 4070 Ti,1.0
17797545984,2.53281,K60-extension,RTX 4070 Ti,1.0
17798201344,2.30922,K60-extension,RTX 4070 Ti,1.0
17798856704,2.54276,K60-extension,RTX 4070 Ti,1.0
17799512064,2.2838,K60-extension,RTX 4070 Ti,1.0
17800167424,2.59477,K60-extension,RTX 4070 Ti,1.0
17800822784,2.55018,K60-extension,RTX 4070 Ti,1.0
17801478144,2.49695,K60-extension,RTX 4070 Ti,1.0
17802133504,2.51162,K60-extension,RTX 4070 Ti,1.0
17802788864,2.50159,K60-extension,RTX 4070 Ti,1.0
17803444224,2.56645,K60-extension,RTX 4070 Ti,1.0
17804099584,2.61213,K60-extension,RTX 4070 Ti,1.0
17804754944,2.57335,K60-extension,RTX 4070 Ti,1.0
17805410304,2.69472,K60-extension,RTX 4070 Ti,1.0
17806065664,2.70582,K60-extension,RTX 4070 Ti,1.0
17806721024,2.54508,K60-extension,RTX 4070 Ti,1.0
17807376384,2.42516,K60-extension,RTX 4070 Ti,1.0
17808031744,2.5018,K60-extension,RTX 4070 Ti,1.0
17808687104,2.77597,K60-extension,RTX 4070 Ti,1.0
17809342464,2.58684,K60-extension,RTX 4070 Ti,1.0
17809997824,2.63882,K60-extension,RTX 4070 Ti,1.0
17810653184,2.56953,K60-extension,RTX 4070 Ti,1.0
17811308544,2.65688,K60-extension,RTX 4070 Ti,1.0
17811963904,2.52686,K60-extension,RTX 4070 Ti,1.0
17812619264,2.57265,K60-extension,RTX 4070 Ti,1.0
17813274624,2.41653,K60-extension,RTX 4070 Ti,1.0
17813929984,2.49795,K60-extension,RTX 4070 Ti,1.0
17814585344,2.50101,K60-extension,RTX 4070 Ti,1.0
17815240704,2.47411,K60-extension,RTX 4070 Ti,1.0
17815896064,2.40455,K60-extension,RTX 4070 Ti,1.0
17816551424,2.50762,K60-extension,RTX 4070 Ti,1.0
17817206784,2.29266,K60-extension,RTX 4070 Ti,1.0
17817862144,2.40686,K60-extension,RTX 4070 Ti,1.0
17818517504,2.45217,K60-extension,RTX 4070 Ti,1.0
17819172864,2.67444,K60-extension,RTX 4070 Ti,1.0
17819828224,2.41815,K60-extension,RTX 4070 Ti,1.0
17820483584,2.3852,K60-extension,RTX 4070 Ti,1.0
17821138944,2.51834,K60-extension,RTX 4070 Ti,1.0
17821794304,2.51467,K60-extension,RTX 4070 Ti,1.0
17822449664,2.67453,K60-extension,RTX 4070 Ti,1.0
17823105024,2.92082,K60-extension,RTX 4070 Ti,1.0
17823760384,2.86245,K60-extension,RTX 4070 Ti,1.0
17824415744,2.57539,K60-extension,RTX 4070 Ti,1.0
17825071104,2.44903,K60-extension,RTX 4070 Ti,1.0
17825726464,2.87656,K60-extension,RTX 4070 Ti,1.0
17826381824,2.77057,K60-extension,RTX 4070 Ti,1.0
17827037184,2.52708,K60-extension,RTX 4070 Ti,1.0
17827692544,2.59325,K60-extension,RTX 4070 Ti,1.0
17828347904,2.59468,K60-extension,RTX 4070 Ti,1.0
17829003264,2.53828,K60-extension,RTX 4070 Ti,1.0
17829658624,2.61032,K60-extension,RTX 4070 Ti,1.0
17830313984,2.51583,K60-extension,RTX 4070 Ti,1.0
17830969344,2.73883,K60-extension,RTX 4070 Ti,1.0
17831624704,2.47273,K60-extension,RTX 4070 Ti,1.0
17832280064,2.40485,K60-extension,RTX 4070 Ti,1.0
17832935424,2.77507,K60-extension,RTX 4070 Ti,1.0
17833590784,2.62438,K60-extension,RTX 4070 Ti,1.0
17834246144,2.68302,K60-extension,RTX 4070 Ti,1.0
17834901504,2.46413,K60-extension,RTX 4070 Ti,1.0
17835556864,2.22226,K60-extension,RTX 4070 Ti,1.0
17836212224,2.69588,K60-extension,RTX 4070 Ti,1.0
17836867584,2.58145,K60-extension,RTX 4070 Ti,1.0
17837522944,2.38208,K60-extension,RTX 4070 Ti,1.0
17838178304,2.46768,K60-extension,RTX 4070 Ti,1.0
17838833664,2.58545,K60-extension,RTX 4070 Ti,1.0
17839489024,2.44994,K60-extension,RTX 4070 Ti,1.0
17840144384,2.34447,K60-extension,RTX 4070 Ti,1.0
17840799744,2.6807,K60-extension,RTX 4070 Ti,1.0
17841455104,2.73107,K60-extension,RTX 4070 Ti,1.0
17842110464,2.62776,K60-extension,RTX 4070 Ti,1.0
17842765824,2.63214,K60-extension,RTX 4070 Ti,1.0
17843421184,2.53409,K60-extension,RTX 4070 Ti,1.0
17844076544,2.77176,K60-extension,RTX 4070 Ti,1.0
17844731904,2.58497,K60-extension,RTX 4070 Ti,1.0
17845387264,2.55887,K60-extension,RTX 4070 Ti,1.0
17846042624,2.6348,K60-extension,RTX 4070 Ti,1.0
17846697984,2.52968,K60-extension,RTX 4070 Ti,1.0
17847353344,2.71203,K60-extension,RTX 4070 Ti,1.0
17848008704,2.55751,K60-extension,RTX 4070 Ti,1.0
17848664064,2.68389,K60-extension,RTX 4070 Ti,1.0
17849319424,2.55749,K60-extension,RTX 4070 Ti,1.0
17849974784,2.55076,K60-extension,RTX 4070 Ti,1.0
17850630144,2.73952,K60-extension,RTX 4070 Ti,1.0
17851285504,2.63412,K60-extension,RTX 4070 Ti,1.0
17851940864,2.23065,K60-extension,RTX 4070 Ti,1.0
17852596224,2.38133,K60-extension,RTX 4070 Ti,1.0
17853251584,2.57363,K60-extension,RTX 4070 Ti,1.0
17853906944,2.65792,K60-extension,RTX 4070 Ti,1.0
17854562304,2.68956,K60-extension,RTX 4070 Ti,1.0
17855217664,2.55788,K60-extension,RTX 4070 Ti,1.0
17855873024,2.38138,K60-extension,RTX 4070 Ti,1.0
17856528384,2.52139,K60-extension,RTX 4070 Ti,1.0
17857183744,2.39388,K60-extension,RTX 4070 Ti,1.0
17857839104,2.49354,K60-extension,RTX 4070 Ti,1.0
17858494464,2.53203,K60-extension,RTX 4070 Ti,1.0
17859149824,2.53069,K60-extension,RTX 4070 Ti,1.0
17859805184,2.57441,K60-extension,RTX 4070 Ti,1.0
17860460544,2.65813,K60-extension,RTX 4070 Ti,1.0
17861115904,2.68723,K60-extension,RTX 4070 Ti,1.0
17861771264,2.67662,K60-extension,RTX 4070 Ti,1.0
17862426624,2.60796,K60-extension,RTX 4070 Ti,1.0
17863081984,2.53944,K60-extension,RTX 4070 Ti,1.0
17863737344,2.70273,K60-extension,RTX 4070 Ti,1.0
17864392704,2.73244,K60-extension,RTX 4070 Ti,1.0
17865048064,2.66893,K60-extension,RTX 4070 Ti,1.0
17865703424,2.59942,K60-extension,RTX 4070 Ti,1.0
17866358784,2.51611,K60-extension,RTX 4070 Ti,1.0
17867014144,2.73776,K60-extension,RTX 4070 Ti,1.0
17867669504,2.55813,K60-extension,RTX 4070 Ti,1.0
17868324864,2.65612,K60-extension,RTX 4070 Ti,1.0
17868980224,2.53134,K60-extension,RTX 4070 Ti,1.0
17869635584,2.40576,K60-extension,RTX 4070 Ti,1.0
17870290944,2.54506,K60-extension,RTX 4070 Ti,1.0
17870946304,2.57316,K60-extension,RTX 4070 Ti,1.0
17871601664,2.71056,K60-extension,RTX 4070 Ti,1.0
17872257024,2.41963,K60-extension,RTX 4070 Ti,1.0
17872912384,2.3983,K60-extension,RTX 4070 Ti,1.0
17873567744,2.59159,K60-extension,RTX 4070 Ti,1.0
17874223104,2.68349,K60-extension,RTX 4070 Ti,1.0
17874878464,2.59794,K60-extension,RTX 4070 Ti,1.0
17875533824,2.63241,K60-extension,RTX 4070 Ti,1.0
17876189184,2.44894,K60-extension,RTX 4070 Ti,1.0
17876844544,2.62456,K60-extension,RTX 4070 Ti,1.0
17877499904,2.5749,K60-extension,RTX 4070 Ti,1.0
17878155264,2.59379,K60-extension,RTX 4070 Ti,1.0
17878810624,2.76151,K60-extension,RTX 4070 Ti,1.0
17879465984,2.77851,K60-extension,RTX 4070 Ti,1.0
17880121344,2.45526,K60-extension,RTX 4070 Ti,1.0
17880776704,2.63013,K60-extension,RTX 4070 Ti,1.0
17881432064,2.75858,K60-extension,RTX 4070 Ti,1.0
17882087424,2.54832,K60-extension,RTX 4070 Ti,1.0
17882742784,2.51252,K60-extension,RTX 4070 Ti,1.0
17883398144,2.33007,K60-extension,RTX 4070 Ti,1.0
17884053504,2.69854,K60-extension,RTX 4070 Ti,1.0
17884708864,2.48565,K60-extension,RTX 4070 Ti,1.0
17885364224,2.2661,K60-extension,RTX 4070 Ti,1.0
17886019584,2.50362,K60-extension,RTX 4070 Ti,1.0
17886674944,2.62926,K60-extension,RTX 4070 Ti,1.0
17887330304,2.64608,K60-extension,RTX 4070 Ti,1.0
17887985664,2.35949,K60-extension,RTX 4070 Ti,1.0
17888641024,2.5137,K60-extension,RTX 4070 Ti,1.0
17889296384,2.49313,K60-extension,RTX 4070 Ti,1.0
17889951744,2.49504,K60-extension,RTX 4070 Ti,1.0
17890607104,2.53202,K60-extension,RTX 4070 Ti,1.0
17891262464,2.34312,K60-extension,RTX 4070 Ti,1.0
17891917824,2.35359,K60-extension,RTX 4070 Ti,1.0
17892573184,2.55454,K60-extension,RTX 4070 Ti,1.0
17893228544,2.72368,K60-extension,RTX 4070 Ti,1.0
17893883904,2.59274,K60-extension,RTX 4070 Ti,1.0
17894539264,2.74709,K60-extension,RTX 4070 Ti,1.0
17895194624,2.56912,K60-extension,RTX 4070 Ti,1.0
17895849984,2.6462,K60-extension,RTX 4070 Ti,1.0
17896505344,2.71501,K60-extension,RTX 4070 Ti,1.0
17897160704,2.51967,K60-extension,RTX 4070 Ti,1.0
17897816064,2.55588,K60-extension,RTX 4070 Ti,1.0
17898471424,2.80697,K60-extension,RTX 4070 Ti,1.0
17899126784,2.51564,K60-extension,RTX 4070 Ti,1.0
17899782144,2.61061,K60-extension,RTX 4070 Ti,1.0
17900437504,2.63424,K60-extension,RTX 4070 Ti,1.0
17901092864,2.53492,K60-extension,RTX 4070 Ti,1.0
17901748224,2.63301,K60-extension,RTX 4070 Ti,1.0
17902403584,2.50886,K60-extension,RTX 4070 Ti,1.0
17903058944,2.50697,K60-extension,RTX 4070 Ti,1.0
17903714304,2.6543,K60-extension,RTX 4070 Ti,1.0
17904369664,2.67984,K60-extension,RTX 4070 Ti,1.0
17905025024,2.70438,K60-extension,RTX 4070 Ti,1.0
17905680384,2.54026,K60-extension,RTX 4070 Ti,1.0
17906335744,2.54238,K60-extension,RTX 4070 Ti,1.0
17906991104,2.494,K60-extension,RTX 4070 Ti,1.0
17907646464,2.5103,K60-extension,RTX 4070 Ti,1.0
17908301824,2.51361,K60-extension,RTX 4070 Ti,1.0
17908957184,2.54656,K60-extension,RTX 4070 Ti,1.0
17909612544,2.3568,K60-extension,RTX 4070 Ti,1.0
17910267904,2.54251,K60-extension,RTX 4070 Ti,1.0
17910923264,2.60764,K60-extension,RTX 4070 Ti,1.0
17911578624,2.42344,K60-extension,RTX 4070 Ti,1.0
17912233984,2.31896,K60-extension,RTX 4070 Ti,1.0
17912889344,2.64976,K60-extension,RTX 4070 Ti,1.0
17913544704,2.68172,K60-extension,RTX 4070 Ti,1.0
17914200064,2.70279,K60-extension,RTX 4070 Ti,1.0
17914855424,2.5262,K60-extension,RTX 4070 Ti,1.0
17915510784,2.65746,K60-extension,RTX 4070 Ti,1.0
17916166144,2.55742,K60-extension,RTX 4070 Ti,1.0
17916821504,2.82036,K60-extension,RTX 4070 Ti,1.0
17917476864,2.45823,K60-extension,RTX 4070 Ti,1.0
17918132224,2.461,K60-extension,RTX 4070 Ti,1.0
17918787584,2.52267,K60-extension,RTX 4070 Ti,1.0
17919442944,2.63694,K60-extension,RTX 4070 Ti,1.0
17920098304,2.43542,K60-extension,RTX 4070 Ti,1.0
17920753664,2.58482,K60-extension,RTX 4070 Ti,1.0
17921409024,2.74566,K60-extension,RTX 4070 Ti,1.0
17922064384,2.46438,K60-extension,RTX 4070 Ti,1.0
17922719744,2.4804,K60-extension,RTX 4070 Ti,1.0
17923375104,2.52055,K60-extension,RTX 4070 Ti,1.0
17924030464,2.66471,K60-extension,RTX 4070 Ti,1.0
17924685824,2.89319,K60-extension,RTX 4070 Ti,1.0
17925341184,2.67884,K60-extension,RTX 4070 Ti,1.0
17925996544,2.59785,K60-extension,RTX 4070 Ti,1.0
17926651904,2.59663,K60-extension,RTX 4070 Ti,1.0
17927307264,2.56097,K60-extension,RTX 4070 Ti,1.0
17927962624,2.58193,K60-extension,RTX 4070 Ti,1.0
17928617984,2.64122,K60-extension,RTX 4070 Ti,1.0
17929273344,2.30866,K60-extension,RTX 4070 Ti,1.0
17929928704,2.49732,K60-extension,RTX 4070 Ti,1.0
17930584064,2.42841,K60-extension,RTX 4070 Ti,1.0
17931239424,2.51602,K60-extension,RTX 4070 Ti,1.0
17931894784,2.56282,K60-extension,RTX 4070 Ti,1.0
17932550144,2.55318,K60-extension,RTX 4070 Ti,1.0
17933205504,2.52413,K60-extension,RTX 4070 Ti,1.0
17933860864,2.61251,K60-extension,RTX 4070 Ti,1.0
17934516224,2.55825,K60-extension,RTX 4070 Ti,1.0
17935171584,2.51325,K60-extension,RTX 4070 Ti,1.0
17935826944,2.69431,K60-extension,RTX 4070 Ti,1.0
17936482304,2.79088,K60-extension,RTX 4070 Ti,1.0
17937137664,2.4864,K60-extension,RTX 4070 Ti,1.0
17937793024,2.50395,K60-extension,RTX 4070 Ti,1.0
17938448384,2.75405,K60-extension,RTX 4070 Ti,1.0
17939103744,2.73415,K60-extension,RTX 4070 Ti,1.0
17939759104,2.60282,K60-extension,RTX 4070 Ti,1.0
17940414464,2.47705,K60-extension,RTX 4070 Ti,1.0
17941069824,2.53375,K60-extension,RTX 4070 Ti,1.0
17941725184,2.61314,K60-extension,RTX 4070 Ti,1.0
17942380544,2.60725,K60-extension,RTX 4070 Ti,1.0
17943035904,2.34559,K60-extension,RTX 4070 Ti,1.0
17943691264,2.45649,K60-extension,RTX 4070 Ti,1.0
17944346624,2.58772,K60-extension,RTX 4070 Ti,1.0
17945001984,2.62715,K60-extension,RTX 4070 Ti,1.0
17945657344,2.30032,K60-extension,RTX 4070 Ti,1.0
17946312704,2.42679,K60-extension,RTX 4070 Ti,1.0
17946968064,2.60187,K60-extension,RTX 4070 Ti,1.0
17947623424,2.54955,K60-extension,RTX 4070 Ti,1.0
17948278784,2.31554,K60-extension,RTX 4070 Ti,1.0
17948934144,2.57548,K60-extension,RTX 4070 Ti,1.0
17949589504,2.67178,K60-extension,RTX 4070 Ti,1.0
17950244864,2.62837,K60-extension,RTX 4070 Ti,1.0
17950900224,2.4474,K60-extension,RTX 4070 Ti,1.0
17951555584,2.8313,K60-extension,RTX 4070 Ti,1.0
17952210944,2.6138,K60-extension,RTX 4070 Ti,1.0
17952866304,2.72105,K60-extension,RTX 4070 Ti,1.0
17953521664,2.53433,K60-extension,RTX 4070 Ti,1.0
17954177024,2.80203,K60-extension,RTX 4070 Ti,1.0
17954832384,2.57981,K60-extension,RTX 4070 Ti,1.0
17955487744,2.50621,K60-extension,RTX 4070 Ti,1.0
17956143104,2.54726,K60-extension,RTX 4070 Ti,1.0
17956798464,2.6403,K60-extension,RTX 4070 Ti,1.0
17957453824,2.62001,K60-extension,RTX 4070 Ti,1.0
17958109184,2.53151,K60-extension,RTX 4070 Ti,1.0
17958764544,2.51032,K60-extension,RTX 4070 Ti,1.0
17959419904,2.65072,K60-extension,RTX 4070 Ti,1.0
17960075264,2.47096,K60-extension,RTX 4070 Ti,1.0
17960730624,2.56975,K60-extension,RTX 4070 Ti,1.0
17961385984,2.44337,K60-extension,RTX 4070 Ti,1.0
17962041344,2.77706,K60-extension,RTX 4070 Ti,1.0
17962696704,2.6167,K60-extension,RTX 4070 Ti,1.0
17963352064,2.37244,K60-extension,RTX 4070 Ti,1.0
17964007424,2.51366,K60-extension,RTX 4070 Ti,1.0
17964662784,2.63007,K60-extension,RTX 4070 Ti,1.0
17965318144,2.45567,K60-extension,RTX 4070 Ti,1.0
17965973504,2.48125,K60-extension,RTX 4070 Ti,1.0
17966628864,2.60557,K60-extension,RTX 4070 Ti,1.0
17967284224,2.68884,K60-extension,RTX 4070 Ti,1.0
17967939584,2.3582,K60-extension,RTX 4070 Ti,1.0
17968594944,2.67289,K60-extension,RTX 4070 Ti,1.0
17969250304,2.70459,K60-extension,RTX 4070 Ti,1.0
17969905664,2.67747,K60-extension,RTX 4070 Ti,1.0
17970561024,2.70518,K60-extension,RTX 4070 Ti,1.0
17971216384,2.89694,K60-extension,RTX 4070 Ti,1.0
17971871744,2.70031,K60-extension,RTX 4070 Ti,1.0
17972527104,2.71446,K60-extension,RTX 4070 Ti,1.0
17973182464,2.55279,K60-extension,RTX 4070 Ti,1.0
17973837824,2.56429,K60-extension,RTX 4070 Ti,1.0
17974493184,2.79699,K60-extension,RTX 4070 Ti,1.0
17975148544,2.66477,K60-extension,RTX 4070 Ti,1.0
17975803904,2.42097,K60-extension,RTX 4070 Ti,1.0
17976459264,2.65295,K60-extension,RTX 4070 Ti,1.0
17977114624,2.64334,K60-extension,RTX 4070 Ti,1.0
17977769984,2.70509,K60-extension,RTX 4070 Ti,1.0
17978425344,2.45961,K60-extension,RTX 4070 Ti,1.0
17979080704,2.47028,K60-extension,RTX 4070 Ti,1.0
17979736064,2.68983,K60-extension,RTX 4070 Ti,1.0
17980391424,2.33811,K60-extension,RTX 4070 Ti,1.0
17981046784,2.29672,K60-extension,RTX 4070 Ti,1.0
17981702144,2.51844,K60-extension,RTX 4070 Ti,1.0
17982357504,2.56393,K60-extension,RTX 4070 Ti,1.0
17983012864,2.64191,K60-extension,RTX 4070 Ti,1.0
17983668224,2.31639,K60-extension,RTX 4070 Ti,1.0
17984323584,2.67483,K60-extension,RTX 4070 Ti,1.0
17984978944,2.58586,K60-extension,RTX 4070 Ti,1.0
17985634304,2.41091,K60-extension,RTX 4070 Ti,1.0
17986289664,2.53021,K60-extension,RTX 4070 Ti,1.0
17986945024,2.51227,K60-extension,RTX 4070 Ti,1.0
17987600384,2.67312,K60-extension,RTX 4070 Ti,1.0
17988255744,2.5826,K60-extension,RTX 4070 Ti,1.0
17988911104,2.68878,K60-extension,RTX 4070 Ti,1.0
17989566464,2.44948,K60-extension,RTX 4070 Ti,1.0
17990221824,2.66052,K60-extension,RTX 4070 Ti,1.0
17990877184,2.66196,K60-extension,RTX 4070 Ti,1.0
17991532544,2.55337,K60-extension,RTX 4070 Ti,1.0
17992187904,2.69114,K60-extension,RTX 4070 Ti,1.0
17992843264,2.58267,K60-extension,RTX 4070 Ti,1.0
17993498624,2.4155,K60-extension,RTX 4070 Ti,1.0
17994153984,2.81619,K60-extension,RTX 4070 Ti,1.0
17994809344,2.61388,K60-extension,RTX 4070 Ti,1.0
17995464704,2.74799,K60-extension,RTX 4070 Ti,1.0
17996120064,2.67034,K60-extension,RTX 4070 Ti,1.0
17996775424,2.59808,K60-extension,RTX 4070 Ti,1.0
17997430784,2.61044,K60-extension,RTX 4070 Ti,1.0
17998086144,2.58675,K60-extension,RTX 4070 Ti,1.0
17998741504,2.54692,K60-extension,RTX 4070 Ti,1.0
17999396864,2.52398,K60-extension,RTX 4070 Ti,1.0
18000052224,2.36137,K60-extension,RTX 4070 Ti,1.0
18000707584,2.64226,K60-extension,RTX 4070 Ti,1.0
18001362944,2.65388,K60-extension,RTX 4070 Ti,1.0
18002018304,2.42785,K60-extension,RTX 4070 Ti,1.0
18002673664,2.62177,K60-extension,RTX 4070 Ti,1.0
18003329024,2.50815,K60-extension,RTX 4070 Ti,1.0
18003984384,2.60363,K60-extension,RTX 4070 Ti,1.0
18004639744,2.6433,K60-extension,RTX 4070 Ti,1.0
18005295104,2.43348,K60-extension,RTX 4070 Ti,1.0
18005950464,2.64883,K60-extension,RTX 4070 Ti,1.0
18006605824,2.65482,K60-extension,RTX 4070 Ti,1.0
18007261184,2.33576,K60-extension,RTX 4070 Ti,1.0
18007916544,2.6917,K60-extension,RTX 4070 Ti,1.0
18008571904,2.60528,K60-extension,RTX 4070 Ti,1.0
18009227264,2.65931,K60-extension,RTX 4070 Ti,1.0
18009882624,2.65647,K60-extension,RTX 4070 Ti,1.0
18010537984,2.69805,K60-extension,RTX 4070 Ti,1.0
18011193344,2.42943,K60-extension,RTX 4070 Ti,1.0
18011848704,2.67374,K60-extension,RTX 4070 Ti,1.0
18012504064,2.60516,K60-extension,RTX 4070 Ti,1.0
18013159424,2.31637,K60-extension,RTX 4070 Ti,1.0
18013814784,2.65547,K60-extension,RTX 4070 Ti,1.0
18014470144,2.84063,K60-extension,RTX 4070 Ti,1.0
18015125504,2.63718,K60-extension,RTX 4070 Ti,1.0
18015780864,2.38644,K60-extension,RTX 4070 Ti,1.0
18016436224,2.51356,K60-extension,RTX 4070 Ti,1.0
18017091584,2.6843,K60-extension,RTX 4070 Ti,1.0
18017746944,2.47692,K60-extension,RTX 4070 Ti,1.0
18018402304,2.58709,K60-extension,RTX 4070 Ti,1.0
18019057664,2.34913,K60-extension,RTX 4070 Ti,1.0
18019713024,2.38439,K60-extension,RTX 4070 Ti,1.0
18020368384,2.54482,K60-extension,RTX 4070 Ti,1.0
18021023744,2.62477,K60-extension,RTX 4070 Ti,1.0
18021679104,2.53556,K60-extension,RTX 4070 Ti,1.0
18022334464,2.62724,K60-extension,RTX 4070 Ti,1.0
18022989824,2.54533,K60-extension,RTX 4070 Ti,1.0
18023645184,2.47177,K60-extension,RTX 4070 Ti,1.0
18024300544,2.67559,K60-extension,RTX 4070 Ti,1.0
18024955904,2.38797,K60-extension,RTX 4070 Ti,1.0
18025611264,2.57836,K60-extension,RTX 4070 Ti,1.0
18026266624,2.49908,K60-extension,RTX 4070 Ti,1.0
18026921984,2.68706,K60-extension,RTX 4070 Ti,1.0
18027577344,2.48791,K60-extension,RTX 4070 Ti,1.0
18028232704,2.81093,K60-extension,RTX 4070 Ti,1.0
18028888064,2.49437,K60-extension,RTX 4070 Ti,1.0
18029543424,2.58715,K60-extension,RTX 4070 Ti,1.0
18030198784,2.61961,K60-extension,RTX 4070 Ti,1.0
18030854144,2.52221,K60-extension,RTX 4070 Ti,1.0
18031509504,2.47317,K60-extension,RTX 4070 Ti,1.0
18032164864,2.54151,K60-extension,RTX 4070 Ti,1.0
18032820224,2.43865,K60-extension,RTX 4070 Ti,1.0
18033475584,2.46548,K60-extension,RTX 4070 Ti,1.0
18034130944,2.28973,K60-extension,RTX 4070 Ti,1.0
18034786304,2.43385,K60-extension,RTX 4070 Ti,1.0
18035441664,2.71394,K60-extension,RTX 4070 Ti,1.0
18036097024,2.42592,K60-extension,RTX 4070 Ti,1.0
18036752384,2.54422,K60-extension,RTX 4070 Ti,1.0
18037407744,2.46843,K60-extension,RTX 4070 Ti,1.0
18038063104,2.46968,K60-extension,RTX 4070 Ti,1.0
18038718464,2.52227,K60-extension,RTX 4070 Ti,1.0
18039373824,2.43509,K60-extension,RTX 4070 Ti,1.0
18040029184,2.55,K60-extension,RTX 4070 Ti,1.0
18040684544,2.44513,K60-extension,RTX 4070 Ti,1.0
18041339904,2.33293,K60-extension,RTX 4070 Ti,1.0
18041995264,2.59972,K60-extension,RTX 4070 Ti,1.0
18042650624,2.69529,K60-extension,RTX 4070 Ti,1.0
18043305984,2.27699,K60-extension,RTX 4070 Ti,1.0
18043961344,2.64016,K60-extension,RTX 4070 Ti,1.0
18044616704,2.36924,K60-extension,RTX 4070 Ti,1.0
18045272064,2.66213,K60-extension,RTX 4070 Ti,1.0
18045927424,2.64508,K60-extension,RTX 4070 Ti,1.0
18046582784,2.60238,K60-extension,RTX 4070 Ti,1.0
18047238144,2.65733,K60-extension,RTX 4070 Ti,1.0
18047893504,2.61853,K60-extension,RTX 4070 Ti,1.0
18048548864,2.5244,K60-extension,RTX 4070 Ti,1.0
18049204224,2.58902,K60-extension,RTX 4070 Ti,1.0
18049859584,2.77243,K60-extension,RTX 4070 Ti,1.0
18050514944,2.54655,K60-extension,RTX 4070 Ti,1.0
18051170304,2.48394,K60-extension,RTX 4070 Ti,1.0
18051825664,2.42345,K60-extension,RTX 4070 Ti,1.0
18052481024,2.54146,K60-extension,RTX 4070 Ti,1.0
18053136384,2.68883,K60-extension,RTX 4070 Ti,1.0
18053791744,2.20061,K60-extension,RTX 4070 Ti,1.0
18054447104,2.42408,K60-extension,RTX 4070 Ti,1.0
18055102464,2.4217,K60-extension,RTX 4070 Ti,1.0
18055757824,2.36003,K60-extension,RTX 4070 Ti,1.0
18056413184,2.5008,K60-extension,RTX 4070 Ti,1.0
18057068544,2.76665,K60-extension,RTX 4070 Ti,1.0
18057723904,2.6354,K60-extension,RTX 4070 Ti,1.0
18058379264,2.47552,K60-extension,RTX 4070 Ti,1.0
18059034624,2.57832,K60-extension,RTX 4070 Ti,1.0
18059689984,2.79797,K60-extension,RTX 4070 Ti,1.0
18060345344,2.79141,K60-extension,RTX 4070 Ti,1.0
18061000704,2.67899,K60-extension,RTX 4070 Ti,1.0
18061656064,2.62956,K60-extension,RTX 4070 Ti,1.0
18062311424,2.60707,K60-extension,RTX 4070 Ti,1.0
18062966784,2.76349,K60-extension,RTX 4070 Ti,1.0
18063622144,2.5809,K60-extension,RTX 4070 Ti,1.0
18064277504,2.60329,K60-extension,RTX 4070 Ti,1.0
18064932864,2.47607,K60-extension,RTX 4070 Ti,1.0
18065588224,2.70673,K60-extension,RTX 4070 Ti,1.0
18066243584,2.45031,K60-extension,RTX 4070 Ti,1.0
18066898944,2.73617,K60-extension,RTX 4070 Ti,1.0
18067554304,2.5724,K60-extension,RTX 4070 Ti,1.0
18068209664,2.43526,K60-extension,RTX 4070 Ti,1.0
18068865024,2.50746,K60-extension,RTX 4070 Ti,1.0
18069520384,2.3902,K60-extension,RTX 4070 Ti,1.0
18070175744,2.46697,K60-extension,RTX 4070 Ti,1.0
18070831104,2.68639,K60-extension,RTX 4070 Ti,1.0
18071486464,2.34208,K60-extension,RTX 4070 Ti,1.0
18072141824,2.47538,K60-extension,RTX 4070 Ti,1.0
18072797184,2.44161,K60-extension,RTX 4070 Ti,1.0
18073452544,2.6666,K60-extension,RTX 4070 Ti,1.0
18074107904,2.45281,K60-extension,RTX 4070 Ti,1.0
18074763264,2.53794,K60-extension,RTX 4070 Ti,1.0
18075418624,2.4634,K60-extension,RTX 4070 Ti,1.0
18076073984,2.4196,K60-extension,RTX 4070 Ti,1.0
18076729344,2.56672,K60-extension,RTX 4070 Ti,1.0
18077384704,2.69566,K60-extension,RTX 4070 Ti,1.0
18078040064,2.75449,K60-extension,RTX 4070 Ti,1.0
18078695424,2.55793,K60-extension,RTX 4070 Ti,1.0
18079350784,2.68384,K60-extension,RTX 4070 Ti,1.0
18080006144,2.73034,K60-extension,RTX 4070 Ti,1.0
18080661504,2.76965,K60-extension,RTX 4070 Ti,1.0
18081316864,2.6093,K60-extension,RTX 4070 Ti,1.0
18081972224,2.59383,K60-extension,RTX 4070 Ti,1.0
18082627584,2.7545,K60-extension,RTX 4070 Ti,1.0
18083282944,2.71504,K60-extension,RTX 4070 Ti,1.0
18083938304,2.551,K60-extension,RTX 4070 Ti,1.0
18084593664,2.66265,K60-extension,RTX 4070 Ti,1.0
18085249024,2.62056,K60-extension,RTX 4070 Ti,1.0
18085904384,2.46434,K60-extension,RTX 4070 Ti,1.0
18086559744,2.52595,K60-extension,RTX 4070 Ti,1.0
18087215104,2.52723,K60-extension,RTX 4070 Ti,1.0
18087870464,2.48125,K60-extension,RTX 4070 Ti,1.0
18088525824,2.58511,K60-extension,RTX 4070 Ti,1.0
18089181184,2.48849,K60-extension,RTX 4070 Ti,1.0
18089836544,2.5321,K60-extension,RTX 4070 Ti,1.0
18090491904,2.63127,K60-extension,RTX 4070 Ti,1.0
18091147264,2.60503,K60-extension,RTX 4070 Ti,1.0
18091802624,2.45203,K60-extension,RTX 4070 Ti,1.0
18092457984,2.51182,K60-extension,RTX 4070 Ti,1.0
18093113344,2.58947,K60-extension,RTX 4070 Ti,1.0
18093768704,2.32436,K60-extension,RTX 4070 Ti,1.0
18094424064,2.50288,K60-extension,RTX 4070 Ti,1.0
18095079424,2.55432,K60-extension,RTX 4070 Ti,1.0
18095734784,2.56771,K60-extension,RTX 4070 Ti,1.0
18096390144,2.60759,K60-extension,RTX 4070 Ti,1.0
18097045504,2.60358,K60-extension,RTX 4070 Ti,1.0
18097700864,2.58368,K60-extension,RTX 4070 Ti,1.0
18098356224,2.69464,K60-extension,RTX 4070 Ti,1.0
18099011584,2.53117,K60-extension,RTX 4070 Ti,1.0
18099666944,2.55463,K60-extension,RTX 4070 Ti,1.0
18100322304,2.7614,K60-extension,RTX 4070 Ti,1.0
18100977664,2.32758,K60-extension,RTX 4070 Ti,1.0
18101633024,2.5797,K60-extension,RTX 4070 Ti,1.0
18102288384,2.72896,K60-extension,RTX 4070 Ti,1.0
18102943744,2.5856,K60-extension,RTX 4070 Ti,1.0
18103599104,2.56832,K60-extension,RTX 4070 Ti,1.0
18104254464,2.68564,K60-extension,RTX 4070 Ti,1.0
18104909824,2.6543,K60-extension,RTX 4070 Ti,1.0
18105565184,2.49297,K60-extension,RTX 4070 Ti,1.0
18106220544,2.64665,K60-extension,RTX 4070 Ti,1.0
18106875904,2.64664,K60-extension,RTX 4070 Ti,1.0
18107531264,2.52678,K60-extension,RTX 4070 Ti,1.0
18108186624,2.40139,K60-extension,RTX 4070 Ti,1.0
18108841984,2.60569,K60-extension,RTX 4070 Ti,1.0
18109497344,2.50588,K60-extension,RTX 4070 Ti,1.0
18110152704,2.4783,K60-extension,RTX 4070 Ti,1.0
18110808064,2.52422,K60-extension,RTX 4070 Ti,1.0
18111463424,2.38897,K60-extension,RTX 4070 Ti,1.0
18112118784,2.223,K60-extension,RTX 4070 Ti,1.0
18112774144,2.59203,K60-extension,RTX 4070 Ti,1.0
18113429504,2.69396,K60-extension,RTX 4070 Ti,1.0
18114084864,2.60952,K60-extension,RTX 4070 Ti,1.0
18114740224,2.45835,K60-extension,RTX 4070 Ti,1.0
18115395584,2.59552,K60-extension,RTX 4070 Ti,1.0
18116050944,2.78159,K60-extension,RTX 4070 Ti,1.0
18116706304,2.48818,K60-extension,RTX 4070 Ti,1.0
18117361664,2.59398,K60-extension,RTX 4070 Ti,1.0
18118017024,2.77482,K60-extension,RTX 4070 Ti,1.0
18118672384,2.56404,K60-extension,RTX 4070 Ti,1.0
18119327744,2.68766,K60-extension,RTX 4070 Ti,1.0
18119983104,2.65043,K60-extension,RTX 4070 Ti,1.0
18120638464,2.63398,K60-extension,RTX 4070 Ti,1.0
18121293824,2.59055,K60-extension,RTX 4070 Ti,1.0
18121949184,2.59146,K60-extension,RTX 4070 Ti,1.0
18122604544,2.58167,K60-extension,RTX 4070 Ti,1.0
18123259904,2.71668,K60-extension,RTX 4070 Ti,1.0
18123915264,2.7402,K60-extension,RTX 4070 Ti,1.0
18124570624,2.39347,K60-extension,RTX 4070 Ti,1.0
18125225984,2.52852,K60-extension,RTX 4070 Ti,1.0
18125881344,2.60213,K60-extension,RTX 4070 Ti,1.0
18126536704,2.32999,K60-extension,RTX 4070 Ti,1.0
18127192064,2.38067,K60-extension,RTX 4070 Ti,1.0
18127847424,2.67476,K60-extension,RTX 4070 Ti,1.0
18128502784,2.47518,K60-extension,RTX 4070 Ti,1.0
18129158144,2.53248,K60-extension,RTX 4070 Ti,1.0
18129813504,2.58877,K60-extension,RTX 4070 Ti,1.0
18130468864,2.21989,K60-extension,RTX 4070 Ti,1.0
18131124224,2.52725,K60-extension,RTX 4070 Ti,1.0
18131779584,2.51842,K60-extension,RTX 4070 Ti,1.0
18132434944,2.46246,K60-extension,RTX 4070 Ti,1.0
18133090304,2.46346,K60-extension,RTX 4070 Ti,1.0
18133745664,2.43557,K60-extension,RTX 4070 Ti,1.0
18134401024,2.40981,K60-extension,RTX 4070 Ti,1.0
18135056384,2.35441,K60-extension,RTX 4070 Ti,1.0
18135711744,2.6131,K60-extension,RTX 4070 Ti,1.0
18136367104,2.68689,K60-extension,RTX 4070 Ti,1.0
18137022464,2.54901,K60-extension,RTX 4070 Ti,1.0
18137677824,2.73327,K60-extension,RTX 4070 Ti,1.0
18138333184,2.91818,K60-extension,RTX 4070 Ti,1.0
18138988544,2.40276,K60-extension,RTX 4070 Ti,1.0
18139643904,2.57968,K60-extension,RTX 4070 Ti,1.0
18140299264,2.72185,K60-extension,RTX 4070 Ti,1.0
18140954624,2.64624,K60-extension,RTX 4070 Ti,1.0
18141609984,2.58533,K60-extension,RTX 4070 Ti,1.0
18142265344,2.59347,K60-extension,RTX 4070 Ti,1.0
18142920704,2.45,K60-extension,RTX 4070 Ti,1.0
18143576064,2.60146,K60-extension,RTX 4070 Ti,1.0
18144231424,2.51871,K60-extension,RTX 4070 Ti,1.0
18144886784,2.59661,K60-extension,RTX 4070 Ti,1.0
18145542144,2.53418,K60-extension,RTX 4070 Ti,1.0
18146197504,2.61666,K60-extension,RTX 4070 Ti,1.0
18146852864,2.35166,K60-extension,RTX 4070 Ti,1.0
18147508224,2.54317,K60-extension,RTX 4070 Ti,1.0
18148163584,2.56628,K60-extension,RTX 4070 Ti,1.0
18148818944,2.51518,K60-extension,RTX 4070 Ti,1.0
18149474304,2.31915,K60-extension,RTX 4070 Ti,1.0
18150129664,2.63988,K60-extension,RTX 4070 Ti,1.0
18150785024,2.3337,K60-extension,RTX 4070 Ti,1.0
18151440384,2.74135,K60-extension,RTX 4070 Ti,1.0
18152095744,2.53136,K60-extension,RTX 4070 Ti,1.0
18152751104,2.72148,K60-extension,RTX 4070 Ti,1.0
18153406464,2.59168,K60-extension,RTX 4070 Ti,1.0
18154061824,2.65509,K60-extension,RTX 4070 Ti,1.0
18154717184,2.6661,K60-extension,RTX 4070 Ti,1.0
18155372544,2.67949,K60-extension,RTX 4070 Ti,1.0
18156027904,2.606,K60-extension,RTX 4070 Ti,1.0
18156683264,2.48734,K60-extension,RTX 4070 Ti,1.0
18157338624,2.55975,K60-extension,RTX 4070 Ti,1.0
18157993984,2.73548,K60-extension,RTX 4070 Ti,1.0
18158649344,2.72599,K60-extension,RTX 4070 Ti,1.0
18159304704,2.52137,K60-extension,RTX 4070 Ti,1.0
18159960064,2.52093,K60-extension,RTX 4070 Ti,1.0
18160615424,2.6772,K60-extension,RTX 4070 Ti,1.0
18161270784,2.54292,K60-extension,RTX 4070 Ti,1.0
18161926144,2.5497,K60-extension,RTX 4070 Ti,1.0
18162581504,2.50653,K60-extension,RTX 4070 Ti,1.0
18163236864,2.50539,K60-extension,RTX 4070 Ti,1.0
18163892224,2.51438,K60-extension,RTX 4070 Ti,1.0
18164547584,2.5057,K60-extension,RTX 4070 Ti,1.0
18165202944,2.38963,K60-extension,RTX 4070 Ti,1.0
18165858304,2.45577,K60-extension,RTX 4070 Ti,1.0
18166513664,2.64383,K60-extension,RTX 4070 Ti,1.0
18167169024,2.48663,K60-extension,RTX 4070 Ti,1.0
18167824384,2.46221,K60-extension,RTX 4070 Ti,1.0
18168479744,2.54377,K60-extension,RTX 4070 Ti,1.0
18169135104,2.49069,K60-extension,RTX 4070 Ti,1.0
18169790464,2.57167,K60-extension,RTX 4070 Ti,1.0
18170445824,2.56579,K60-extension,RTX 4070 Ti,1.0
18171101184,2.74378,K60-extension,RTX 4070 Ti,1.0
18171756544,2.50933,K60-extension,RTX 4070 Ti,1.0
18172411904,2.52711,K60-extension,RTX 4070 Ti,1.0
18173067264,2.83665,K60-extension,RTX 4070 Ti,1.0
18173722624,2.66488,K60-extension,RTX 4070 Ti,1.0
18174377984,2.61777,K60-extension,RTX 4070 Ti,1.0
18175033344,2.89365,K60-extension,RTX 4070 Ti,1.0
18175688704,2.52242,K60-extension,RTX 4070 Ti,1.0
18176344064,2.68617,K60-extension,RTX 4070 Ti,1.0
18176999424,2.48871,K60-extension,RTX 4070 Ti,1.0
18177654784,2.44636,K60-extension,RTX 4070 Ti,1.0
18178310144,2.62333,K60-extension,RTX 4070 Ti,1.0
18178965504,2.55464,K60-extension,RTX 4070 Ti,1.0
18179620864,2.46933,K60-extension,RTX 4070 Ti,1.0
18180276224,2.63342,K60-extension,RTX 4070 Ti,1.0
18180931584,2.44082,K60-extension,RTX 4070 Ti,1.0
18181586944,2.71854,K60-extension,RTX 4070 Ti,1.0
18182242304,2.53293,K60-extension,RTX 4070 Ti,1.0
18182897664,2.50513,K60-extension,RTX 4070 Ti,1.0
18183553024,2.58628,K60-extension,RTX 4070 Ti,1.0
18184208384,2.58217,K60-extension,RTX 4070 Ti,1.0
18184863744,2.56787,K60-extension,RTX 4070 Ti,1.0
18185519104,2.42161,K60-extension,RTX 4070 Ti,1.0
18186174464,2.44458,K60-extension,RTX 4070 Ti,1.0
18186829824,2.55475,K60-extension,RTX 4070 Ti,1.0
18187485184,2.50054,K60-extension,RTX 4070 Ti,1.0
18188140544,2.77151,K60-extension,RTX 4070 Ti,1.0
18188795904,2.7288,K60-extension,RTX 4070 Ti,1.0
18189451264,2.51406,K60-extension,RTX 4070 Ti,1.0
18190106624,2.62548,K60-extension,RTX 4070 Ti,1.0
18190761984,2.7688,K60-extension,RTX 4070 Ti,1.0
18191417344,2.58311,K60-extension,RTX 4070 Ti,1.0
18192072704,2.68599,K60-extension,RTX 4070 Ti,1.0
18192728064,2.56772,K60-extension,RTX 4070 Ti,1.0
18193383424,2.66567,K60-extension,RTX 4070 Ti,1.0
18194038784,2.60644,K60-extension,RTX 4070 Ti,1.0
18194694144,2.59979,K60-extension,RTX 4070 Ti,1.0
18195349504,2.54255,K60-extension,RTX 4070 Ti,1.0
18196004864,2.64681,K60-extension,RTX 4070 Ti,1.0
18196660224,2.87887,K60-extension,RTX 4070 Ti,1.0
18197315584,2.4861,K60-extension,RTX 4070 Ti,1.0
18197970944,2.48029,K60-extension,RTX 4070 Ti,1.0
18198626304,2.65283,K60-extension,RTX 4070 Ti,1.0
18199281664,2.64123,K60-extension,RTX 4070 Ti,1.0
18199937024,2.47005,K60-extension,RTX 4070 Ti,1.0
18200592384,2.52474,K60-extension,RTX 4070 Ti,1.0
18201247744,2.51631,K60-extension,RTX 4070 Ti,1.0
18201903104,2.38713,K60-extension,RTX 4070 Ti,1.0
18202558464,2.69192,K60-extension,RTX 4070 Ti,1.0
18203213824,2.61821,K60-extension,RTX 4070 Ti,1.0
18203869184,2.39151,K60-extension,RTX 4070 Ti,1.0
18204524544,2.53512,K60-extension,RTX 4070 Ti,1.0
18205179904,2.47582,K60-extension,RTX 4070 Ti,1.0
18205835264,2.65519,K60-extension,RTX 4070 Ti,1.0
18206490624,2.56157,K60-extension,RTX 4070 Ti,1.0
18207145984,2.52886,K60-extension,RTX 4070 Ti,1.0
18207801344,2.54543,K60-extension,RTX 4070 Ti,1.0
18208456704,2.69998,K60-extension,RTX 4070 Ti,1.0
18209112064,2.81065,K60-extension,RTX 4070 Ti,1.0
18209767424,2.63677,K60-extension,RTX 4070 Ti,1.0
18210422784,2.69541,K60-extension,RTX 4070 Ti,1.0
18211078144,2.83614,K60-extension,RTX 4070 Ti,1.0
18211733504,2.49465,K60-extension,RTX 4070 Ti,1.0
18212388864,2.66465,K60-extension,RTX 4070 Ti,1.0
18213044224,2.70296,K60-extension,RTX 4070 Ti,1.0
18213699584,2.73608,K60-extension,RTX 4070 Ti,1.0
18214354944,2.64981,K60-extension,RTX 4070 Ti,1.0
18215010304,2.61249,K60-extension,RTX 4070 Ti,1.0
18215665664,2.70657,K60-extension,RTX 4070 Ti,1.0
18216321024,2.40124,K60-extension,RTX 4070 Ti,1.0
18216976384,2.5,K60-extension,RTX 4070 Ti,1.0
18217631744,2.36241,K60-extension,RTX 4070 Ti,1.0
18218287104,2.75678,K60-extension,RTX 4070 Ti,1.0
18218942464,2.63503,K60-extension,RTX 4070 Ti,1.0
18219597824,2.30099,K60-extension,RTX 4070 Ti,1.0
18220253184,2.48599,K60-extension,RTX 4070 Ti,1.0
18220908544,2.60274,K60-extension,RTX 4070 Ti,1.0
18221563904,2.37077,K60-extension,RTX 4070 Ti,1.0
18222219264,2.66038,K60-extension,RTX 4070 Ti,1.0
18222874624,2.47071,K60-extension,RTX 4070 Ti,1.0
18223529984,2.5428,K60-extension,RTX 4070 Ti,1.0
18224185344,2.32389,K60-extension,RTX 4070 Ti,1.0
18224840704,2.59783,K60-extension,RTX 4070 Ti,1.0
18225496064,2.51158,K60-extension,RTX 4070 Ti,1.0
18226151424,2.78243,K60-extension,RTX 4070 Ti,1.0
18226806784,2.71648,K60-extension,RTX 4070 Ti,1.0
18227462144,2.43483,K60-extension,RTX 4070 Ti,1.0
18228117504,2.76434,K60-extension,RTX 4070 Ti,1.0
18228772864,2.85516,K60-extension,RTX 4070 Ti,1.0
18229428224,2.69893,K60-extension,RTX 4070 Ti,1.0
18230083584,2.34493,K60-extension,RTX 4070 Ti,1.0
18230738944,2.49228,K60-extension,RTX 4070 Ti,1.0
18231394304,2.71723,K60-extension,RTX 4070 Ti,1.0
18232049664,2.56602,K60-extension,RTX 4070 Ti,1.0
18232705024,2.68739,K60-extension,RTX 4070 Ti,1.0
18233360384,2.65416,K60-extension,RTX 4070 Ti,1.0
18234015744,2.56137,K60-extension,RTX 4070 Ti,1.0
18234671104,2.42578,K60-extension,RTX 4070 Ti,1.0
18235326464,2.50422,K60-extension,RTX 4070 Ti,1.0
18235981824,2.5986,K60-extension,RTX 4070 Ti,1.0
18236637184,2.48818,K60-extension,RTX 4070 Ti,1.0
18237292544,2.4321,K60-extension,RTX 4070 Ti,1.0
18237947904,2.52409,K60-extension,RTX 4070 Ti,1.0
18238603264,2.52874,K60-extension,RTX 4070 Ti,1.0
18239258624,2.38648,K60-extension,RTX 4070 Ti,1.0
18239913984,2.49461,K60-extension,RTX 4070 Ti,1.0
18240569344,2.53699,K60-extension,RTX 4070 Ti,1.0
18241224704,2.50299,K60-extension,RTX 4070 Ti,1.0
18241880064,2.47396,K60-extension,RTX 4070 Ti,1.0
18242535424,2.38936,K60-extension,RTX 4070 Ti,1.0
18243190784,2.69495,K60-extension,RTX 4070 Ti,1.0
18243846144,2.59166,K60-extension,RTX 4070 Ti,1.0
18244501504,2.5416,K60-extension,RTX 4070 Ti,1.0
18245156864,2.65808,K60-extension,RTX 4070 Ti,1.0
18245812224,2.48614,K60-extension,RTX 4070 Ti,1.0
18246467584,2.63576,K60-extension,RTX 4070 Ti,1.0
18247122944,2.71943,K60-extension,RTX 4070 Ti,1.0
18247778304,2.55508,K60-extension,RTX 4070 Ti,1.0
18248433664,2.58183,K60-extension,RTX 4070 Ti,1.0
18249089024,2.69368,K60-extension,RTX 4070 Ti,1.0
18249744384,2.68202,K60-extension,RTX 4070 Ti,1.0
18250399744,2.54191,K60-extension,RTX 4070 Ti,1.0
18251055104,2.6626,K60-extension,RTX 4070 Ti,1.0
18251710464,2.61316,K60-extension,RTX 4070 Ti,1.0
18252365824,2.36249,K60-extension,RTX 4070 Ti,1.0
18253021184,2.55863,K60-extension,RTX 4070 Ti,1.0
18253676544,2.6969,K60-extension,RTX 4070 Ti,1.0
18254331904,2.41152,K60-extension,RTX 4070 Ti,1.0
18254987264,2.52981,K60-extension,RTX 4070 Ti,1.0
18255642624,2.60666,K60-extension,RTX 4070 Ti,1.0
18256297984,2.32169,K60-extension,RTX 4070 Ti,1.0
18256953344,2.39433,K60-extension,RTX 4070 Ti,1.0
18257608704,2.36438,K60-extension,RTX 4070 Ti,1.0
18258264064,2.66754,K60-extension,RTX 4070 Ti,1.0
18258919424,2.72906,K60-extension,RTX 4070 Ti,1.0
18259574784,2.65415,K60-extension,RTX 4070 Ti,1.0
18260230144,2.52588,K60-extension,RTX 4070 Ti,1.0
18260885504,2.55044,K60-extension,RTX 4070 Ti,1.0
18261540864,2.56077,K60-extension,RTX 4070 Ti,1.0
18262196224,2.57134,K60-extension,RTX 4070 Ti,1.0
18262851584,2.42879,K60-extension,RTX 4070 Ti,1.0
18263506944,2.52863,K60-extension,RTX 4070 Ti,1.0
18264162304,2.5863,K60-extension,RTX 4070 Ti,1.0
18264817664,2.49015,K60-extension,RTX 4070 Ti,1.0
18265473024,2.78352,K60-extension,RTX 4070 Ti,1.0
18266128384,2.72045,K60-extension,RTX 4070 Ti,1.0
18266783744,2.60802,K60-extension,RTX 4070 Ti,1.0
18267439104,2.60987,K60-extension,RTX 4070 Ti,1.0
18268094464,2.65026,K60-extension,RTX 4070 Ti,1.0
18268749824,2.76006,K60-extension,RTX 4070 Ti,1.0
18269405184,2.57973,K60-extension,RTX 4070 Ti,1.0
18270060544,2.54453,K60-extension,RTX 4070 Ti,1.0
18270715904,2.66514,K60-extension,RTX 4070 Ti,1.0
18271371264,2.63072,K60-extension,RTX 4070 Ti,1.0
18272026624,2.60281,K60-extension,RTX 4070 Ti,1.0
18272681984,2.65861,K60-extension,RTX 4070 Ti,1.0
18273337344,2.53953,K60-extension,RTX 4070 Ti,1.0
18273992704,2.49208,K60-extension,RTX 4070 Ti,1.0
18274648064,2.50289,K60-extension,RTX 4070 Ti,1.0
18275303424,2.54347,K60-extension,RTX 4070 Ti,1.0
18275958784,2.48208,K60-extension,RTX 4070 Ti,1.0
18276614144,2.51294,K60-extension,RTX 4070 Ti,1.0
18277269504,2.281,K60-extension,RTX 4070 Ti,1.0
18277924864,2.50425,K60-extension,RTX 4070 Ti,1.0
18278580224,2.60112,K60-extension,RTX 4070 Ti,1.0
18279235584,2.39619,K60-extension,RTX 4070 Ti,1.0
18279890944,2.63114,K60-extension,RTX 4070 Ti,1.0
18280546304,2.51858,K60-extension,RTX 4070 Ti,1.0
18281201664,2.53914,K60-extension,RTX 4070 Ti,1.0
18281857024,2.66267,K60-extension,RTX 4070 Ti,1.0
18282512384,2.6709,K60-extension,RTX 4070 Ti,1.0
18283167744,2.69752,K60-extension,RTX 4070 Ti,1.0
18283823104,2.77039,K60-extension,RTX 4070 Ti,1.0
18284478464,2.75736,K60-extension,RTX 4070 Ti,1.0
18285133824,2.56525,K60-extension,RTX 4070 Ti,1.0
18285789184,2.67394,K60-extension,RTX 4070 Ti,1.0
18286444544,2.70483,K60-extension,RTX 4070 Ti,1.0
18287099904,2.75854,K60-extension,RTX 4070 Ti,1.0
18287755264,2.48815,K60-extension,RTX 4070 Ti,1.0
18288410624,2.50009,K60-extension,RTX 4070 Ti,1.0
18289065984,2.74855,K60-extension,RTX 4070 Ti,1.0
18289721344,2.7243,K60-extension,RTX 4070 Ti,1.0
18290376704,2.66878,K60-extension,RTX 4070 Ti,1.0
18291032064,2.52998,K60-extension,RTX 4070 Ti,1.0
18291687424,2.65957,K60-extension,RTX 4070 Ti,1.0
18292342784,2.60754,K60-extension,RTX 4070 Ti,1.0
18292998144,2.42773,K60-extension,RTX 4070 Ti,1.0
18293653504,2.7275,K60-extension,RTX 4070 Ti,1.0
18294308864,2.55644,K60-extension,RTX 4070 Ti,1.0
18294964224,2.69569,K60-extension,RTX 4070 Ti,1.0
18295619584,2.42312,K60-extension,RTX 4070 Ti,1.0
18296274944,2.41515,K60-extension,RTX 4070 Ti,1.0
18296930304,2.64038,K60-extension,RTX 4070 Ti,1.0
18297585664,2.68355,K60-extension,RTX 4070 Ti,1.0
18298241024,2.55436,K60-extension,RTX 4070 Ti,1.0
18298896384,2.40694,K60-extension,RTX 4070 Ti,1.0
18299551744,2.64194,K60-extension,RTX 4070 Ti,1.0
18300207104,2.66954,K60-extension,RTX 4070 Ti,1.0
18300862464,2.48652,K60-extension,RTX 4070 Ti,1.0
18301517824,2.79511,K60-extension,RTX 4070 Ti,1.0
18302173184,2.64112,K60-extension,RTX 4070 Ti,1.0
18302828544,2.69652,K60-extension,RTX 4070 Ti,1.0
18303483904,2.71817,K60-extension,RTX 4070 Ti,1.0
18304139264,2.85335,K60-extension,RTX 4070 Ti,1.0
18304794624,2.75883,K60-extension,RTX 4070 Ti,1.0
18305449984,2.60577,K60-extension,RTX 4070 Ti,1.0
18306105344,2.54965,K60-extension,RTX 4070 Ti,1.0
18306760704,2.49063,K60-extension,RTX 4070 Ti,1.0
18307416064,2.59165,K60-extension,RTX 4070 Ti,1.0
18308071424,2.50155,K60-extension,RTX 4070 Ti,1.0
18308726784,2.74201,K60-extension,RTX 4070 Ti,1.0
18309382144,2.45031,K60-extension,RTX 4070 Ti,1.0
18310037504,2.63243,K60-extension,RTX 4070 Ti,1.0
18310692864,2.62056,K60-extension,RTX 4070 Ti,1.0
18311348224,2.69128,K60-extension,RTX 4070 Ti,1.0
18312003584,2.39043,K60-extension,RTX 4070 Ti,1.0
18312658944,2.68678,K60-extension,RTX 4070 Ti,1.0
18313314304,2.49911,K60-extension,RTX 4070 Ti,1.0
18313969664,2.57936,K60-extension,RTX 4070 Ti,1.0
18314625024,2.82837,K60-extension,RTX 4070 Ti,1.0
18315280384,2.65536,K60-extension,RTX 4070 Ti,1.0
18315935744,2.43849,K60-extension,RTX 4070 Ti,1.0
18316591104,2.65204,K60-extension,RTX 4070 Ti,1.0
18317246464,2.69097,K60-extension,RTX 4070 Ti,1.0
18317901824,2.4528,K60-extension,RTX 4070 Ti,1.0
18318557184,2.76364,K60-extension,RTX 4070 Ti,1.0
18319212544,2.74562,K60-extension,RTX 4070 Ti,1.0
18319867904,2.83072,K60-extension,RTX 4070 Ti,1.0
18320523264,2.70153,K60-extension,RTX 4070 Ti,1.0
18321178624,2.7862,K60-extension,RTX 4070 Ti,1.0
18321833984,2.74463,K60-extension,RTX 4070 Ti,1.0
18322489344,2.62653,K60-extension,RTX 4070 Ti,1.0
18323144704,2.50251,K60-extension,RTX 4070 Ti,1.0
18323800064,2.34623,K60-extension,RTX 4070 Ti,1.0
18324455424,2.59615,K60-extension,RTX 4070 Ti,1.0
18325110784,2.4442,K60-extension,RTX 4070 Ti,1.0
18325766144,2.50753,K60-extension,RTX 4070 Ti,1.0
18326421504,2.671,K60-extension,RTX 4070 Ti,1.0
18327076864,2.52537,K60-extension,RTX 4070 Ti,1.0
18327732224,2.58012,K60-extension,RTX 4070 Ti,1.0
18328387584,2.49224,K60-extension,RTX 4070 Ti,1.0
18329042944,2.62824,K60-extension,RTX 4070 Ti,1.0
18329698304,2.45668,K60-extension,RTX 4070 Ti,1.0
18330353664,2.49871,K60-extension,RTX 4070 Ti,1.0
18331009024,2.54365,K60-extension,RTX 4070 Ti,1.0
18331664384,2.67093,K60-extension,RTX 4070 Ti,1.0
18332319744,2.61253,K60-extension,RTX 4070 Ti,1.0
18332975104,2.65367,K60-extension,RTX 4070 Ti,1.0
18333630464,2.53369,K60-extension,RTX 4070 Ti,1.0
18334285824,2.36392,K60-extension,RTX 4070 Ti,1.0
18334941184,2.62913,K60-extension,RTX 4070 Ti,1.0
18335596544,2.57258,K60-extension,RTX 4070 Ti,1.0
18336251904,2.67901,K60-extension,RTX 4070 Ti,1.0
18336907264,2.74332,K60-extension,RTX 4070 Ti,1.0
18337562624,2.5337,K60-extension,RTX 4070 Ti,1.0
18338217984,2.35882,K60-extension,RTX 4070 Ti,1.0
18338873344,2.69796,K60-extension,RTX 4070 Ti,1.0
18339528704,2.63941,K60-extension,RTX 4070 Ti,1.0
18340184064,2.83338,K60-extension,RTX 4070 Ti,1.0
18340839424,2.4925,K60-extension,RTX 4070 Ti,1.0
18341494784,2.52534,K60-extension,RTX 4070 Ti,1.0
18342150144,2.73132,K60-extension,RTX 4070 Ti,1.0
18342805504,2.384,K60-extension,RTX 4070 Ti,1.0
18343460864,2.73399,K60-extension,RTX 4070 Ti,1.0
18344116224,2.5448,K60-extension,RTX 4070 Ti,1.0
18344771584,2.51923,K60-extension,RTX 4070 Ti,1.0
18345426944,2.61039,K60-extension,RTX 4070 Ti,1.0
18346082304,2.40905,K60-extension,RTX 4070 Ti,1.0
18346737664,2.83988,K60-extension,RTX 4070 Ti,1.0
18347393024,2.57604,K60-extension,RTX 4070 Ti,1.0
18348048384,2.53459,K60-extension,RTX 4070 Ti,1.0
18348703744,2.61972,K60-extension,RTX 4070 Ti,1.0
18349359104,2.54166,K60-extension,RTX 4070 Ti,1.0
18350014464,2.58457,K60-extension,RTX 4070 Ti,1.0
18350669824,2.4749,K60-extension,RTX 4070 Ti,1.0
18351325184,2.65537,K60-extension,RTX 4070 Ti,1.0
18351980544,2.49062,K60-extension,RTX 4070 Ti,1.0
18352635904,2.57178,K60-extension,RTX 4070 Ti,1.0
18353291264,2.60106,K60-extension,RTX 4070 Ti,1.0
18353946624,2.52084,K60-extension,RTX 4070 Ti,1.0
18354601984,2.83044,K60-extension,RTX 4070 Ti,1.0
18355257344,2.50402,K60-extension,RTX 4070 Ti,1.0
18355912704,2.64091,K60-extension,RTX 4070 Ti,1.0
18356568064,2.85237,K60-extension,RTX 4070 Ti,1.0
18357223424,2.66152,K60-extension,RTX 4070 Ti,1.0
18357878784,2.43165,K60-extension,RTX 4070 Ti,1.0
18358534144,2.60445,K60-extension,RTX 4070 Ti,1.0
18359189504,2.60672,K60-extension,RTX 4070 Ti,1.0
18359844864,2.5797,K60-extension,RTX 4070 Ti,1.0
18360500224,2.55729,K60-extension,RTX 4070 Ti,1.0
18361155584,2.56446,K60-extension,RTX 4070 Ti,1.0
18361810944,2.59183,K60-extension,RTX 4070 Ti,1.0
18362466304,2.57922,K60-extension,RTX 4070 Ti,1.0
18363121664,2.60548,K60-extension,RTX 4070 Ti,1.0
18363777024,2.60577,K60-extension,RTX 4070 Ti,1.0
18364432384,2.58586,K60-extension,RTX 4070 Ti,1.0
18365087744,2.56089,K60-extension,RTX 4070 Ti,1.0
18365743104,2.28778,K60-extension,RTX 4070 Ti,1.0
18366398464,2.43632,K60-extension,RTX 4070 Ti,1.0
18367053824,2.6604,K60-extension,RTX 4070 Ti,1.0
18367709184,2.40188,K60-extension,RTX 4070 Ti,1.0
18368364544,2.63392,K60-extension,RTX 4070 Ti,1.0
18369019904,2.52185,K60-extension,RTX 4070 Ti,1.0
18369675264,2.40462,K60-extension,RTX 4070 Ti,1.0
18370330624,2.56464,K60-extension,RTX 4070 Ti,1.0
18370985984,2.54488,K60-extension,RTX 4070 Ti,1.0
18371641344,2.60792,K60-extension,RTX 4070 Ti,1.0
18372296704,2.56911,K60-extension,RTX 4070 Ti,1.0
18372952064,2.56545,K60-extension,RTX 4070 Ti,1.0
18373607424,2.60373,K60-extension,RTX 4070 Ti,1.0
18374262784,2.70048,K60-extension,RTX 4070 Ti,1.0
18374918144,2.77859,K60-extension,RTX 4070 Ti,1.0
18375573504,2.5653,K60-extension,RTX 4070 Ti,1.0
18376228864,2.6753,K60-extension,RTX 4070 Ti,1.0
18376884224,2.59438,K60-extension,RTX 4070 Ti,1.0
18377539584,2.67033,K60-extension,RTX 4070 Ti,1.0
18378194944,2.62051,K60-extension,RTX 4070 Ti,1.0
18378850304,2.55385,K60-extension,RTX 4070 Ti,1.0
18379505664,2.64328,K60-extension,RTX 4070 Ti,1.0
18380161024,2.39748,K60-extension,RTX 4070 Ti,1.0
18380816384,2.56513,K60-extension,RTX 4070 Ti,1.0
18381471744,2.81454,K60-extension,RTX 4070 Ti,1.0
18382127104,2.72542,K60-extension,RTX 4070 Ti,1.0
18382782464,2.5459,K60-extension,RTX 4070 Ti,1.0
18383437824,2.74187,K60-extension,RTX 4070 Ti,1.0
18384093184,2.49368,K60-extension,RTX 4070 Ti,1.0
18384748544,2.31059,K60-extension,RTX 4070 Ti,1.0
18385403904,2.68898,K60-extension,RTX 4070 Ti,1.0
18386059264,2.59296,K60-extension,RTX 4070 Ti,1.0
18386714624,2.49615,K60-extension,RTX 4070 Ti,1.0
18387369984,2.66281,K60-extension,RTX 4070 Ti,1.0
18388025344,2.43315,K60-extension,RTX 4070 Ti,1.0
18388680704,2.4332,K60-extension,RTX 4070 Ti,1.0
18389336064,2.5765,K60-extension,RTX 4070 Ti,1.0
18389991424,2.55226,K60-extension,RTX 4070 Ti,1.0
18390646784,2.52815,K60-extension,RTX 4070 Ti,1.0
18391302144,2.69253,K60-extension,RTX 4070 Ti,1.0
18391957504,2.62638,K60-extension,RTX 4070 Ti,1.0
18392612864,2.63814,K60-extension,RTX 4070 Ti,1.0
18393268224,2.59225,K60-extension,RTX 4070 Ti,1.0
18393923584,2.56174,K60-extension,RTX 4070 Ti,1.0
18394578944,2.75467,K60-extension,RTX 4070 Ti,1.0
18395234304,2.68164,K60-extension,RTX 4070 Ti,1.0
18395889664,2.58578,K60-extension,RTX 4070 Ti,1.0
18396545024,2.48036,K60-extension,RTX 4070 Ti,1.0
18397200384,2.51916,K60-extension,RTX 4070 Ti,1.0
18397855744,2.70923,K60-extension,RTX 4070 Ti,1.0
18398511104,2.52615,K60-extension,RTX 4070 Ti,1.0
18399166464,2.60902,K60-extension,RTX 4070 Ti,1.0
18399821824,2.65804,K60-extension,RTX 4070 Ti,1.0
18400477184,2.67252,K60-extension,RTX 4070 Ti,1.0
18401132544,2.45556,K60-extension,RTX 4070 Ti,1.0
18401787904,2.59736,K60-extension,RTX 4070 Ti,1.0
18402443264,2.66872,K60-extension,RTX 4070 Ti,1.0
18403098624,2.50604,K60-extension,RTX 4070 Ti,1.0
18403753984,2.441,K60-extension,RTX 4070 Ti,1.0
18404409344,2.64743,K60-extension,RTX 4070 Ti,1.0
18405064704,2.71005,K60-extension,RTX 4070 Ti,1.0
18405720064,2.59824,K60-extension,RTX 4070 Ti,1.0
18406375424,2.48838,K60-extension,RTX 4070 Ti,1.0
18407030784,2.41719,K60-extension,RTX 4070 Ti,1.0
18407686144,2.77138,K60-extension,RTX 4070 Ti,1.0
18408341504,2.79517,K60-extension,RTX 4070 Ti,1.0
18408996864,2.49713,K60-extension,RTX 4070 Ti,1.0
18409652224,2.74804,K60-extension,RTX 4070 Ti,1.0
18410307584,2.65893,K60-extension,RTX 4070 Ti,1.0
18410962944,2.60927,K60-extension,RTX 4070 Ti,1.0
18411618304,2.54029,K60-extension,RTX 4070 Ti,1.0
18412273664,2.57797,K60-extension,RTX 4070 Ti,1.0
18412929024,2.49557,K60-extension,RTX 4070 Ti,1.0
18413584384,2.54407,K60-extension,RTX 4070 Ti,1.0
18414239744,2.38285,K60-extension,RTX 4070 Ti,1.0
18414895104,2.38069,K60-extension,RTX 4070 Ti,1.0
18415550464,2.54723,K60-extension,RTX 4070 Ti,1.0
18416205824,2.41137,K60-extension,RTX 4070 Ti,1.0
18416861184,2.76543,K60-extension,RTX 4070 Ti,1.0
18417516544,2.78186,K60-extension,RTX 4070 Ti,1.0
18418171904,2.56614,K60-extension,RTX 4070 Ti,1.0
18418827264,2.56414,K60-extension,RTX 4070 Ti,1.0
18419482624,2.47498,K60-extension,RTX 4070 Ti,1.0
18420137984,2.65508,K60-extension,RTX 4070 Ti,1.0
18420793344,2.50697,K60-extension,RTX 4070 Ti,1.0
18421448704,2.53821,K60-extension,RTX 4070 Ti,1.0
18422104064,2.60601,K60-extension,RTX 4070 Ti,1.0
18422759424,2.45901,K60-extension,RTX 4070 Ti,1.0
18423414784,2.36001,K60-extension,RTX 4070 Ti,1.0
18424070144,2.59239,K60-extension,RTX 4070 Ti,1.0
18424725504,2.79676,K60-extension,RTX 4070 Ti,1.0
18425380864,2.66903,K60-extension,RTX 4070 Ti,1.0
18426036224,2.41182,K60-extension,RTX 4070 Ti,1.0
18426691584,2.53178,K60-extension,RTX 4070 Ti,1.0
18427346944,2.72083,K60-extension,RTX 4070 Ti,1.0
18428002304,2.65911,K60-extension,RTX 4070 Ti,1.0
18428657664,2.50489,K60-extension,RTX 4070 Ti,1.0
18429313024,2.52222,K60-extension,RTX 4070 Ti,1.0
18429968384,2.72261,K60-extension,RTX 4070 Ti,1.0
18430623744,2.69025,K60-extension,RTX 4070 Ti,1.0
18431279104,2.73895,K60-extension,RTX 4070 Ti,1.0
18431934464,2.60942,K60-extension,RTX 4070 Ti,1.0
18432589824,2.60077,K60-extension,RTX 4070 Ti,1.0
18433245184,2.42723,K60-extension,RTX 4070 Ti,1.0
18433900544,2.63667,K60-extension,RTX 4070 Ti,1.0
18434555904,2.54228,K60-extension,RTX 4070 Ti,1.0
18435211264,2.62904,K60-extension,RTX 4070 Ti,1.0
18435866624,2.46889,K60-extension,RTX 4070 Ti,1.0
18436521984,2.63218,K60-extension,RTX 4070 Ti,1.0
18437177344,2.69199,K60-extension,RTX 4070 Ti,1.0
18437832704,2.38027,K60-extension,RTX 4070 Ti,1.0
18438488064,2.67028,K60-extension,RTX 4070 Ti,1.0
18439143424,2.4495,K60-extension,RTX 4070 Ti,1.0
18439798784,2.53195,K60-extension,RTX 4070 Ti,1.0
18440454144,2.65114,K60-extension,RTX 4070 Ti,1.0
18441109504,2.63731,K60-extension,RTX 4070 Ti,1.0
18441764864,2.65934,K60-extension,RTX 4070 Ti,1.0
18442420224,2.76899,K60-extension,RTX 4070 Ti,1.0
18443075584,2.63638,K60-extension,RTX 4070 Ti,1.0
18443730944,2.4595,K60-extension,RTX 4070 Ti,1.0
18444386304,2.6262,K60-extension,RTX 4070 Ti,1.0
18445041664,2.72064,K60-extension,RTX 4070 Ti,1.0
18445697024,2.456,K60-extension,RTX 4070 Ti,1.0
18446352384,2.56392,K60-extension,RTX 4070 Ti,1.0
18447007744,2.51771,K60-extension,RTX 4070 Ti,1.0
18447663104,2.68589,K60-extension,RTX 4070 Ti,1.0
18448318464,2.75897,K60-extension,RTX 4070 Ti,1.0
18448973824,2.71084,K60-extension,RTX 4070 Ti,1.0
18449629184,2.62146,K60-extension,RTX 4070 Ti,1.0
18450284544,2.75433,K60-extension,RTX 4070 Ti,1.0
18450939904,2.60844,K60-extension,RTX 4070 Ti,1.0
18451595264,2.62221,K60-extension,RTX 4070 Ti,1.0
18452250624,2.54445,K60-extension,RTX 4070 Ti,1.0
18452905984,2.79213,K60-extension,RTX 4070 Ti,1.0
18453561344,2.71013,K60-extension,RTX 4070 Ti,1.0
18454216704,2.61518,K60-extension,RTX 4070 Ti,1.0
18454872064,2.62745,K60-extension,RTX 4070 Ti,1.0
18455527424,2.63413,K60-extension,RTX 4070 Ti,1.0
18456182784,2.45737,K60-extension,RTX 4070 Ti,1.0
18456838144,2.48577,K60-extension,RTX 4070 Ti,1.0
18457493504,2.45081,K60-extension,RTX 4070 Ti,1.0
18458148864,2.76851,K60-extension,RTX 4070 Ti,1.0
18458804224,2.31489,K60-extension,RTX 4070 Ti,1.0
18459459584,2.47918,K60-extension,RTX 4070 Ti,1.0
18460114944,2.51915,K60-extension,RTX 4070 Ti,1.0
18460770304,2.71509,K60-extension,RTX 4070 Ti,1.0
18461425664,2.49681,K60-extension,RTX 4070 Ti,1.0
18462081024,2.51308,K60-extension,RTX 4070 Ti,1.0
18462736384,2.73182,K60-extension,RTX 4070 Ti,1.0
18463391744,2.38011,K60-extension,RTX 4070 Ti,1.0
18464047104,2.70572,K60-extension,RTX 4070 Ti,1.0
18464702464,2.66461,K60-extension,RTX 4070 Ti,1.0
18465357824,2.55957,K60-extension,RTX 4070 Ti,1.0
18466013184,2.47464,K60-extension,RTX 4070 Ti,1.0
18466668544,2.62392,K60-extension,RTX 4070 Ti,1.0
18467323904,2.77598,K60-extension,RTX 4070 Ti,1.0
18467979264,2.70399,K60-extension,RTX 4070 Ti,1.0
18468634624,2.74039,K60-extension,RTX 4070 Ti,1.0
18469289984,2.44087,K60-extension,RTX 4070 Ti,1.0
18469945344,2.83826,K60-extension,RTX 4070 Ti,1.0
18470600704,2.57184,K60-extension,RTX 4070 Ti,1.0
18471256064,2.60424,K60-extension,RTX 4070 Ti,1.0
18471911424,2.62617,K60-extension,RTX 4070 Ti,1.0
18472566784,2.47953,K60-extension,RTX 4070 Ti,1.0
18473222144,2.59646,K60-extension,RTX 4070 Ti,1.0
18473877504,2.6416,K60-extension,RTX 4070 Ti,1.0
18474532864,2.7605,K60-extension,RTX 4070 Ti,1.0
18475188224,2.58685,K60-extension,RTX 4070 Ti,1.0
18475843584,2.43429,K60-extension,RTX 4070 Ti,1.0
18476498944,2.34652,K60-extension,RTX 4070 Ti,1.0
18477154304,2.48301,K60-extension,RTX 4070 Ti,1.0
18477809664,2.66274,K60-extension,RTX 4070 Ti,1.0
18478465024,2.27234,K60-extension,RTX 4070 Ti,1.0
18479120384,2.32475,K60-extension,RTX 4070 Ti,1.0
18479775744,2.61268,K60-extension,RTX 4070 Ti,1.0
18480431104,2.52101,K60-extension,RTX 4070 Ti,1.0
18481086464,2.56734,K60-extension,RTX 4070 Ti,1.0
18481741824,2.65414,K60-extension,RTX 4070 Ti,1.0
18482397184,2.65586,K60-extension,RTX 4070 Ti,1.0
18483052544,2.37985,K60-extension,RTX 4070 Ti,1.0
18483707904,2.65272,K60-extension,RTX 4070 Ti,1.0
18484363264,2.64547,K60-extension,RTX 4070 Ti,1.0
18485018624,2.47525,K60-extension,RTX 4070 Ti,1.0
18485673984,2.73147,K60-extension,RTX 4070 Ti,1.0
18486329344,2.63767,K60-extension,RTX 4070 Ti,1.0
18486984704,2.59693,K60-extension,RTX 4070 Ti,1.0
18487640064,2.68429,K60-extension,RTX 4070 Ti,1.0
18488295424,2.62135,K60-extension,RTX 4070 Ti,1.0
18488950784,2.55208,K60-extension,RTX 4070 Ti,1.0
18489606144,2.62567,K60-extension,RTX 4070 Ti,1.0
18490261504,2.60173,K60-extension,RTX 4070 Ti,1.0
18490916864,2.72023,K60-extension,RTX 4070 Ti,1.0
18491572224,2.62046,K60-extension,RTX 4070 Ti,1.0
18492227584,2.62071,K60-extension,RTX 4070 Ti,1.0
18492882944,2.68348,K60-extension,RTX 4070 Ti,1.0
18493538304,2.39193,K60-extension,RTX 4070 Ti,1.0
18494193664,2.495,K60-extension,RTX 4070 Ti,1.0
18494849024,2.55153,K60-extension,RTX 4070 Ti,1.0
18495504384,2.68322,K60-extension,RTX 4070 Ti,1.0
18496159744,2.36814,K60-extension,RTX 4070 Ti,1.0
18496815104,2.53993,K60-extension,RTX 4070 Ti,1.0
18497470464,2.61199,K60-extension,RTX 4070 Ti,1.0
18498125824,2.66452,K60-extension,RTX 4070 Ti,1.0
18498781184,2.56602,K60-extension,RTX 4070 Ti,1.0
18499436544,2.4593,K60-extension,RTX 4070 Ti,1.0
18500091904,2.54772,K60-extension,RTX 4070 Ti,1.0
18500747264,2.75248,K60-extension,RTX 4070 Ti,1.0
18501402624,2.61403,K60-extension,RTX 4070 Ti,1.0
18502057984,2.774,K60-extension,RTX 4070 Ti,1.0
18502713344,2.67866,K60-extension,RTX 4070 Ti,1.0
18503368704,2.68563,K60-extension,RTX 4070 Ti,1.0
18504024064,2.47443,K60-extension,RTX 4070 Ti,1.0
18504679424,2.67084,K60-extension,RTX 4070 Ti,1.0
18505334784,2.64192,K60-extension,RTX 4070 Ti,1.0
18505990144,2.58509,K60-extension,RTX 4070 Ti,1.0
18506645504,2.53737,K60-extension,RTX 4070 Ti,1.0
18507300864,2.54311,K60-extension,RTX 4070 Ti,1.0
18507956224,2.52666,K60-extension,RTX 4070 Ti,1.0
18508611584,2.53728,K60-extension,RTX 4070 Ti,1.0
18509266944,2.44544,K60-extension,RTX 4070 Ti,1.0
18509922304,2.48594,K60-extension,RTX 4070 Ti,1.0
18510577664,2.53042,K60-extension,RTX 4070 Ti,1.0
18511233024,2.41868,K60-extension,RTX 4070 Ti,1.0
18511888384,2.25091,K60-extension,RTX 4070 Ti,1.0
18512543744,2.7121,K60-extension,RTX 4070 Ti,1.0
18513199104,2.50588,K60-extension,RTX 4070 Ti,1.0
18513854464,2.6619,K60-extension,RTX 4070 Ti,1.0
18514509824,2.23696,K60-extension,RTX 4070 Ti,1.0
18515165184,2.41791,K60-extension,RTX 4070 Ti,1.0
18515820544,2.51101,K60-extension,RTX 4070 Ti,1.0
18516475904,2.66441,K60-extension,RTX 4070 Ti,1.0
18517131264,2.68424,K60-extension,RTX 4070 Ti,1.0
18517786624,2.61594,K60-extension,RTX 4070 Ti,1.0
18518441984,2.57985,K60-extension,RTX 4070 Ti,1.0
18519097344,2.80591,K60-extension,RTX 4070 Ti,1.0
18519752704,2.5461,K60-extension,RTX 4070 Ti,1.0
18520408064,2.54495,K60-extension,RTX 4070 Ti,1.0
18521063424,2.75087,K60-extension,RTX 4070 Ti,1.0
18521718784,2.59405,K60-extension,RTX 4070 Ti,1.0
18522374144,2.57328,K60-extension,RTX 4070 Ti,1.0
18523029504,2.70804,K60-extension,RTX 4070 Ti,1.0
18523684864,2.4729,K60-extension,RTX 4070 Ti,1.0
18524340224,2.58089,K60-extension,RTX 4070 Ti,1.0
18524995584,2.66281,K60-extension,RTX 4070 Ti,1.0
18525650944,2.751,K60-extension,RTX 4070 Ti,1.0
18526306304,2.57477,K60-extension,RTX 4070 Ti,1.0
18526961664,2.52503,K60-extension,RTX 4070 Ti,1.0
18527617024,2.77216,K60-extension,RTX 4070 Ti,1.0
18528272384,2.72375,K60-extension,RTX 4070 Ti,1.0
18528927744,2.64204,K60-extension,RTX 4070 Ti,1.0
18529583104,2.51607,K60-extension,RTX 4070 Ti,1.0
18530238464,2.70347,K60-extension,RTX 4070 Ti,1.0
18530893824,2.61731,K60-extension,RTX 4070 Ti,1.0
18531549184,2.463,K60-extension,RTX 4070 Ti,1.0
18532204544,2.43898,K60-extension,RTX 4070 Ti,1.0
18532859904,2.60251,K60-extension,RTX 4070 Ti,1.0
18533515264,2.36572,K60-extension,RTX 4070 Ti,1.0
18534170624,2.44875,K60-extension,RTX 4070 Ti,1.0
18534825984,2.52315,K60-extension,RTX 4070 Ti,1.0
18535481344,2.40999,K60-extension,RTX 4070 Ti,1.0
18536136704,2.64061,K60-extension,RTX 4070 Ti,1.0
18536792064,2.57282,K60-extension,RTX 4070 Ti,1.0
18537447424,2.47919,K60-extension,RTX 4070 Ti,1.0
18538102784,2.81459,K60-extension,RTX 4070 Ti,1.0
18538758144,2.60102,K60-extension,RTX 4070 Ti,1.0
18539413504,2.58244,K60-extension,RTX 4070 Ti,1.0
18540068864,2.5877,K60-extension,RTX 4070 Ti,1.0
18540724224,2.78855,K60-extension,RTX 4070 Ti,1.0
18541379584,2.58261,K60-extension,RTX 4070 Ti,1.0
18542034944,2.66432,K60-extension,RTX 4070 Ti,1.0
18542690304,2.65642,K60-extension,RTX 4070 Ti,1.0
18543345664,2.65591,K60-extension,RTX 4070 Ti,1.0
18544001024,2.57393,K60-extension,RTX 4070 Ti,1.0
18544656384,2.65355,K60-extension,RTX 4070 Ti,1.0
18545311744,2.81615,K60-extension,RTX 4070 Ti,1.0
18545967104,2.78459,K60-extension,RTX 4070 Ti,1.0
18546622464,2.66331,K60-extension,RTX 4070 Ti,1.0
18547277824,2.40458,K60-extension,RTX 4070 Ti,1.0
18547933184,2.62703,K60-extension,RTX 4070 Ti,1.0
18548588544,2.53455,K60-extension,RTX 4070 Ti,1.0
18549243904,2.3858,K60-extension,RTX 4070 Ti,1.0
18549899264,2.48646,K60-extension,RTX 4070 Ti,1.0
18550554624,2.6025,K60-extension,RTX 4070 Ti,1.0
18551209984,2.62262,K60-extension,RTX 4070 Ti,1.0
18551865344,2.43407,K60-extension,RTX 4070 Ti,1.0
18552520704,2.63021,K60-extension,RTX 4070 Ti,1.0
18553176064,2.40036,K60-extension,RTX 4070 Ti,1.0
18553831424,2.54344,K60-extension,RTX 4070 Ti,1.0
18554486784,2.45628,K60-extension,RTX 4070 Ti,1.0
18555142144,2.73021,K60-extension,RTX 4070 Ti,1.0
18555797504,2.65036,K60-extension,RTX 4070 Ti,1.0
18556452864,2.51759,K60-extension,RTX 4070 Ti,1.0
18557108224,2.39533,K60-extension,RTX 4070 Ti,1.0
18557763584,2.98177,K60-extension,RTX 4070 Ti,1.0
18558418944,2.91331,K60-extension,RTX 4070 Ti,1.0
18559074304,2.68603,K60-extension,RTX 4070 Ti,1.0
18559729664,2.59848,K60-extension,RTX 4070 Ti,1.0
18560385024,2.78421,K60-extension,RTX 4070 Ti,1.0
18561040384,2.62615,K60-extension,RTX 4070 Ti,1.0
18562351104,2.60221,K60-anneal,RTX 4070 Ti,0.9999990611315834
18563661824,2.43513,K60-anneal,RTX 4070 Ti,0.999995815666981
18564972544,2.47909,K60-anneal,RTX 4070 Ti,0.9999902520367152
18566283264,2.62164,K60-anneal,RTX 4070 Ti,0.9999823702776363
18567593984,2.68187,K60-anneal,RTX 4070 Ti,0.9999721704419484
18568904704,2.62421,K60-anneal,RTX 4070 Ti,0.9999596525972094
18570215424,2.80071,K60-anneal,RTX 4070 Ti,0.9999448168263299
18571526144,2.56129,K60-anneal,RTX 4070 Ti,0.9999276632275733
18572836864,2.38526,K60-anneal,RTX 4070 Ti,0.9999081919145549
18574147584,2.58681,K60-anneal,RTX 4070 Ti,0.9998864030162413
18575458304,2.58487,K60-anneal,RTX 4070 Ti,0.9998622966769495
18576769024,2.56353,K60-anneal,RTX 4070 Ti,0.999835873056345
18578079744,2.47889,K60-anneal,RTX 4070 Ti,0.9998071323294431
18579390464,2.70869,K60-anneal,RTX 4070 Ti,0.9997760746866047
18580701184,2.47599,K60-anneal,RTX 4070 Ti,0.9997427003335375
18582011904,2.53043,K60-anneal,RTX 4070 Ti,0.9997070094912937
18583322624,2.66358,K60-anneal,RTX 4070 Ti,0.9996690023962682
18584633344,2.73486,K60-anneal,RTX 4070 Ti,0.9996286793001976
18585944064,2.55047,K60-anneal,RTX 4070 Ti,0.9995860404701584
18587254784,2.56961,K60-anneal,RTX 4070 Ti,0.9995410861885647
18588565504,2.54009,K60-anneal,RTX 4070 Ti,0.9994938167531677
18589876224,2.57666,K60-anneal,RTX 4070 Ti,0.9994442324770518
18591186944,2.5561,K60-anneal,RTX 4070 Ti,0.9993923336886339
18592497664,2.57649,K60-anneal,RTX 4070 Ti,0.9993381207316612
18593808384,2.63722,K60-anneal,RTX 4070 Ti,0.9992815939652082
18595119104,2.67431,K60-anneal,RTX 4070 Ti,0.9992227537636749
18596429824,2.58154,K60-anneal,RTX 4070 Ti,0.9991616005167838
18597740544,2.50508,K60-anneal,RTX 4070 Ti,0.9990981346295782
18599051264,2.4697,K60-anneal,RTX 4070 Ti,0.9990323565224186
18600361984,2.69487,K60-anneal,RTX 4070 Ti,0.9989642666309806
18601672704,2.49884,K60-anneal,RTX 4070 Ti,0.9988938654062509
18602983424,2.56324,K60-anneal,RTX 4070 Ti,0.9988211533145259
18604294144,2.57144,K60-anneal,RTX 4070 Ti,0.9987461308374077
18605604864,2.64082,K60-anneal,RTX 4070 Ti,0.9986687984718008
18606915584,2.64652,K60-anneal,RTX 4070 Ti,0.9985891567299092
18608226304,2.51048,K60-anneal,RTX 4070 Ti,0.9985072061392326
18609537024,2.55634,K60-anneal,RTX 4070 Ti,0.9984229472425634
18610847744,2.55296,K60-anneal,RTX 4070 Ti,0.998336380597983
18612158464,2.60286,K60-anneal,RTX 4070 Ti,0.9982475067788574
18613469184,2.62131,K60-anneal,RTX 4070 Ti,0.9981563263738347
18614779904,2.58502,K60-anneal,RTX 4070 Ti,0.9980628399868396
18616090624,2.62631,K60-anneal,RTX 4070 Ti,0.9979670482370713
18617401344,2.72295,K60-anneal,RTX 4070 Ti,0.9978689517589976
18618712064,2.41523,K60-anneal,RTX 4070 Ti,0.9977685512023513
18620022784,2.58481,K60-anneal,RTX 4070 Ti,0.9976658472321267
18621333504,2.54501,K60-anneal,RTX 4070 Ti,0.9975608405285743
18622644224,2.45982,K60-anneal,RTX 4070 Ti,0.9974535317871964
18623954944,2.52435,K60-anneal,RTX 4070 Ti,0.997343921718743
18625265664,2.56322,K60-anneal,RTX 4070 Ti,0.9972320110492063
18626576384,2.71373,K60-anneal,RTX 4070 Ti,0.9971178005198165
18627887104,2.63096,K60-anneal,RTX 4070 Ti,0.9970012908870365
18629197824,2.61885,K60-anneal,RTX 4070 Ti,0.9968824829225578
18630508544,2.66636,K60-anneal,RTX 4070 Ti,0.996761377413294
18631819264,2.54345,K60-anneal,RTX 4070 Ti,0.9966379751613763
18633129984,2.44339,K60-anneal,RTX 4070 Ti,0.9965122769841486
18634440704,2.63891,K60-anneal,RTX 4070 Ti,0.9963842837141614
18635751424,2.70018,K60-anneal,RTX 4070 Ti,0.9962539961991665
18637062144,2.6467,K60-anneal,RTX 4070 Ti,0.9961214153021116
18638372864,2.66131,K60-anneal,RTX 4070 Ti,0.9959865419011342
18639683584,2.56525,K60-anneal,RTX 4070 Ti,0.9958493768895562
18640994304,2.49374,K60-anneal,RTX 4070 Ti,0.9957099211758773
18642305024,2.46743,K60-anneal,RTX 4070 Ti,0.9955681756837702
18643615744,2.6349,K60-anneal,RTX 4070 Ti,0.9954241413520732
18644926464,2.72561,K60-anneal,RTX 4070 Ti,0.9952778191347849
18646237184,2.6604,K60-anneal,RTX 4070 Ti,0.9951292100010569
18647547904,2.52268,K60-anneal,RTX 4070 Ti,0.9949783149351885
18648858624,2.63239,K60-anneal,RTX 4070 Ti,0.9948251349366197
18650169344,2.56559,K60-anneal,RTX 4070 Ti,0.9946696710199243
18651480064,2.69484,K60-anneal,RTX 4070 Ti,0.9945119242148035
18652790784,2.56408,K60-anneal,RTX 4070 Ti,0.9943518955660791
18654101504,2.48945,K60-anneal,RTX 4070 Ti,0.994189586133686
18655412224,2.64873,K60-anneal,RTX 4070 Ti,0.9940249969926667
18656722944,2.50531,K60-anneal,RTX 4070 Ti,0.9938581292331621
18658033664,2.3654,K60-anneal,RTX 4070 Ti,0.9936889839604057
18659344384,2.55122,K60-anneal,RTX 4070 Ti,0.9935175622947161
18660655104,2.69385,K60-anneal,RTX 4070 Ti,0.993343865371489
18661965824,2.68793,K60-anneal,RTX 4070 Ti,0.9931678943411906
18663276544,2.65558,K60-anneal,RTX 4070 Ti,0.9929896503693487
18664587264,2.57662,K60-anneal,RTX 4070 Ti,0.9928091346365466
18665897984,2.62779,K60-anneal,RTX 4070 Ti,0.9926263483384137
18667208704,2.58652,K60-anneal,RTX 4070 Ti,0.9924412926856185
18668519424,2.43903,K60-anneal,RTX 4070 Ti,0.9922539689038605
18669830144,2.46532,K60-anneal,RTX 4070 Ti,0.9920643782338618
18671140864,2.57818,K60-anneal,RTX 4070 Ti,0.9918725219313591
18672451584,2.57556,K60-anneal,RTX 4070 Ti,0.9916784012670954
18673762304,2.71835,K60-anneal,RTX 4070 Ti,0.9914820175268111
18675073024,2.58215,K60-anneal,RTX 4070 Ti,0.9912833720112362
18676383744,2.6584,K60-anneal,RTX 4070 Ti,0.9910824660360815
18677694464,2.50947,K60-anneal,RTX 4070 Ti,0.9908793009320296
18679005184,2.60457,K60-anneal,RTX 4070 Ti,0.9906738780447262
18680315904,2.65379,K60-anneal,RTX 4070 Ti,0.9904661987347709
18681626624,2.56277,K60-anneal,RTX 4070 Ti,0.9902562643777093
18682937344,2.6586,K60-anneal,RTX 4070 Ti,0.9900440763640221
18684248064,2.48095,K60-anneal,RTX 4070 Ti,0.9898296360991181
18685558784,2.58947,K60-anneal,RTX 4070 Ti,0.9896129450033226
18686869504,2.49452,K60-anneal,RTX 4070 Ti,0.9893940045118697
18688180224,2.61316,K60-anneal,RTX 4070 Ti,0.9891728160748918
18689490944,2.5771,K60-anneal,RTX 4070 Ti,0.9889493811574104
18690801664,2.61794,K60-anneal,RTX 4070 Ti,0.9887237012393271
18692112384,2.60809,K60-anneal,RTX 4070 Ti,0.9884957778154115
18693423104,2.55804,K60-anneal,RTX 4070 Ti,0.9882656123952946
18694733824,2.63244,K60-anneal,RTX 4070 Ti,0.988033206503456
18696044544,2.60594,K60-anneal,RTX 4070 Ti,0.9877985616792151
18697355264,2.65299,K60-anneal,RTX 4070 Ti,0.9875616794767208
18698665984,2.40009,K60-anneal,RTX 4070 Ti,0.9873225614649408
18699976704,2.56325,K60-anneal,RTX 4070 Ti,0.9870812092276517
18701287424,2.69551,K60-anneal,RTX 4070 Ti,0.9868376243634283
18702598144,2.68553,K60-anneal,RTX 4070 Ti,0.9865918084856329
18703908864,2.5797,K60-anneal,RTX 4070 Ti,0.9863437632224048
18705219584,2.70304,K60-anneal,RTX 4070 Ti,0.9860934902166494
18706530304,2.49379,K60-anneal,RTX 4070 Ti,0.9858409911260271
18707841024,2.49025,K60-anneal,RTX 4070 Ti,0.9855862676229432
18709151744,2.51039,K60-anneal,RTX 4070 Ti,0.9853293213945353
18710462464,2.56426,K60-anneal,RTX 4070 Ti,0.9850701541426643
18711773184,2.67024,K60-anneal,RTX 4070 Ti,0.9848087675839003
18713083904,2.54027,K60-anneal,RTX 4070 Ti,0.9845451634495139
18714394624,2.60873,K60-anneal,RTX 4070 Ti,0.9842793434854635
18715705344,2.51496,K60-anneal,RTX 4070 Ti,0.9840113094523832
18717016064,2.59699,K60-anneal,RTX 4070 Ti,0.9837410631255723
18718326784,2.69593,K60-anneal,RTX 4070 Ti,0.9834686062949831
18719637504,2.6998,K60-anneal,RTX 4070 Ti,0.9831939407652086
18720948224,2.67298,K60-anneal,RTX 4070 Ti,0.9829170683554713
18722258944,2.55471,K60-anneal,RTX 4070 Ti,0.9826379908996106
18723569664,2.63659,K60-anneal,RTX 4070 Ti,0.9823567102460704
18724880384,2.34345,K60-anneal,RTX 4070 Ti,0.9820732282578883
18726191104,2.66275,K60-anneal,RTX 4070 Ti,0.9817875468126811
18727501824,2.6364,K60-anneal,RTX 4070 Ti,0.9814996678026346
18728812544,2.45441,K60-anneal,RTX 4070 Ti,0.9812095931344889
18730123264,2.44369,K60-anneal,RTX 4070 Ti,0.9809173247295275
18731433984,2.59796,K60-anneal,RTX 4070 Ti,0.980622864523564
18732744704,2.54245,K60-anneal,RTX 4070 Ti,0.9803262144669287
18734055424,2.53402,K60-anneal,RTX 4070 Ti,0.9800273765244567
18735366144,2.57278,K60-anneal,RTX 4070 Ti,0.9797263526754738
18736676864,2.46404,K60-anneal,RTX 4070 Ti,0.9794231449137847
18737987584,2.58275,K60-anneal,RTX 4070 Ti,0.979117755247658
18739298304,2.57651,K60-anneal,RTX 4070 Ti,0.9788101856998153
18740609024,2.62852,K60-anneal,RTX 4070 Ti,0.978500438307415
18741919744,2.55697,K60-anneal,RTX 4070 Ti,0.9781885151220413
18743230464,2.54089,K60-anneal,RTX 4070 Ti,0.9778744182096895
18744541184,2.58676,K60-anneal,RTX 4070 Ti,0.9775581496507515
18745851904,2.53824,K60-anneal,RTX 4070 Ti,0.977239711540004
18747162624,2.63745,K60-anneal,RTX 4070 Ti,0.9769191059865929
18748473344,2.69201,K60-anneal,RTX 4070 Ti,0.9765963351140203
18749784064,2.6049,K60-anneal,RTX 4070 Ti,0.9762714010601297
18751094784,2.51373,K60-anneal,RTX 4070 Ti,0.9759443059770925
18752405504,2.68325,K60-anneal,RTX 4070 Ti,0.9756150520313933
18753716224,2.5526,K60-anneal,RTX 4070 Ti,0.9752836414038162
18755026944,2.52306,K60-anneal,RTX 4070 Ti,0.9749500762894292
18756337664,2.53749,K60-anneal,RTX 4070 Ti,0.9746143588975709
18757648384,2.68279,K60-anneal,RTX 4070 Ti,0.9742764914518349
18758959104,2.56884,K60-anneal,RTX 4070 Ti,0.9739364761900562
18760269824,2.60548,K60-anneal,RTX 4070 Ti,0.9735943153642945
18761580544,2.72166,K60-anneal,RTX 4070 Ti,0.9732500112408218
18762891264,2.5543,K60-anneal,RTX 4070 Ti,0.9729035661001046
18764201984,2.69295,K60-anneal,RTX 4070 Ti,0.9725549822367916
18765512704,2.65291,K60-anneal,RTX 4070 Ti,0.9722042619596962
18766823424,2.35504,K60-anneal,RTX 4070 Ti,0.9718514075917828
18768134144,2.49263,K60-anneal,RTX 4070 Ti,0.97149642147015
18769444864,2.84146,K60-anneal,RTX 4070 Ti,0.9711393059460165
18770755584,2.58526,K60-anneal,RTX 4070 Ti,0.9707800633847048
18772066304,2.56694,K60-anneal,RTX 4070 Ti,0.9704186961656254
18773377024,2.42932,K60-anneal,RTX 4070 Ti,0.9700552066822614
18774687744,2.4782,K60-anneal,RTX 4070 Ti,0.9696895973421529
18775998464,2.58976,K60-anneal,RTX 4070 Ti,0.9693218705668798
18777309184,2.62849,K60-anneal,RTX 4070 Ti,0.9689520287920477
18778619904,2.60883,K60-anneal,RTX 4070 Ti,0.9685800744672697
18779930624,2.6277,K60-anneal,RTX 4070 Ti,0.968206010056152
18781241344,2.57271,K60-anneal,RTX 4070 Ti,0.9678298380362762
18782552064,2.58783,K60-anneal,RTX 4070 Ti,0.967451560899184
18783862784,2.52235,K60-anneal,RTX 4070 Ti,0.9670711811503596
18785173504,2.55485,K60-anneal,RTX 4070 Ti,0.9666887013092138
18786484224,2.61327,K60-anneal,RTX 4070 Ti,0.9663041239090677
18787794944,2.5139,K60-anneal,RTX 4070 Ti,0.9659174514971345
18789105664,2.61136,K60-anneal,RTX 4070 Ti,0.9655286866345041
18790416384,2.64074,K60-anneal,RTX 4070 Ti,0.9651378318961257
18791727104,2.53391,K60-anneal,RTX 4070 Ti,0.9647448898707898
18793037824,2.44098,K60-anneal,RTX 4070 Ti,0.9643498631611132
18794348544,2.55907,K60-anneal,RTX 4070 Ti,0.9639527543835189
18795659264,2.61544,K60-anneal,RTX 4070 Ti,0.9635535661682213
18796969984,2.52565,K60-anneal,RTX 4070 Ti,0.9631523011592076
18798280704,2.54942,K60-anneal,RTX 4070 Ti,0.96274896201422
18799591424,2.65825,K60-anneal,RTX 4070 Ti,0.9623435514047394
18800902144,2.5951,K60-anneal,RTX 4070 Ti,0.9619360720159658
18802212864,2.59026,K60-anneal,RTX 4070 Ti,0.9615265265468023
18803523584,2.57518,K60-anneal,RTX 4070 Ti,0.9611149177098366
18804834304,2.43952,K60-anneal,RTX 4070 Ti,0.9607012482313222
18806145024,2.55651,K60-anneal,RTX 4070 Ti,0.9602855208511616
18807455744,2.81101,K60-anneal,RTX 4070 Ti,0.959867738322888
18808766464,2.63281,K60-anneal,RTX 4070 Ti,0.9594479034136456
18810077184,2.56623,K60-anneal,RTX 4070 Ti,0.9590260189041735
18811387904,2.60927,K60-anneal,RTX 4070 Ti,0.9586020875887853
18812698624,2.52933,K60-anneal,RTX 4070 Ti,0.9581761122753518
18814009344,2.63128,K60-anneal,RTX 4070 Ti,0.9577480957852822
18815320064,2.45039,K60-anneal,RTX 4070 Ti,0.9573180409535049
18816630784,2.61049,K60-anneal,RTX 4070 Ti,0.9568859506284495
18817941504,2.47753,K60-anneal,RTX 4070 Ti,0.9564518276720266
18819252224,2.56542,K60-anneal,RTX 4070 Ti,0.9560156749596109
18820562944,2.59344,K60-anneal,RTX 4070 Ti,0.9555774953800202
18821873664,2.49995,K60-anneal,RTX 4070 Ti,0.9551372918354977
18823184384,2.54887,K60-anneal,RTX 4070 Ti,0.9546950672416916
18824495104,2.6975,K60-anneal,RTX 4070 Ti,0.9542508245276367
18825805824,2.52716,K60-anneal,RTX 4070 Ti,0.953804566635734
18827116544,2.41312,K60-anneal,RTX 4070 Ti,0.9533562965217328
18828427264,2.57096,K60-anneal,RTX 4070 Ti,0.9529060171547095
18829737984,2.64324,K60-anneal,RTX 4070 Ti,0.9524537315170489
18831048704,2.55624,K60-anneal,RTX 4070 Ti,0.951999442604424
18832359424,2.53441,K60-anneal,RTX 4070 Ti,0.9515431534257766
18833670144,2.55098,K60-anneal,RTX 4070 Ti,0.9510848670032963
18834980864,2.55186,K60-anneal,RTX 4070 Ti,0.9506245863724023
18836291584,2.72501,K60-anneal,RTX 4070 Ti,0.9501623145817217
18837602304,2.61184,K60-anneal,RTX 4070 Ti,0.9496980546930698
18838913024,2.42825,K60-anneal,RTX 4070 Ti,0.9492318097814301
18840223744,2.59176,K60-anneal,RTX 4070 Ti,0.9487635829349337
18841534464,2.45983,K60-anneal,RTX 4070 Ti,0.9482933772548388
18842845184,2.49841,K60-anneal,RTX 4070 Ti,0.9478211958555098
18844155904,2.53233,K60-anneal,RTX 4070 Ti,0.9473470418643983
18845466624,2.69873,K60-anneal,RTX 4070 Ti,0.9468709184220199
18846777344,2.6632,K60-anneal,RTX 4070 Ti,0.9463928286819354
18848088064,2.48823,K60-anneal,RTX 4070 Ti,0.9459127758107291
18849398784,2.57766,K60-anneal,RTX 4070 Ti,0.9454307629879874
18850709504,2.52709,K60-anneal,RTX 4070 Ti,0.9449467934062792
18852020224,2.64174,K60-anneal,RTX 4070 Ti,0.9444608702711328
18853330944,2.56097,K60-anneal,RTX 4070 Ti,0.9439729968010167
18854641664,2.56941,K60-anneal,RTX 4070 Ti,0.9434831762273161
18855952384,2.56418,K60-anneal,RTX 4070 Ti,0.9429914117943141
18857263104,2.8062,K60-anneal,RTX 4070 Ti,0.9424977067591676
18858573824,2.69291,K60-anneal,RTX 4070 Ti,0.9420020643918869
18859884544,2.54795,K60-anneal,RTX 4070 Ti,0.9415044879753152
18861195264,2.60306,K60-anneal,RTX 4070 Ti,0.9410049808051044
18862505984,2.45814,K60-anneal,RTX 4070 Ti,0.9405035461896951
18863816704,2.61174,K60-anneal,RTX 4070 Ti,0.9400001874502948
18865127424,2.46228,K60-anneal,RTX 4070 Ti,0.9394949079208537
18866438144,2.65766,K60-anneal,RTX 4070 Ti,0.9389877109480458
18867748864,2.6098,K60-anneal,RTX 4070 Ti,0.9384785998912444
18869059584,2.56089,K60-anneal,RTX 4070 Ti,0.9379675781225001
18870370304,2.55461,K60-anneal,RTX 4070 Ti,0.9374546490265199
18871681024,2.47656,K60-anneal,RTX 4070 Ti,0.936939816000643
18872991744,2.52188,K60-anneal,RTX 4070 Ti,0.9364230824548196
18874302464,2.53695,K60-anneal,RTX 4070 Ti,0.9359044518115878
18875613184,2.63544,K60-anneal,RTX 4070 Ti,0.9353839275060505
18876923904,2.41644,K60-anneal,RTX 4070 Ti,0.9348615129858535
18878234624,2.6118,K60-anneal,RTX 4070 Ti,0.9343372117111624
18879545344,2.56095,K60-anneal,RTX 4070 Ti,0.9338110271546389
18880856064,2.59397,K60-anneal,RTX 4070 Ti,0.9332829628014194
18882166784,2.59007,K60-anneal,RTX 4070 Ti,0.9327530221490898
18883477504,2.63037,K60-anneal,RTX 4070 Ti,0.9322212087076647
18884788224,2.6738,K60-anneal,RTX 4070 Ti,0.9316875259995621
18886098944,2.50643,K60-anneal,RTX 4070 Ti,0.9311519775595813
18887409664,2.62888,K60-anneal,RTX 4070 Ti,0.9306145669348791
18888720384,2.50393,K60-anneal,RTX 4070 Ti,0.9300752976849458
18890031104,2.46808,K60-anneal,RTX 4070 Ti,0.929534173381583
18891341824,2.62238,K60-anneal,RTX 4070 Ti,0.9289911976088785
18892652544,2.65776,K60-anneal,RTX 4070 Ti,0.9284463739631832
18893963264,2.6849,K60-anneal,RTX 4070 Ti,0.9278997060530874
18895273984,2.63534,K60-anneal,RTX 4070 Ti,0.9273511974993962
18896584704,2.65078,K60-anneal,RTX 4070 Ti,0.9268008519351072
18897895424,2.54611,K60-anneal,RTX 4070 Ti,0.9262486730053838
18899206144,2.51097,K60-anneal,RTX 4070 Ti,0.9256946643675339
18900516864,2.45093,K60-anneal,RTX 4070 Ti,0.925138829690983
18901827584,2.48718,K60-anneal,RTX 4070 Ti,0.9245811726572524
18903138304,2.60957,K60-anneal,RTX 4070 Ti,0.9240216969599329
18904449024,2.72711,K60-anneal,RTX 4070 Ti,0.923460406304661
18905759744,2.60039,K60-anneal,RTX 4070 Ti,0.9228973044090949
18907070464,2.65262,K60-anneal,RTX 4070 Ti,0.9223323950028892
18908381184,2.69822,K60-anneal,RTX 4070 Ti,0.9217656818276703
18909691904,2.41242,K60-anneal,RTX 4070 Ti,0.9211971686370113
18911002624,2.4372,K60-anneal,RTX 4070 Ti,0.9206268591964084
18912313344,2.47424,K60-anneal,RTX 4070 Ti,0.9200547572832545
18913624064,2.65315,K60-anneal,RTX 4070 Ti,0.9194808666868148
18914934784,2.60478,K60-anneal,RTX 4070 Ti,0.918905191208202
18916245504,2.69271,K60-anneal,RTX 4070 Ti,0.9183277346603507
18917556224,2.63634,K60-anneal,RTX 4070 Ti,0.917748500867992
18918866944,2.69656,K60-anneal,RTX 4070 Ti,0.9171674936676286
18920177664,2.52482,K60-anneal,RTX 4070 Ti,0.9165847169075092
18921488384,2.77095,K60-anneal,RTX 4070 Ti,0.9160001744476032
18922799104,2.66234,K60-anneal,RTX 4070 Ti,0.9154138701595746
18924109824,2.53852,K60-anneal,RTX 4070 Ti,0.9148258079267568
18925420544,2.61117,K60-anneal,RTX 4070 Ti,0.9142359916441269
18926731264,2.56514,K60-anneal,RTX 4070 Ti,0.91364442521828
18928041984,2.52211,K60-anneal,RTX 4070 Ti,0.9130511125674026
18929352704,2.67833,K60-anneal,RTX 4070 Ti,0.9124560576212477
18930663424,2.65954,K60-anneal,RTX 4070 Ti,0.9118592643211076
18931974144,2.59803,K60-anneal,RTX 4070 Ti,0.9112607366197891
18933284864,2.75065,K60-anneal,RTX 4070 Ti,0.9106604784815864
18934595584,2.61486,K60-anneal,RTX 4070 Ti,0.9100584938822549
18935906304,2.66507,K60-anneal,RTX 4070 Ti,0.9094547868089851
18937217024,2.52153,K60-anneal,RTX 4070 Ti,0.9088493612603763
18938527744,2.44025,K60-anneal,RTX 4070 Ti,0.9082422212464101
18939838464,2.41874,K60-anneal,RTX 4070 Ti,0.9076333707884234
18941149184,2.55908,K60-anneal,RTX 4070 Ti,0.9070228139190823
18942459904,2.58593,K60-anneal,RTX 4070 Ti,0.9064105546823549
18943770624,2.57723,K60-anneal,RTX 4070 Ti,0.9057965971334851
18945081344,2.48568,K60-anneal,RTX 4070 Ti,0.9051809453389652
18946392064,2.78928,K60-anneal,RTX 4070 Ti,0.9045636033765092
18947702784,2.50661,K60-anneal,RTX 4070 Ti,0.9039445753350257
18949013504,2.51747,K60-anneal,RTX 4070 Ti,0.9033238653145912
18950324224,2.61037,K60-anneal,RTX 4070 Ti,0.9027014774264224
18951634944,2.51015,K60-anneal,RTX 4070 Ti,0.9020774157928493
18952945664,2.50844,K60-anneal,RTX 4070 Ti,0.9014516845472875
18954256384,2.67635,K60-anneal,RTX 4070 Ti,0.9008242878342116
18955567104,2.76606,K60-anneal,RTX 4070 Ti,0.9001952298091271
18956877824,2.34835,K60-anneal,RTX 4070 Ti,0.8995645146385427
18958188544,2.62618,K60-anneal,RTX 4070 Ti,0.8989321464999438
18959499264,2.51751,K60-anneal,RTX 4070 Ti,0.8982981295817629
18960809984,2.57943,K60-anneal,RTX 4070 Ti,0.8976624680833547
18962120704,2.32236,K60-anneal,RTX 4070 Ti,0.8970251662149649
18963431424,2.62932,K60-anneal,RTX 4070 Ti,0.8963862281977053
18964742144,2.59235,K60-anneal,RTX 4070 Ti,0.8957456582635239
18966052864,2.59251,K60-anneal,RTX 4070 Ti,0.895103460655178
18967363584,2.4637,K60-anneal,RTX 4070 Ti,0.8944596396262052
18968674304,2.57412,K60-anneal,RTX 4070 Ti,0.8938141994408964
18969985024,2.5999,K60-anneal,RTX 4070 Ti,0.8931671443742657
18971295744,2.58549,K60-anneal,RTX 4070 Ti,0.8925184787120242
18972606464,2.58667,K60-anneal,RTX 4070 Ti,0.8918682067505503
18973917184,2.46876,K60-anneal,RTX 4070 Ti,0.8912163327968616
18975227904,2.54789,K60-anneal,RTX 4070 Ti,0.8905628611685863
18976538624,2.55639,K60-anneal,RTX 4070 Ti,0.8899077961939346
18977849344,2.56376,K60-anneal,RTX 4070 Ti,0.8892511422116702
18979160064,2.62331,K60-anneal,RTX 4070 Ti,0.8885929035710816
18980470784,2.59144,K60-anneal,RTX 4070 Ti,0.8879330846319529
18981781504,2.53077,K60-anneal,RTX 4070 Ti,0.887271689764535
18983092224,2.56041,K60-anneal,RTX 4070 Ti,0.8866087233495175
18984402944,2.44734,K60-anneal,RTX 4070 Ti,0.885944189777998
18985713664,2.55357,K60-anneal,RTX 4070 Ti,0.885278093451455
18987024384,2.58291,K60-anneal,RTX 4070 Ti,0.8846104387817173
18988335104,2.56549,K60-anneal,RTX 4070 Ti,0.8839412301909351
18989645824,2.67631,K60-anneal,RTX 4070 Ti,0.883270472111551
18990956544,2.60334,K60-anneal,RTX 4070 Ti,0.8825981689862707
18992267264,2.64079,K60-anneal,RTX 4070 Ti,0.8819243252680333
18993577984,2.61713,K60-anneal,RTX 4070 Ti,0.8812489454199814
18994888704,2.60554,K60-anneal,RTX 4070 Ti,0.8805720339154328
18996199424,2.48624,K60-anneal,RTX 4070 Ti,0.8798935952378495
18997510144,2.50206,K60-anneal,RTX 4070 Ti,0.8792136338808088
18998820864,2.54632,K60-anneal,RTX 4070 Ti,0.8785321543479734
19000131584,2.60525,K60-anneal,RTX 4070 Ti,0.877849161153061
19001442304,2.77066,K60-anneal,RTX 4070 Ti,0.8771646588198161
19002753024,2.70361,K60-anneal,RTX 4070 Ti,0.8764786518819776
19004063744,2.6408,K60-anneal,RTX 4070 Ti,0.8757911448832503
19005374464,2.55571,K60-anneal,RTX 4070 Ti,0.8751021423772751
19006685184,2.56542,K60-anneal,RTX 4070 Ti,0.8744116489275975
19007995904,2.6201,K60-anneal,RTX 4070 Ti,0.8737196691076385
19009306624,2.69379,K60-anneal,RTX 4070 Ti,0.8730262075006643
19010617344,2.59895,K60-anneal,RTX 4070 Ti,0.8723312686997549
19011928064,2.49622,K60-anneal,RTX 4070 Ti,0.8716348573077746
19013238784,2.46383,K60-anneal,RTX 4070 Ti,0.8709369779373413
19014549504,2.66381,K60-anneal,RTX 4070 Ti,0.8702376352107963
19015860224,2.67577,K60-anneal,RTX 4070 Ti,0.8695368337601728
19017170944,2.47083,K60-anneal,RTX 4070 Ti,0.8688345782271656
19018481664,2.53269,K60-anneal,RTX 4070 Ti,0.8681308732631012
19019792384,2.48538,K60-anneal,RTX 4070 Ti,0.8674257235289056
19021103104,2.45399,K60-anneal,RTX 4070 Ti,0.8667191336950746
19022413824,2.68553,K60-anneal,RTX 4070 Ti,0.8660111084416418
19023724544,2.46639,K60-anneal,RTX 4070 Ti,0.8653016524581485
19025035264,2.67137,K60-anneal,RTX 4070 Ti,0.8645907704436127
19026345984,2.68436,K60-anneal,RTX 4070 Ti,0.863878467106497
19027656704,2.6433,K60-anneal,RTX 4070 Ti,0.863164747164678
19028967424,2.67121,K60-anneal,RTX 4070 Ti,0.8624496153454153
19030278144,2.67954,K60-anneal,RTX 4070 Ti,0.8617330763853202
19031588864,2.57586,K60-anneal,RTX 4070 Ti,0.8610151350303232
19032899584,2.41055,K60-anneal,RTX 4070 Ti,0.8602957960356448
19034210304,2.56447,K60-anneal,RTX 4070 Ti,0.8595750641657611
19035521024,2.38191,K60-anneal,RTX 4070 Ti,0.8588529441943749
19036831744,2.46856,K60-anneal,RTX 4070 Ti,0.8581294409043825
19038142464,2.52945,K60-anneal,RTX 4070 Ti,0.8574045590878427
19039453184,2.76407,K60-anneal,RTX 4070 Ti,0.8566783035459444
19040763904,2.55601,K60-anneal,RTX 4070 Ti,0.8559506790889759
19042074624,2.53833,K60-anneal,RTX 4070 Ti,0.8552216905362919
19043385344,2.71812,K60-anneal,RTX 4070 Ti,0.8544913427162821
19044696064,2.51944,K60-anneal,RTX 4070 Ti,0.8537596404663397
19046006784,2.35195,K60-anneal,RTX 4070 Ti,0.8530265886328279
19047317504,2.55734,K60-anneal,RTX 4070 Ti,0.8522921920710498
19048628224,2.69255,K60-anneal,RTX 4070 Ti,0.8515564556452142
19049938944,2.5792,K60-anneal,RTX 4070 Ti,0.8508193842284051
19051249664,2.53558,K60-anneal,RTX 4070 Ti,0.8500809827025486
19052560384,2.61066,K60-anneal,RTX 4070 Ti,0.8493412559583802
19053871104,2.65819,K60-anneal,RTX 4070 Ti,0.8486002088954132
19055181824,2.60827,K60-anneal,RTX 4070 Ti,0.847857846421906
19056492544,2.60757,K60-anneal,RTX 4070 Ti,0.8471141734548293
19057803264,2.56034,K60-anneal,RTX 4070 Ti,0.8463691949198338
19059113984,2.74187,K60-anneal,RTX 4070 Ti,0.8456229157512176
19060424704,2.69044,K60-anneal,RTX 4070 Ti,0.8448753408918932
19061735424,2.46454,K60-anneal,RTX 4070 Ti,0.844126475293355
19063046144,2.59987,K60-anneal,RTX 4070 Ti,0.8433763239156471
19064356864,2.59444,K60-anneal,RTX 4070 Ti,0.8426248917273291
19065667584,2.56854,K60-anneal,RTX 4070 Ti,0.8418721837054444
19066978304,2.62748,K60-anneal,RTX 4070 Ti,0.8411182048354862
19068289024,2.63705,K60-anneal,RTX 4070 Ti,0.8403629601113656
19069599744,2.55304,K60-anneal,RTX 4070 Ti,0.8396064545353779
19070910464,2.5272,K60-anneal,RTX 4070 Ti,0.8388486931181693
19072221184,2.54481,K60-anneal,RTX 4070 Ti,0.8380896808787042
19073531904,2.46103,K60-anneal,RTX 4070 Ti,0.8373294228442314
19074842624,2.46936,K60-anneal,RTX 4070 Ti,0.8365679240502517
19076153344,2.79643,K60-anneal,RTX 4070 Ti,0.8358051895404832
19077464064,2.63556,K60-anneal,RTX 4070 Ti,0.835041224366829
19078774784,2.51537,K60-anneal,RTX 4070 Ti,0.8342760335893435
19080085504,2.61795,K60-anneal,RTX 4070 Ti,0.8335096222761988
19081396224,2.69708,K60-anneal,RTX 4070 Ti,0.8327419955036508
19082706944,2.50304,K60-anneal,RTX 4070 Ti,0.8319731583560062
19084017664,2.49441,K60-anneal,RTX 4070 Ti,0.8312031159255884
19085328384,2.57392,K60-anneal,RTX 4070 Ti,0.8304318733127036
19086639104,2.8029,K60-anneal,RTX 4070 Ti,0.8296594356256082
19087949824,2.59088,K60-anneal,RTX 4070 Ti,0.8288858079804726
19089260544,2.66111,K60-anneal,RTX 4070 Ti,0.8281109955013501
19090571264,2.51989,K60-anneal,RTX 4070 Ti,0.8273350033201412
19091881984,2.46937,K60-anneal,RTX 4070 Ti,0.8265578365765598
19093192704,2.44987,K60-anneal,RTX 4070 Ti,0.8257795004180997
19094503424,2.55459,K60-anneal,RTX 4070 Ti,0.825
19095814144,2.59532,K60-anneal,RTX 4070 Ti,0.8242193404852114
19097124864,2.60628,K60-anneal,RTX 4070 Ti,0.8234375270443617
19098435584,2.57413,K60-anneal,RTX 4070 Ti,0.8226545648557215
19099746304,2.68338,K60-anneal,RTX 4070 Ti,0.8218704591051702
19101057024,2.6375,K60-anneal,RTX 4070 Ti,0.8210852149861616
19102367744,2.57747,K60-anneal,RTX 4070 Ti,0.8202988376996885
19103678464,2.58057,K60-anneal,RTX 4070 Ti,0.8195113324542505
19104989184,2.55277,K60-anneal,RTX 4070 Ti,0.8187227044658172
19106299904,2.63564,K60-anneal,RTX 4070 Ti,0.8179329589577946
19107610624,2.57234,K60-anneal,RTX 4070 Ti,0.8171421011609912
19108921344,2.40585,K60-anneal,RTX 4070 Ti,0.8163501363135817
19110232064,2.65858,K60-anneal,RTX 4070 Ti,0.8155570696610741
19111542784,2.61385,K60-anneal,RTX 4070 Ti,0.8147629064562734
19112853504,2.68245,K60-anneal,RTX 4070 Ti,0.813967651959248
19114164224,2.62396,K60-anneal,RTX 4070 Ti,0.8131713114372943
19115474944,2.4635,K60-anneal,RTX 4070 Ti,0.8123738901649014
19116785664,2.57981,K60-anneal,RTX 4070 Ti,0.8115753934237175
19118096384,2.63594,K60-anneal,RTX 4070 Ti,0.8107758265025133
19119407104,2.71576,K60-anneal,RTX 4070 Ti,0.8099751946971485
19120717824,2.57102,K60-anneal,RTX 4070 Ti,0.809173503310535
19122028544,2.59295,K60-anneal,RTX 4070 Ti,0.8083707576526036
19123339264,2.60075,K60-anneal,RTX 4070 Ti,0.8075669630402675
19124649984,2.76926,K60-anneal,RTX 4070 Ti,0.8067621247973877
19125960704,2.40329,K60-anneal,RTX 4070 Ti,0.8059562482547378
19127271424,2.5456,K60-anneal,RTX 4070 Ti,0.805149338749968
19128582144,2.49138,K60-anneal,RTX 4070 Ti,0.8043414016275705
19129892864,2.41851,K60-anneal,RTX 4070 Ti,0.8035324422388439
19131203584,2.57365,K60-anneal,RTX 4070 Ti,0.8027224659418579
19132514304,2.569,K60-anneal,RTX 4070 Ti,0.8019114781014169
19133825024,2.51196,K60-anneal,RTX 4070 Ti,0.8010994840890258
19135135744,2.65262,K60-anneal,RTX 4070 Ti,0.8002864892828534
19136446464,2.69884,K60-anneal,RTX 4070 Ti,0.7994724990676978
19137757184,2.46604,K60-anneal,RTX 4070 Ti,0.798657518834949
19139067904,2.41299,K60-anneal,RTX 4070 Ti,0.7978415539825554
19140378624,2.62492,K60-anneal,RTX 4070 Ti,0.7970246099149864
19141689344,2.53335,K60-anneal,RTX 4070 Ti,0.7962066920431972
19143000064,2.61617,K60-anneal,RTX 4070 Ti,0.7953878057845928
19144310784,2.71874,K60-anneal,RTX 4070 Ti,0.7945679565629924
19145621504,2.71862,K60-anneal,RTX 4070 Ti,0.7937471498085933
19146932224,2.62337,K60-anneal,RTX 4070 Ti,0.792925390957935
19148242944,2.57445,K60-anneal,RTX 4070 Ti,0.7921026854538628
19149553664,2.52715,K60-anneal,RTX 4070 Ti,0.7912790387454922
19150864384,2.55335,K60-anneal,RTX 4070 Ti,0.7904544562881731
19152175104,2.49054,K60-anneal,RTX 4070 Ti,0.7896289435434527
19153485824,2.5736,K60-anneal,RTX 4070 Ti,0.78880250597904
19154796544,2.61848,K60-anneal,RTX 4070 Ti,0.7879751490687696
19156107264,2.63143,K60-anneal,RTX 4070 Ti,0.7871468782925654
19157417984,2.65269,K60-anneal,RTX 4070 Ti,0.7863176991364038
19158728704,2.40178,K60-anneal,RTX 4070 Ti,0.7854876170922782
19160039424,2.61007,K60-anneal,RTX 4070 Ti,0.7846566376581621
19161350144,2.62396,K60-anneal,RTX 4070 Ti,0.7838247663379725
19162660864,2.60062,K60-anneal,RTX 4070 Ti,0.7829920086415341
19163971584,2.42505,K60-anneal,RTX 4070 Ti,0.7821583700845419
19165282304,2.56181,K60-anneal,RTX 4070 Ti,0.7813238561885261
19166593024,2.73106,K60-anneal,RTX 4070 Ti,0.7804884724808137
19167903744,2.56137,K60-anneal,RTX 4070 Ti,0.7796522244944932
19169214464,2.52031,K60-anneal,RTX 4070 Ti,0.778815117768378
19170525184,2.68097,K60-anneal,RTX 4070 Ti,0.7779771578469684
19171835904,2.54137,K60-anneal,RTX 4070 Ti,0.7771383502804166
19173146624,2.59382,K60-anneal,RTX 4070 Ti,0.7762987006244884
19174457344,2.56711,K60-anneal,RTX 4070 Ti,0.7754582144405275
19175768064,2.48942,K60-anneal,RTX 4070 Ti,0.7746168972954185
19177078784,2.49851,K60-anneal,RTX 4070 Ti,0.7737747547615492
19178389504,2.66403,K60-anneal,RTX 4070 Ti,0.7729317924167747
19179700224,2.46979,K60-anneal,RTX 4070 Ti,0.7720880158443799
19181010944,2.50436,K60-anneal,RTX 4070 Ti,0.7712434306330427
19182321664,2.60938,K60-anneal,RTX 4070 Ti,0.7703980423767969
19183632384,2.636,K60-anneal,RTX 4070 Ti,0.7695518566749953
19184943104,2.56899,K60-anneal,RTX 4070 Ti,0.7687048791322724
19186253824,2.60008,K60-anneal,RTX 4070 Ti,0.7678571153585074
19187564544,2.67021,K60-anneal,RTX 4070 Ti,0.7670085709687873
19188875264,2.58525,K60-anneal,RTX 4070 Ti,0.7661592515833688
19190185984,2.46009,K60-anneal,RTX 4070 Ti,0.7653091628276424
19191496704,2.56341,K60-anneal,RTX 4070 Ti,0.7644583103320941
19192807424,2.65327,K60-anneal,RTX 4070 Ti,0.7636066997322684
19194118144,2.69491,K60-anneal,RTX 4070 Ti,0.7627543366687314
19195428864,2.64636,K60-anneal,RTX 4070 Ti,0.7619012267870329
19196739584,2.53847,K60-anneal,RTX 4070 Ti,0.7610473757376687
19198050304,2.59634,K60-anneal,RTX 4070 Ti,0.7601927891760443
19199361024,2.58197,K60-anneal,RTX 4070 Ti,0.7593374727624367
19200671744,2.45434,K60-anneal,RTX 4070 Ti,0.7584814321619568
19201982464,2.64585,K60-anneal,RTX 4070 Ti,0.7576246730445123
19203293184,2.68583,K60-anneal,RTX 4070 Ti,0.7567672010847696
19204603904,2.6309,K60-anneal,RTX 4070 Ti,0.7559090219621167
19205914624,2.40273,K60-anneal,RTX 4070 Ti,0.7550501413606258
19207225344,2.66524,K60-anneal,RTX 4070 Ti,0.7541905649690146
19208536064,2.45534,K60-anneal,RTX 4070 Ti,0.7533302984806101
19209846784,2.48691,K60-anneal,RTX 4070 Ti,0.7524693475933092
19211157504,2.67433,K60-anneal,RTX 4070 Ti,0.7516077180095426
19212468224,2.62028,K60-anneal,RTX 4070 Ti,0.750745415436236
19213778944,2.57632,K60-anneal,RTX 4070 Ti,0.7498824455847724
19215089664,2.5435,K60-anneal,RTX 4070 Ti,0.7490188141709548
19216400384,2.70471,K60-anneal,RTX 4070 Ti,0.7481545269149679
19217711104,2.64701,K60-anneal,RTX 4070 Ti,0.74728958954134
19219021824,2.45278,K60-anneal,RTX 4070 Ti,0.7464240077789058
19220332544,2.78014,K60-anneal,RTX 4070 Ti,0.745557787360768
19221643264,2.58677,K60-anneal,RTX 4070 Ti,0.7446909340242591
19222953984,2.59504,K60-anneal,RTX 4070 Ti,0.7438234535109041
19224264704,2.51507,K60-anneal,RTX 4070 Ti,0.7429553515663814
19225575424,2.36874,K60-anneal,RTX 4070 Ti,0.7420866339404861
19226886144,2.46955,K60-anneal,RTX 4070 Ti,0.7412173063870908
19228196864,2.57836,K60-anneal,RTX 4070 Ti,0.7403473746641083
19229507584,2.43831,K60-anneal,RTX 4070 Ti,0.7394768445334523
19230818304,2.4286,K60-anneal,RTX 4070 Ti,0.7386057217610007
19232129024,2.53751,K60-anneal,RTX 4070 Ti,0.7377340121165565
19233439744,2.70265,K60-anneal,RTX 4070 Ti,0.7368617213738097
19234750464,2.42861,K60-anneal,RTX 4070 Ti,0.7359888553102992
19236061184,2.51049,K60-anneal,RTX 4070 Ti,0.7351154197073748
19237371904,2.57796,K60-anneal,RTX 4070 Ti,0.7342414203501579
19238682624,2.48982,K60-anneal,RTX 4070 Ti,0.7333668630275045
19239993344,2.3801,K60-anneal,RTX 4070 Ti,0.7324917535319659
19241304064,2.60072,K60-anneal,RTX 4070 Ti,0.7316160976597508
19242614784,2.6932,K60-anneal,RTX 4070 Ti,0.7307399012106869
19243925504,2.52161,K60-anneal,RTX 4070 Ti,0.7298631699881821
19245236224,2.71319,K60-anneal,RTX 4070 Ti,0.7289859097991864
19246546944,2.46207,K60-anneal,RTX 4070 Ti,0.7281081264541533
19247857664,2.49594,K60-anneal,RTX 4070 Ti,0.7272298257670019
19249168384,2.65548,K60-anneal,RTX 4070 Ti,0.726351013555077
19250479104,2.46717,K60-anneal,RTX 4070 Ti,0.7254716956391122
19251789824,2.55411,K60-anneal,RTX 4070 Ti,0.7245918778431901
19253100544,2.51751,K60-anneal,RTX 4070 Ti,0.7237115659947043
19254411264,2.56786,K60-anneal,RTX 4070 Ti,0.7228307659243212
19255721984,2.38606,K60-anneal,RTX 4070 Ti,0.7219494834659399
19257032704,2.48715,K60-anneal,RTX 4070 Ti,0.7210677244566555
19258343424,2.6062,K60-anneal,RTX 4070 Ti,0.720185494736719
19259654144,2.80004,K60-anneal,RTX 4070 Ti,0.7193028001494994
19260964864,2.59958,K60-anneal,RTX 4070 Ti,0.7184196465414445
19262275584,2.47627,K60-anneal,RTX 4070 Ti,0.7175360397620424
19263586304,2.45228,K60-anneal,RTX 4070 Ti,0.7166519856637825
19264897024,2.41194,K60-anneal,RTX 4070 Ti,0.7157674901021178
19266207744,2.52817,K60-anneal,RTX 4070 Ti,0.7148825589354244
19267518464,2.55072,K60-anneal,RTX 4070 Ti,0.7139971980249639
19268829184,2.68898,K60-anneal,RTX 4070 Ti,0.7131114132348444
19270139904,2.60208,K60-anneal,RTX 4070 Ti,0.7122252104319813
19271450624,2.67142,K60-anneal,RTX 4070 Ti,0.7113385954860589
19272761344,2.44174,K60-anneal,RTX 4070 Ti,0.7104515742694913
19274072064,2.41237,K60-anneal,RTX 4070 Ti,0.7095641526573833
19275382784,2.6181,K60-anneal,RTX 4070 Ti,0.7086763365274917
19276693504,2.64287,K60-anneal,RTX 4070 Ti,0.7077881317601864
19278004224,2.47374,K60-anneal,RTX 4070 Ti,0.7068995442384115
19279314944,2.67038,K60-anneal,RTX 4070 Ti,0.7060105798476461
19280625664,2.53639,K60-anneal,RTX 4070 Ti,0.7051212444758659
19281936384,2.52236,K60-anneal,RTX 4070 Ti,0.7042315440135027
19283247104,2.50283,K60-anneal,RTX 4070 Ti,0.7033414843534077
19284557824,2.54323,K60-anneal,RTX 4070 Ti,0.7024510713908103
19285868544,2.40863,K60-anneal,RTX 4070 Ti,0.7015603110232806
19287179264,2.57989,K60-anneal,RTX 4070 Ti,0.7006692091506892
19288489984,2.63688,K60-anneal,RTX 4070 Ti,0.6997777716751687
19289800704,2.56266,K60-anneal,RTX 4070 Ti,0.6988860045010752
19291111424,2.43099,K60-anneal,RTX 4070 Ti,0.6979939135349476
19292422144,2.62099,K60-anneal,RTX 4070 Ti,0.69710150468547
19293732864,2.58213,K60-anneal,RTX 4070 Ti,0.6962087838634314
19295043584,2.43471,K60-anneal,RTX 4070 Ti,0.6953157569816881
19296354304,2.4592,K60-anneal,RTX 4070 Ti,0.6944224299551225
19297665024,2.48871,K60-anneal,RTX 4070 Ti,0.6935288087006057
19298975744,2.66158,K60-anneal,RTX 4070 Ti,0.6926348991369573
19300286464,2.50941,K60-anneal,RTX 4070 Ti,0.6917407071849064
19301597184,2.62429,K60-anneal,RTX 4070 Ti,0.6908462387670526
19302907904,2.42666,K60-anneal,RTX 4070 Ti,0.6899514998078271
19304218624,2.60635,K60-anneal,RTX 4070 Ti,0.689056496233452
19305529344,2.58369,K60-anneal,RTX 4070 Ti,0.6881612339719027
19306840064,2.52065,K60-anneal,RTX 4070 Ti,0.687265718952868
19308150784,2.68085,K60-anneal,RTX 4070 Ti,0.686369957107711
19309461504,2.68425,K60-anneal,RTX 4070 Ti,0.6854739543694289
19310772224,2.47479,K60-anneal,RTX 4070 Ti,0.6845777166726152
19312082944,2.59367,K60-anneal,RTX 4070 Ti,0.6836812499534191
19313393664,2.58828,K60-anneal,RTX 4070 Ti,0.6827845601495068
19314704384,2.64178,K60-anneal,RTX 4070 Ti,0.6818876532000226
19316015104,2.48701,K60-anneal,RTX 4070 Ti,0.6809905350455485
19317325824,2.59273,K60-anneal,RTX 4070 Ti,0.6800932116280657
19318636544,2.5292,K60-anneal,RTX 4070 Ti,0.6791956888909142
19319947264,2.59059,K60-anneal,RTX 4070 Ti,0.6782979727787553
19321257984,2.59605,K60-anneal,RTX 4070 Ti,0.6774000692375304
19322568704,2.49061,K60-anneal,RTX 4070 Ti,0.6765019842144224
19323879424,2.27818,K60-anneal,RTX 4070 Ti,0.6756037236578164
19325190144,2.51529,K60-anneal,RTX 4070 Ti,0.6747052935172602
19326500864,2.5951,K60-anneal,RTX 4070 Ti,0.6738066997434242
19327811584,2.55719,K60-anneal,RTX 4070 Ti,0.6729079482880636
19329122304,2.63754,K60-anneal,RTX 4070 Ti,0.6720090451039771
19330433024,2.69326,K60-anneal,RTX 4070 Ti,0.6711099961449687
19331743744,2.57203,K60-anneal,RTX 4070 Ti,0.6702108073658084
19333054464,2.469,K60-anneal,RTX 4070 Ti,0.6693114847221915
19334365184,2.44142,K60-anneal,RTX 4070 Ti,0.6684120341707003
19335675904,2.65161,K60-anneal,RTX 4070 Ti,0.667512461668764
19336986624,2.7273,K60-anneal,RTX 4070 Ti,0.6666127731746204
19338297344,2.60541,K60-anneal,RTX 4070 Ti,0.6657129746472745
19339608064,2.4437,K60-anneal,RTX 4070 Ti,0.6648130720464607
19340918784,2.45081,K60-anneal,RTX 4070 Ti,0.6639130713326027
19342229504,2.63683,K60-anneal,RTX 4070 Ti,0.6630129784667735
19343540224,2.62896,K60-anneal,RTX 4070 Ti,0.6621127994106573
19344850944,2.64519,K60-anneal,RTX 4070 Ti,0.6612125401265085
19346161664,2.49229,K60-anneal,RTX 4070 Ti,0.6603122065771132
19347472384,2.53275,K60-anneal,RTX 4070 Ti,0.6594118047257493
19348783104,2.6002,K60-anneal,RTX 4070 Ti,0.6585113405361473
19350093824,2.55706,K60-anneal,RTX 4070 Ti,0.6576108199724502
19351404544,2.51389,K60-anneal,RTX 4070 Ti,0.6567102489991747
19352715264,2.49874,K60-anneal,RTX 4070 Ti,0.6558096335811712
19354025984,2.6472,K60-anneal,RTX 4070 Ti,0.6549089796835843
19355336704,2.69445,K60-anneal,RTX 4070 Ti,0.6540082932718143
19356647424,2.58423,K60-anneal,RTX 4070 Ti,0.6531075803114759
19357958144,2.50711,K60-anneal,RTX 4070 Ti,0.65220684676836
19359268864,2.46367,K60-anneal,RTX 4070 Ti,0.6513060986083941
19360579584,2.66415,K60-anneal,RTX 4070 Ti,0.6504053417976017
19361890304,2.38733,K60-anneal,RTX 4070 Ti,0.6495045823020649
19363201024,2.69588,K60-anneal,RTX 4070 Ti,0.6486038260878823
19364511744,2.60934,K60-anneal,RTX 4070 Ti,0.6477030791211313
19365822464,2.63553,K60-anneal,RTX 4070 Ti,0.6468023473678286
19367133184,2.64896,K60-anneal,RTX 4070 Ti,0.645901636793889
19368443904,2.64312,K60-anneal,RTX 4070 Ti,0.6450009533650877
19369754624,2.50377,K60-anneal,RTX 4070 Ti,0.6441003030470203
19371065344,2.36356,K60-anneal,RTX 4070 Ti,0.6431996918050624
19372376064,2.53531,K60-anneal,RTX 4070 Ti,0.6422991256043318
19373686784,2.69266,K60-anneal,RTX 4070 Ti,0.6413986104096467
19374997504,2.58995,K60-anneal,RTX 4070 Ti,0.6404981521854886
19376308224,2.4734,K60-anneal,RTX 4070 Ti,0.6395977568959609
19377618944,2.44282,K60-anneal,RTX 4070 Ti,0.6386974305047506
19378929664,2.34757,K60-anneal,RTX 4070 Ti,0.6377971789750883
19380240384,2.50546,K60-anneal,RTX 4070 Ti,0.6368970082697083
19381551104,2.41224,K60-anneal,RTX 4070 Ti,0.6359969243508101
19382861824,2.48115,K60-anneal,RTX 4070 Ti,0.6350969331800186
19384172544,2.50166,K60-anneal,RTX 4070 Ti,0.6341970407183437
19385483264,2.65297,K60-anneal,RTX 4070 Ti,0.6332972529261416
19386793984,2.54913,K60-anneal,RTX 4070 Ti,0.6323975757630759
19388104704,2.64399,K60-anneal,RTX 4070 Ti,0.6314980151880766
19389415424,2.66638,K60-anneal,RTX 4070 Ti,0.6305985771593021
19390726144,2.55948,K60-anneal,RTX 4070 Ti,0.629699267634099
19392036864,2.5139,K60-anneal,RTX 4070 Ti,0.6288000925689625
19393347584,2.61198,K60-anneal,RTX 4070 Ti,0.6279010579194972
19394658304,2.57297,K60-anneal,RTX 4070 Ti,0.6270021696403785
19395969024,2.69592,K60-anneal,RTX 4070 Ti,0.6261034336853113
19397279744,2.74141,K60-anneal,RTX 4070 Ti,0.625204856006992
19398590464,2.55051,K60-anneal,RTX 4070 Ti,0.6243064425570688
19399901184,2.51986,K60-anneal,RTX 4070 Ti,0.6234081992861018
19401211904,2.51588,K60-anneal,RTX 4070 Ti,0.6225101321435244
19402522624,2.55533,K60-anneal,RTX 4070 Ti,0.621612247077603
19403833344,2.43455,K60-anneal,RTX 4070 Ti,0.6207145500353983
19405144064,2.45022,K60-anneal,RTX 4070 Ti,0.6198170469627253
19406454784,2.56408,K60-anneal,RTX 4070 Ti,0.618919743804115
19407765504,2.31733,K60-anneal,RTX 4070 Ti,0.6180226465027735
19409076224,2.57702,K60-anneal,RTX 4070 Ti,0.6171257610005438
19410386944,2.63566,K60-anneal,RTX 4070 Ti,0.6162290932378659
19411697664,2.53041,K60-anneal,RTX 4070 Ti,0.6153326491537378
19413008384,2.49183,K60-anneal,RTX 4070 Ti,0.6144364346856759
19414319104,2.3618,K60-anneal,RTX 4070 Ti,0.6135404557696758
19415629824,2.60302,K60-anneal,RTX 4070 Ti,0.6126447183401725
19416940544,2.44258,K60-anneal,RTX 4070 Ti,0.6117492283300023
19418251264,2.55626,K60-anneal,RTX 4070 Ti,0.6108539916703626
19419561984,2.56174,K60-anneal,RTX 4070 Ti,0.6099590142907722
19420872704,2.61149,K60-anneal,RTX 4070 Ti,0.6090643021190328
19422183424,2.61911,K60-anneal,RTX 4070 Ti,0.60816986108119
19423494144,2.67153,K60-anneal,RTX 4070 Ti,0.607275697101493
19424804864,2.55835,K60-anneal,RTX 4070 Ti,0.606381816102356
19426115584,2.44179,K60-anneal,RTX 4070 Ti,0.6054882240043193
19427426304,2.63353,K60-anneal,RTX 4070 Ti,0.6045949267260093
19428737024,2.41268,K60-anneal,RTX 4070 Ti,0.6037019301840998
19430047744,2.63313,K60-anneal,RTX 4070 Ti,0.6028092402932727
19431358464,2.2832,K60-anneal,RTX 4070 Ti,0.6019168629661789
19432669184,2.41807,K60-anneal,RTX 4070 Ti,0.601024804113399
19433979904,2.55448,K60-anneal,RTX 4070 Ti,0.6001330696434042
19435290624,2.51632,K60-anneal,RTX 4070 Ti,0.5992416654625171
19436601344,2.47919,K60-anneal,RTX 4070 Ti,0.598350597474873
19437912064,2.38035,K60-anneal,RTX 4070 Ti,0.59745987158238
19439222784,2.6392,K60-anneal,RTX 4070 Ti,0.5965694936846806
19440533504,2.61908,K60-anneal,RTX 4070 Ti,0.5956794696791121
19441844224,2.5049,K60-anneal,RTX 4070 Ti,0.5947898054606686
19443154944,2.49851,K60-anneal,RTX 4070 Ti,0.5939005069219605
19444465664,2.5861,K60-anneal,RTX 4070 Ti,0.5930115799531763
19445776384,2.57702,K60-anneal,RTX 4070 Ti,0.5921230304420434
19447087104,2.52224,K60-anneal,RTX 4070 Ti,0.5912348642737892
19448397824,2.61509,K60-anneal,RTX 4070 Ti,0.5903470873311021
19449708544,2.47896,K60-anneal,RTX 4070 Ti,0.5894597054940924
19451019264,2.63784,K60-anneal,RTX 4070 Ti,0.5885727246402537
19452329984,2.62227,K60-anneal,RTX 4070 Ti,0.5876861506444233
19453640704,2.6367,K60-anneal,RTX 4070 Ti,0.5867999893787443
19454951424,2.57781,K60-anneal,RTX 4070 Ti,0.5859142467126255
19456262144,2.54586,K60-anneal,RTX 4070 Ti,0.5850289285127035
19457572864,2.54443,K60-anneal,RTX 4070 Ti,0.5841440406428035
19458883584,2.32705,K60-anneal,RTX 4070 Ti,0.5832595889639001
19460194304,2.58789,K60-anneal,RTX 4070 Ti,0.5823755793340795
19461505024,2.66774,K60-anneal,RTX 4070 Ti,0.5814920176084992
19462815744,2.57417,K60-anneal,RTX 4070 Ti,0.5806089096393507
19464126464,2.51422,K60-anneal,RTX 4070 Ti,0.5797262612758198
19465437184,2.58771,K60-anneal,RTX 4070 Ti,0.5788440783640479
19466747904,2.55695,K60-anneal,RTX 4070 Ti,0.5779623667470943
19468058624,2.63666,K60-anneal,RTX 4070 Ti,0.5770811322648962
19469369344,2.54323,K60-anneal,RTX 4070 Ti,0.5762003807542302
19470680064,2.49507,K60-anneal,RTX 4070 Ti,0.5753201180486747
19471990784,2.55546,K60-anneal,RTX 4070 Ti,0.5744403499785697
19473301504,2.56713,K60-anneal,RTX 4070 Ti,0.5735610823709802
19474612224,2.42426,K60-anneal,RTX 4070 Ti,0.5726823210496552
19475922944,2.61188,K60-anneal,RTX 4070 Ti,0.5718040718349913
19477233664,2.51299,K60-anneal,RTX 4070 Ti,0.5709263405439926
19478544384,2.50621,K60-anneal,RTX 4070 Ti,0.5700491329902331
19479855104,2.57268,K60-anneal,RTX 4070 Ti,0.5691724549838177
19481165824,2.7208,K60-anneal,RTX 4070 Ti,0.568296312331344
19482476544,2.49556,K60-anneal,RTX 4070 Ti,0.5674207108358639
19483787264,2.62832,K60-anneal,RTX 4070 Ti,0.5665456562968445
19485097984,2.57477,K60-anneal,RTX 4070 Ti,0.5656711545101305
19486408704,2.56233,K60-anneal,RTX 4070 Ti,0.5647972112679058
19487719424,2.52344,K60-anneal,RTX 4070 Ti,0.5639238323586542
19489030144,2.43767,K60-anneal,RTX 4070 Ti,0.5630510235671218
19490340864,2.53644,K60-anneal,RTX 4070 Ti,0.5621787906742792
19491651584,2.59544,K60-anneal,RTX 4070 Ti,0.561307139457282
19492962304,2.4828,K60-anneal,RTX 4070 Ti,0.5604360756894334
19494273024,2.57394,K60-anneal,RTX 4070 Ti,0.5595656051401454
19495583744,2.47719,K60-anneal,RTX 4070 Ti,0.5586957335749011
19496894464,2.54387,K60-anneal,RTX 4070 Ti,0.5578264667552162
19498205184,2.47625,K60-anneal,RTX 4070 Ti,0.5569578104386008
19499515904,2.50119,K60-anneal,RTX 4070 Ti,0.5560897703785219
19500826624,2.5542,K60-anneal,RTX 4070 Ti,0.555222352324364
19502137344,2.64831,K60-anneal,RTX 4070 Ti,0.5543555620213925
19503448064,2.50195,K60-anneal,RTX 4070 Ti,0.5534894052107147
19504758784,2.3285,K60-anneal,RTX 4070 Ti,0.5526238876292415
19506069504,2.5673,K60-anneal,RTX 4070 Ti,0.551759015009651
19507380224,2.59087,K60-anneal,RTX 4070 Ti,0.5508947930803485
19508690944,2.6661,K60-anneal,RTX 4070 Ti,0.55003122756543
19510001664,2.60038,K60-anneal,RTX 4070 Ti,0.5491683241846438
19511312384,2.57214,K60-anneal,RTX 4070 Ti,0.5483060886533522
19512623104,2.61727,K60-anneal,RTX 4070 Ti,0.5474445266824942
19513933824,2.34906,K60-anneal,RTX 4070 Ti,0.5465836439785481
19515244544,2.44756,K60-anneal,RTX 4070 Ti,0.5457234462434926
19516555264,2.59755,K60-anneal,RTX 4070 Ti,0.5448639391747696
19517865984,2.49205,K60-anneal,RTX 4070 Ti,0.5440051284652465
19519176704,2.63629,K60-anneal,RTX 4070 Ti,0.5431470198031785
19520487424,2.53381,K60-anneal,RTX 4070 Ti,0.5422896188721708
19521798144,2.6392,K60-anneal,RTX 4070 Ti,0.5414329313511408
19523108864,2.46547,K60-anneal,RTX 4070 Ti,0.5405769629142811
19524419584,2.56584,K60-anneal,RTX 4070 Ti,0.5397217192310213
19525730304,2.45519,K60-anneal,RTX 4070 Ti,0.5388672059659907
19527041024,2.50018,K60-anneal,RTX 4070 Ti,0.5380134287789806
19528351744,2.63679,K60-anneal,RTX 4070 Ti,0.5371603933249071
19529662464,2.57417,K60-anneal,RTX 4070 Ti,0.5363081052537734
19530973184,2.61425,K60-anneal,RTX 4070 Ti,0.5354565702106326
19532283904,2.5699,K60-anneal,RTX 4070 Ti,0.5346057938355502
19533594624,2.46537,K60-anneal,RTX 4070 Ti,0.5337557817635665
19534905344,2.45103,K60-anneal,RTX 4070 Ti,0.5329065396246598
19536216064,2.60749,K60-anneal,RTX 4070 Ti,0.5320580730437086
19537526784,2.63474,K60-anneal,RTX 4070 Ti,0.5312103876404544
19538837504,2.56111,K60-anneal,RTX 4070 Ti,0.5303634890294653
19540148224,2.44978,K60-anneal,RTX 4070 Ti,0.5295173828200976
19541458944,2.41547,K60-anneal,RTX 4070 Ti,0.5286720746164594
19542769664,2.48737,K60-anneal,RTX 4070 Ti,0.527827570017373
19544080384,2.6379,K60-anneal,RTX 4070 Ti,0.5269838746163384
19545391104,2.49777,K60-anneal,RTX 4070 Ti,0.5261409940014958
19546701824,2.52825,K60-anneal,RTX 4070 Ti,0.525298933755589
19548012544,2.44117,K60-anneal,RTX 4070 Ti,0.5244576994559279
19549323264,2.53964,K60-anneal,RTX 4070 Ti,0.5236172966743515
19550633984,2.58557,K60-anneal,RTX 4070 Ti,0.5227777309771924
19551944704,2.42786,K60-anneal,RTX 4070 Ti,0.5219390079252376
19553255424,2.50519,K60-anneal,RTX 4070 Ti,0.5211011330736935
19554566144,2.43218,K60-anneal,RTX 4070 Ti,0.5202641119721487
19555876864,2.40804,K60-anneal,RTX 4070 Ti,0.5194279501645368
19557187584,2.54319,K60-anneal,RTX 4070 Ti,0.5185926531890999
19558498304,2.68388,K60-anneal,RTX 4070 Ti,0.517758226578352
19559809024,2.37844,K60-anneal,RTX 4070 Ti,0.5169246758590426
19561119744,2.59049,K60-anneal,RTX 4070 Ti,0.5160920065521191
19562430464,2.54703,K60-anneal,RTX 4070 Ti,0.5152602241726918
19563741184,2.40963,K60-anneal,RTX 4070 Ti,0.5144293342299961
19565051904,2.62863,K60-anneal,RTX 4070 Ti,0.5135993422273566
19566362624,2.3741,K60-anneal,RTX 4070 Ti,0.5127702536621501
19567673344,2.48952,K60-anneal,RTX 4070 Ti,0.51194207402577
19568984064,2.50906,K60-anneal,RTX 4070 Ti,0.5111148088035891
19570294784,2.62163,K60-anneal,RTX 4070 Ti,0.5102884634749238
19571605504,2.46816,K60-anneal,RTX 4070 Ti,0.509463043512998
19572916224,2.45134,K60-anneal,RTX 4070 Ti,0.5086385543849059
19574226944,2.53454,K60-anneal,RTX 4070 Ti,0.5078150015515772
19575537664,2.42991,K60-anneal,RTX 4070 Ti,0.5069923904677394
19576848384,2.56001,K60-anneal,RTX 4070 Ti,0.5061707265818827
19578159104,2.5305,K60-anneal,RTX 4070 Ti,0.5053500153362235
19579469824,2.75263,K60-anneal,RTX 4070 Ti,0.5045302621666689
19580780544,2.45183,K60-anneal,RTX 4070 Ti,0.5037114725027797
19582091264,2.55428,K60-anneal,RTX 4070 Ti,0.5028936517677354
19583401984,2.64407,K60-anneal,RTX 4070 Ti,0.5020768053782977
19584712704,2.63131,K60-anneal,RTX 4070 Ti,0.5012609387447747
19586023424,2.42909,K60-anneal,RTX 4070 Ti,0.5004460572709855
19587334144,2.76429,K60-anneal,RTX 4070 Ti,0.499632166354224
19588644864,2.7597,K60-anneal,RTX 4070 Ti,0.498819271385223
19589955584,2.46608,K60-anneal,RTX 4070 Ti,0.4980073777481191
19591266304,2.50135,K60-anneal,RTX 4070 Ti,0.49719649082041606
19592577024,2.45498,K60-anneal,RTX 4070 Ti,0.4963866159729506
19593887744,2.53679,K60-anneal,RTX 4070 Ti,0.4955777585698552
19595198464,2.56816,K60-anneal,RTX 4070 Ti,0.49476992396852426
19596509184,2.62044,K60-anneal,RTX 4070 Ti,0.4939631175195768
19597819904,2.55994,K60-anneal,RTX 4070 Ti,0.4931573445668227
19599130624,2.61975,K60-anneal,RTX 4070 Ti,0.49235261044722634
19600441344,2.54056,K60-anneal,RTX 4070 Ti,0.4915489204908713
19601752064,2.35523,K60-anneal,RTX 4070 Ti,0.4907462800209256
19603062784,2.58293,K60-anneal,RTX 4070 Ti,0.48994469435360577
19604373504,2.51183,K60-anneal,RTX 4070 Ti,0.4891441687981418
19605684224,2.48473,K60-anneal,RTX 4070 Ti,0.48834470865674284
19606994944,2.56725,K60-anneal,RTX 4070 Ti,0.4875463192245606
19608305664,2.61943,K60-anneal,RTX 4070 Ti,0.48674900578965535
19609616384,2.46529,K60-anneal,RTX 4070 Ti,0.4859527736329608
19610927104,2.34057,K60-anneal,RTX 4070 Ti,0.48515762802824847
19612237824,2.5144,K60-anneal,RTX 4070 Ti,0.48436357424209364
19613548544,2.52234,K60-anneal,RTX 4070 Ti,0.4835706175338396
19614859264,2.43421,K60-anneal,RTX 4070 Ti,0.48277876315556373
19616169984,2.659,K60-anneal,RTX 4070 Ti,0.4819880163520417
19617480704,2.62767,K60-anneal,RTX 4070 Ti,0.48119838236071366
19618791424,2.55472,K60-anneal,RTX 4070 Ti,0.48040986641164907
19620102144,2.43688,K60-anneal,RTX 4070 Ti,0.4796224737275119
19621412864,2.5377,K60-anneal,RTX 4070 Ti,0.4788362095235264
19622723584,2.39924,K60-anneal,RTX 4070 Ti,0.4780510790074427
19624034304,2.61694,K60-anneal,RTX 4070 Ti,0.47726708737950185
19625345024,2.5246,K60-anneal,RTX 4070 Ti,0.47648423983240157
19626655744,2.58229,K60-anneal,RTX 4070 Ti,0.47570254155126157
19627966464,2.45631,K60-anneal,RTX 4070 Ti,0.4749219977135901
19629277184,2.51082,K60-anneal,RTX 4070 Ti,0.4741426134892486
19630587904,2.49769,K60-anneal,RTX 4070 Ti,0.47336439404041813
19631898624,2.50932,K60-anneal,RTX 4070 Ti,0.47258734452156476
19633209344,2.61608,K60-anneal,RTX 4070 Ti,0.47181147007940594
19634520064,2.49778,K60-anneal,RTX 4070 Ti,0.47103677585287596
19635830784,2.44037,K60-anneal,RTX 4070 Ti,0.47026326697309173
19637141504,2.59511,K60-anneal,RTX 4070 Ti,0.46949094856331985
19638452224,2.42911,K60-anneal,RTX 4070 Ti,0.4687198257389412
19639762944,2.4023,K60-anneal,RTX 4070 Ti,0.46794990360741845
19641073664,2.64563,K60-anneal,RTX 4070 Ti,0.4671811872682609
19642384384,2.64958,K60-anneal,RTX 4070 Ti,0.46641368181299214
19643695104,2.53429,K60-anneal,RTX 4070 Ti,0.465647392325115
19645005824,2.5634,K60-anneal,RTX 4070 Ti,0.46488232388007844
19646316544,2.56507,K60-anneal,RTX 4070 Ti,0.4641184815452447
19647627264,2.43016,K60-anneal,RTX 4070 Ti,0.46335587037985415
19648937984,2.34516,K60-anneal,RTX 4070 Ti,0.4625944954349931
19650248704,2.48836,K60-anneal,RTX 4070 Ti,0.46183436175355963
19651559424,2.41626,K60-anneal,RTX 4070 Ti,0.46107547437023033
19652870144,2.47958,K60-anneal,RTX 4070 Ti,0.4603178383114275
19654180864,2.5399,K60-anneal,RTX 4070 Ti,0.45956145859528486
19655491584,2.64761,K60-anneal,RTX 4070 Ti,0.45880634023161543
19656802304,2.3964,K60-anneal,RTX 4070 Ti,0.45805248822187716
19658113024,2.48432,K60-anneal,RTX 4070 Ti,0.45729990755914085
19659423744,2.54405,K60-anneal,RTX 4070 Ti,0.4565486032280567
19660734464,2.37918,K60-anneal,RTX 4070 Ti,0.4557985802048208
19662045184,2.50996,K60-anneal,RTX 4070 Ti,0.45504984345714306
19663355904,2.5949,K60-anneal,RTX 4070 Ti,0.45430239794421357
19664666624,2.58192,K60-anneal,RTX 4070 Ti,0.4535562486166702
19665977344,2.51249,K60-anneal,RTX 4070 Ti,0.45281140041656553
19667288064,2.5303,K60-anneal,RTX 4070 Ti,0.45206785827733453
19668598784,2.54956,K60-anneal,RTX 4070 Ti,0.4513256271237611
19669909504,2.51603,K60-anneal,RTX 4070 Ti,0.4505847118719464
19671220224,2.42047,K60-anneal,RTX 4070 Ti,0.4498451174292757
19672530944,2.62647,K60-anneal,RTX 4070 Ti,0.4491068486943858
19673841664,2.59799,K60-anneal,RTX 4070 Ti,0.44836991055713316
19675152384,2.57978,K60-anneal,RTX 4070 Ti,0.44763430789856085
19676463104,2.64638,K60-anneal,RTX 4070 Ti,0.4469000455908665
19677773824,2.408,K60-anneal,RTX 4070 Ti,0.4461671284973704
19679084544,2.54676,K60-anneal,RTX 4070 Ti,0.4454355614724824
19680395264,2.61203,K60-anneal,RTX 4070 Ti,0.44470534936167083
19681705984,2.43542,K60-anneal,RTX 4070 Ti,0.4439764970014297
19683016704,2.45933,K60-anneal,RTX 4070 Ti,0.4432490092192466
19684327424,2.61918,K60-anneal,RTX 4070 Ti,0.4425228908335712
19685638144,2.64727,K60-anneal,RTX 4070 Ti,0.44179814665378286
19686948864,2.38649,K60-anneal,RTX 4070 Ti,0.44107478148015944
19688259584,2.53231,K60-anneal,RTX 4070 Ti,0.4403528001038446
19689570304,2.41853,K60-anneal,RTX 4070 Ti,0.4396322073068169
19690881024,2.45913,K60-anneal,RTX 4070 Ti,0.4389130078618575
19692191744,2.55736,K60-anneal,RTX 4070 Ti,0.4381952065325191
19693502464,2.51093,K60-anneal,RTX 4070 Ti,0.43747880807309375
19694813184,2.50003,K60-anneal,RTX 4070 Ti,0.436763817228582
19696123904,2.59837,K60-anneal,RTX 4070 Ti,0.43605023873466126
19697434624,2.73911,K60-anneal,RTX 4070 Ti,0.435338077317654
19698745344,2.35512,K60-anneal,RTX 4070 Ti,0.43462733769449724
19700056064,2.56092,K60-anneal,RTX 4070 Ti,0.43391802457271045
19701366784,2.56787,K60-anneal,RTX 4070 Ti,0.43321014265036506
19702677504,2.5367,K60-anneal,RTX 4070 Ti,0.43250369661605315
19703988224,2.59749,K60-anneal,RTX 4070 Ti,0.43179869114885605
19705298944,2.37291,K60-anneal,RTX 4070 Ti,0.43109513091831375
19706609664,2.44447,K60-anneal,RTX 4070 Ti,0.4303930205843941
19707920384,2.48908,K60-anneal,RTX 4070 Ti,0.4296923647974612
19709231104,2.46585,K60-anneal,RTX 4070 Ti,0.42899316819824557
19710541824,2.53432,K60-anneal,RTX 4070 Ti,0.4282954354178125
19711852544,2.46435,K60-anneal,RTX 4070 Ti,0.42759917107753226
19713163264,2.59056,K60-anneal,RTX 4070 Ti,0.42690437978904855
19714473984,2.51318,K60-anneal,RTX 4070 Ti,0.4262110661542489
19715784704,2.4405,K60-anneal,RTX 4070 Ti,0.42551923476523346
19717095424,2.60136,K60-anneal,RTX 4070 Ti,0.4248288902042847
19718406144,2.56682,K60-anneal,RTX 4070 Ti,0.42414003704383796
19719716864,2.39423,K60-anneal,RTX 4070 Ti,0.4234526798464494
19721027584,2.44351,K60-anneal,RTX 4070 Ti,0.4227668231647677
19722338304,2.56716,K60-anneal,RTX 4070 Ti,0.42208247154150247
19723649024,2.58256,K60-anneal,RTX 4070 Ti,0.4213996295093947
19724959744,2.34725,K60-anneal,RTX 4070 Ti,0.4207183015911871
19726270464,2.57124,K60-anneal,RTX 4070 Ti,0.42003849229959345
19727581184,2.61696,K60-anneal,RTX 4070 Ti,0.4193602061372694
19728891904,2.65105,K60-anneal,RTX 4070 Ti,0.4186834475967817
19730202624,2.55993,K60-anneal,RTX 4070 Ti,0.4180082211605796
19731513344,2.67223,K60-anneal,RTX 4070 Ti,0.4173345313009646
19732824064,2.49941,K60-anneal,RTX 4070 Ti,0.41666238248006027
19734134784,2.42171,K60-anneal,RTX 4070 Ti,0.4159917791497838
19735445504,2.48837,K60-anneal,RTX 4070 Ti,0.4153227257518156
19736756224,2.47923,K60-anneal,RTX 4070 Ti,0.4146552267175706
19738066944,2.6779,K60-anneal,RTX 4070 Ti,0.4139892864681682
19739377664,2.53696,K60-anneal,RTX 4070 Ti,0.4133249094144036
19740688384,2.63564,K60-anneal,RTX 4070 Ti,0.412662099956718
19741999104,2.54317,K60-anneal,RTX 4070 Ti,0.4120008624851701
19743309824,2.49369,K60-anneal,RTX 4070 Ti,0.41134120137940655
19744620544,2.40587,K60-anneal,RTX 4070 Ti,0.410683121008633
19745931264,2.42406,K60-anneal,RTX 4070 Ti,0.4100266257315855
19747241984,2.55401,K60-anneal,RTX 4070 Ti,0.40937171989650106
19748552704,2.55128,K60-anneal,RTX 4070 Ti,0.40871840784108926
19749863424,2.41315,K60-anneal,RTX 4070 Ti,0.40806669389250366
19751174144,2.64564,K60-anneal,RTX 4070 Ti,0.4074165823673125
19752484864,2.66228,K60-anneal,RTX 4070 Ti,0.4067680775714708
19753795584,2.38426,K60-anneal,RTX 4070 Ti,0.4061211838002916
19755106304,2.54709,K60-anneal,RTX 4070 Ti,0.40547590533841726
19756417024,2.4444,K60-anneal,RTX 4070 Ti,0.40483224645979143
19757727744,2.57562,K60-anneal,RTX 4070 Ti,0.40419021142763034
19759038464,2.58666,K60-anneal,RTX 4070 Ti,0.4035498044943953
19760349184,2.45953,K60-anneal,RTX 4070 Ti,0.40291102990176353
19761659904,2.64208,K60-anneal,RTX 4070 Ti,0.40227389188060114
19762970624,2.42593,K60-anneal,RTX 4070 Ti,0.4016383946509338
19764281344,2.63476,K60-anneal,RTX 4070 Ti,0.4010045424219203
19765592064,2.55463,K60-anneal,RTX 4070 Ti,0.4003723393918237
19766902784,2.52665,K60-anneal,RTX 4070 Ti,0.39974178974798336
19768213504,2.61203,K60-anneal,RTX 4070 Ti,0.3991128976667881
19769524224,2.47826,K60-anneal,RTX 4070 Ti,0.39848566731364765
19770834944,2.4291,K60-anneal,RTX 4070 Ti,0.39786010284296575
19772145664,2.48558,K60-anneal,RTX 4070 Ti,0.397236208398112
19773456384,2.55415,K60-anneal,RTX 4070 Ti,0.3966139881113949
19774767104,2.39718,K60-anneal,RTX 4070 Ti,0.3959934461040345
19776077824,2.51054,K60-anneal,RTX 4070 Ti,0.3953745864861344
19777388544,2.49134,K60-anneal,RTX 4070 Ti,0.3947574133566555
19778699264,2.44706,K60-anneal,RTX 4070 Ti,0.39414193080338844
19780009984,2.50695,K60-anneal,RTX 4070 Ti,0.39352814290292604
19781320704,2.49575,K60-anneal,RTX 4070 Ti,0.3929160537206372
19782631424,2.53721,K60-anneal,RTX 4070 Ti,0.3923056673106392
19783942144,2.50042,K60-anneal,RTX 4070 Ti,0.3916969877157714
19785252864,2.41938,K60-anneal,RTX 4070 Ti,0.3910900189675679
19786563584,2.45971,K60-anneal,RTX 4070 Ti,0.39048476508623153
19787874304,2.68147,K60-anneal,RTX 4070 Ti,0.38988123008060666
19789185024,2.69724,K60-anneal,RTX 4070 Ti,0.3892794179481528
19790495744,2.47108,K60-anneal,RTX 4070 Ti,0.38867933267491833
19791806464,2.42118,K60-anneal,RTX 4070 Ti,0.3880809782355138
19793117184,2.59922,K60-anneal,RTX 4070 Ti,0.38748435859308583
19794427904,2.44995,K60-anneal,RTX 4070 Ti,0.38688947769929055
19795738624,2.65976,K60-anneal,RTX 4070 Ti,0.38629633949426806
19797049344,2.57614,K60-anneal,RTX 4070 Ti,0.3857049479066155
19798360064,2.6175,K60-anneal,RTX 4070 Ti,0.3851153068533616
19799670784,2.43733,K60-anneal,RTX 4070 Ti,0.38452742023994074
19800981504,2.47147,K60-anneal,RTX 4070 Ti,0.3839412919601667
19802292224,2.53675,K60-anneal,RTX 4070 Ti,0.38335692589620707
19803602944,2.36246,K60-anneal,RTX 4070 Ti,0.3827743259185579
19804913664,2.38265,K60-anneal,RTX 4070 Ti,0.3821934958860174
19806224384,2.37588,K60-anneal,RTX 4070 Ti,0.3816144396456609
19807535104,2.58227,K60-anneal,RTX 4070 Ti,0.3810371610328149
19808845824,2.57561,K60-anneal,RTX 4070 Ti,0.3804616638710323
19810156544,2.59398,K60-anneal,RTX 4070 Ti,0.3798879519720665
19811467264,2.59371,K60-anneal,RTX 4070 Ti,0.3793160291358465
19812777984,2.50991,K60-anneal,RTX 4070 Ti,0.3787458991504513
19814088704,2.59496,K60-anneal,RTX 4070 Ti,0.37817756579208556
19815399424,2.47208,K60-anneal,RTX 4070 Ti,0.377611032825054
19816710144,2.4537,K60-anneal,RTX 4070 Ti,0.3770463040017363
19818020864,2.48817,K60-anneal,RTX 4070 Ti,0.376483383062563
19819331584,2.61183,K60-anneal,RTX 4070 Ti,0.3759222737359901
19820642304,2.52048,K60-anneal,RTX 4070 Ti,0.3753629797384742
19821953024,2.40787,K60-anneal,RTX 4070 Ti,0.37480550477444896
19823263744,2.62072,K60-anneal,RTX 4070 Ti,0.37424985253629917
19824574464,2.57919,K60-anneal,RTX 4070 Ti,0.3736960267043374
19825885184,2.53429,K60-anneal,RTX 4070 Ti,0.37314403094677895
19827195904,2.47089,K60-anneal,RTX 4070 Ti,0.37259386891971774
19828506624,2.5602,K60-anneal,RTX 4070 Ti,0.37204554426710246
19829817344,2.46667,K60-anneal,RTX 4070 Ti,0.3714990606207117
19831128064,2.55134,K60-anneal,RTX 4070 Ti,0.3709544216001307
19832438784,2.65438,K60-anneal,RTX 4070 Ti,0.3704116308127266
19833749504,2.47199,K60-anneal,RTX 4070 Ti,0.36987069185362537
19835060224,2.575,K60-anneal,RTX 4070 Ti,0.3693316083056871
19836370944,2.54951,K60-anneal,RTX 4070 Ti,0.36879438373948314
19837681664,2.63937,K60-anneal,RTX 4070 Ti,0.36825902171327185
19838992384,2.49799,K60-anneal,RTX 4070 Ti,0.3677255257729751
19840303104,2.49079,K60-anneal,RTX 4070 Ti,0.36719389945215525
19841613824,2.47396,K60-anneal,RTX 4070 Ti,0.366664146271991
19842924544,2.49822,K60-anneal,RTX 4070 Ti,0.3661362697412549
19844235264,2.5828,K60-anneal,RTX 4070 Ti,0.3656102733562893
19845545984,2.38966,K60-anneal,RTX 4070 Ti,0.3650861606009837
19846856704,2.53092,K60-anneal,RTX 4070 Ti,0.3645639349467517
19848167424,2.6864,K60-anneal,RTX 4070 Ti,0.36404359985250756
19849478144,2.55711,K60-anneal,RTX 4070 Ti,0.3635251587646441
19850788864,2.51913,K60-anneal,RTX 4070 Ti,0.36300861511700877
19852099584,2.39841,K60-anneal,RTX 4070 Ti,0.3624939723308817
19853410304,2.52211,K60-anneal,RTX 4070 Ti,0.3619812338149531
19854721024,2.63065,K60-anneal,RTX 4070 Ti,0.3614704029653
19856031744,2.53816,K60-anneal,RTX 4070 Ti,0.3609614831653645
19857342464,2.43624,K60-anneal,RTX 4070 Ti,0.36045447778593087
19858653184,2.47582,K60-anneal,RTX 4070 Ti,0.3599493901851035
19859963904,2.47533,K60-anneal,RTX 4070 Ti,0.3594462237082844
19861274624,2.5417,K60-anneal,RTX 4070 Ti,0.3589449816881512
19862585344,2.37086,K60-anneal,RTX 4070 Ti,0.35844566744463535
19863896064,2.53181,K60-anneal,RTX 4070 Ti,0.3579482842848994
19865206784,2.64668,K60-anneal,RTX 4070 Ti,0.357452835503316
19866517504,2.52169,K60-anneal,RTX 4070 Ti,0.35695932438144523
19867828224,2.41563,K60-anneal,RTX 4070 Ti,0.35646775418801346
19869138944,2.61112,K60-anneal,RTX 4070 Ti,0.35597812817889146
19870449664,2.61027,K60-anneal,RTX 4070 Ti,0.3554904495970728
19871760384,2.51033,K60-anneal,RTX 4070 Ti,0.3550047216726527
19873071104,2.44658,K60-anneal,RTX 4070 Ti,0.3545209476228058
19874381824,2.63016,K60-anneal,RTX 4070 Ti,0.35403913065176623
19875692544,2.40478,K60-anneal,RTX 4070 Ti,0.353559273950805
19877003264,2.42581,K60-anneal,RTX 4070 Ti,0.3530813806982095
19878313984,2.40541,K60-anneal,RTX 4070 Ti,0.3526054540592627
19879624704,2.49876,K60-anneal,RTX 4070 Ti,0.35213149718622155
19880935424,2.41902,K60-anneal,RTX 4070 Ti,0.3516595132182967
19882246144,2.4859,K60-anneal,RTX 4070 Ti,0.3511895052816312
19883556864,2.48858,K60-anneal,RTX 4070 Ti,0.3507214764892802
19884867584,2.47721,K60-anneal,RTX 4070 Ti,0.35025542994119013
19886178304,2.6548,K60-anneal,RTX 4070 Ti,0.34979136872417815
19887489024,2.51818,K60-anneal,RTX 4070 Ti,0.349329295911912
19888799744,2.3581,K60-anneal,RTX 4070 Ti,0.3488692145648889
19890110464,2.37899,K60-anneal,RTX 4070 Ti,0.3484111277304163
19891421184,2.58197,K60-anneal,RTX 4070 Ti,0.34795503844259096
19892731904,2.56945,K60-anneal,RTX 4070 Ti,0.3475009497222789
19894042624,2.49767,K60-anneal,RTX 4070 Ti,0.3470488645770959
19895353344,2.45141,K60-anneal,RTX 4070 Ti,0.34659878600138694
19896664064,2.49903,K60-anneal,RTX 4070 Ti,0.34615071697620686
19897974784,2.36437,K60-anneal,RTX 4070 Ti,0.3457046604693005
19899285504,2.62227,K60-anneal,RTX 4070 Ti,0.34526061943508257
19900596224,2.35774,K60-anneal,RTX 4070 Ti,0.344818596814619
19901906944,2.36133,K60-anneal,RTX 4070 Ti,0.34437859553560646
19903217664,2.55869,K60-anneal,RTX 4070 Ti,0.34394061851235386
19904528384,2.54776,K60-anneal,RTX 4070 Ti,0.3435046686457623
19905839104,2.4124,K60-anneal,RTX 4070 Ti,0.34307074882330646
19907149824,2.50492,K60-anneal,RTX 4070 Ti,0.3426388619190149
19908460544,2.54532,K60-anneal,RTX 4070 Ti,0.3422090107934516
19909771264,2.43803,K60-anneal,RTX 4070 Ti,0.3417811982936968
19911081984,2.33015,K60-anneal,RTX 4070 Ti,0.3413554272533277
19912392704,2.35804,K60-anneal,RTX 4070 Ti,0.3409317004924005
19913703424,2.4888,K60-anneal,RTX 4070 Ti,0.340510020817431
19915014144,2.578,K60-anneal,RTX 4070 Ti,0.34009039102137656
19916324864,2.70549,K60-anneal,RTX 4070 Ti,0.3396728138836171
19917635584,2.64509,K60-anneal,RTX 4070 Ti,0.339257292169937
19918946304,2.3554,K60-anneal,RTX 4070 Ti,0.338843828632507
19920257024,2.54207,K60-anneal,RTX 4070 Ti,0.33843242600986523
19921567744,2.47794,K60-anneal,RTX 4070 Ti,0.3380230870269001
19922878464,2.49168,K60-anneal,RTX 4070 Ti,0.3376158143948311
19924189184,2.52552,K60-anneal,RTX 4070 Ti,0.3372106108111919
19925499904,2.57676,K60-anneal,RTX 4070 Ti,0.3368074789598118
19926810624,2.394,K60-anneal,RTX 4070 Ti,0.336406421510798
19928121344,2.40067,K60-anneal,RTX 4070 Ti,0.3360074411205185
19929432064,2.64781,K60-anneal,RTX 4070 Ti,0.3356105404315838
19930742784,2.63739,K60-anneal,RTX 4070 Ti,0.3352157220728298
19932053504,2.52469,K60-anneal,RTX 4070 Ti,0.3348229886593
19933364224,2.47802,K60-anneal,RTX 4070 Ti,0.334432342792229
19934674944,2.36262,K60-anneal,RTX 4070 Ti,0.3340437870590242
19935985664,2.39943,K60-anneal,RTX 4070 Ti,0.33365732403324944
19937296384,2.53588,K60-anneal,RTX 4070 Ti,0.3332729562746078
19938607104,2.34415,K60-anneal,RTX 4070 Ti,0.3328906863289241
19939917824,2.37156,K60-anneal,RTX 4070 Ti,0.3325105167281291
19941228544,2.63831,K60-anneal,RTX 4070 Ti,0.3321324499902416
19942539264,2.53631,K60-anneal,RTX 4070 Ti,0.33175648861935253
19943849984,2.41153,K60-anneal,RTX 4070 Ti,0.3313826351056081
19945160704,2.60781,K60-anneal,RTX 4070 Ti,0.3310108919251932
19946471424,2.62408,K60-anneal,RTX 4070 Ti,0.3306412615403153
19947782144,2.52151,K60-anneal,RTX 4070 Ti,0.33027374639918783
19949092864,2.62407,K60-anneal,RTX 4070 Ti,0.32990834893601406
19950403584,2.43047,K60-anneal,RTX 4070 Ti,0.3295450715709712
19951714304,2.48474,K60-anneal,RTX 4070 Ti,0.32918391671019387
19953025024,2.5742,K60-anneal,RTX 4070 Ti,0.3288248867457588
19954335744,2.58558,K60-anneal,RTX 4070 Ti,0.3284679840556685
19955646464,2.45937,K60-anneal,RTX 4070 Ti,0.3281132110038357
19956957184,2.43911,K60-anneal,RTX 4070 Ti,0.3277605699400676
19958267904,2.67037,K60-anneal,RTX 4070 Ti,0.3274100632000504
19959578624,2.49852,K60-anneal,RTX 4070 Ti,0.327061693105334
19960889344,2.47902,K60-anneal,RTX 4070 Ti,0.3267154619633161
19962200064,2.44974,K60-anneal,RTX 4070 Ti,0.3263713720672274
19963510784,2.56333,K60-anneal,RTX 4070 Ti,0.3260294256961162
19964821504,2.47464,K60-anneal,RTX 4070 Ti,0.32568962511483357
19966132224,2.49575,K60-anneal,RTX 4070 Ti,0.3253519725740178
19967442944,2.47791,K60-anneal,RTX 4070 Ti,0.32501647031007996
19968753664,2.42656,K60-anneal,RTX 4070 Ti,0.3246831205451891
19970064384,2.44587,K60-anneal,RTX 4070 Ti,0.3243519254872572
19971375104,2.48828,K60-anneal,RTX 4070 Ti,0.3240228873299249
19972685824,2.45585,K60-anneal,RTX 4070 Ti,0.3236960082525466
19973996544,2.40751,K60-anneal,RTX 4070 Ti,0.3233712904201763
19975307264,2.56754,K60-anneal,RTX 4070 Ti,0.3230487359835534
19976617984,2.4701,K60-anneal,RTX 4070 Ti,0.3227283470790879
19977928704,2.51073,K60-anneal,RTX 4070 Ti,0.3224101258288468
19979239424,2.47995,K60-anneal,RTX 4070 Ti,0.32209407434053977
19980550144,2.577,K60-anneal,RTX 4070 Ti,0.3217801947075054
19981860864,2.65866,K60-anneal,RTX 4070 Ti,0.32146848900869707
19983171584,2.74667,K60-anneal,RTX 4070 Ti,0.3211589593086692
19984482304,2.4263,K60-anneal,RTX 4070 Ti,0.3208516076575639
19985793024,2.53321,K60-anneal,RTX 4070 Ti,0.32054643609109695
19987103744,2.48762,K60-anneal,RTX 4070 Ti,0.3202434466305448
19988414464,2.40272,K60-anneal,RTX 4070 Ti,0.31994264128273064
19989725184,2.49076,K60-anneal,RTX 4070 Ti,0.31964402204001163
19991035904,2.63092,K60-anneal,RTX 4070 Ti,0.3193475908802652
19992346624,2.53862,K60-anneal,RTX 4070 Ti,0.3190533497668764
19993657344,2.46579,K60-anneal,RTX 4070 Ti,0.3187613006487247
19994968064,2.40834,K60-anneal,RTX 4070 Ti,0.3184714454601711
19996278784,2.60663,K60-anneal,RTX 4070 Ti,0.3181837861210451
19997589504,2.47873,K60-anneal,RTX 4070 Ti,0.31789832453663247
19998900224,2.42318,K60-anneal,RTX 4070 Ti,0.3176150625976622
20000210944,2.55555,K60-anneal,RTX 4070 Ti,0.3173340021802942
20001521664,2.61692,K60-anneal,RTX 4070 Ti,0.3170551451461065
20002832384,2.54802,K60-anneal,RTX 4070 Ti,0.3167784933420838
20004143104,2.54787,K60-anneal,RTX 4070 Ti,0.3165040486006041
20005453824,2.60532,K60-anneal,RTX 4070 Ti,0.3162318127394275
20006764544,2.52131,K60-anneal,RTX 4070 Ti,0.3159617875616836
20008075264,2.50779,K60-anneal,RTX 4070 Ti,0.3156939748558596
20009385984,2.47268,K60-anneal,RTX 4070 Ti,0.315428376395789
20010696704,2.43041,K60-anneal,RTX 4070 Ti,0.31516499394063907
20012007424,2.46847,K60-anneal,RTX 4070 Ti,0.31490382923489973
20013318144,2.59195,K60-anneal,RTX 4070 Ti,0.3146448840083719
20014628864,2.47634,K60-anneal,RTX 4070 Ti,0.31438815997615566
20015939584,2.56354,K60-anneal,RTX 4070 Ti,0.3141336588386397
20017250304,2.5235,K60-anneal,RTX 4070 Ti,0.31388138228148904
20018561024,2.52057,K60-anneal,RTX 4070 Ti,0.313631331975635
20019871744,2.52349,K60-anneal,RTX 4070 Ti,0.3133835095772629
20021182464,2.52998,K60-anneal,RTX 4070 Ti,0.31313791672780217
20022493184,2.36825,K60-anneal,RTX 4070 Ti,0.31289455505391484
20023803904,2.3213,K60-anneal,RTX 4070 Ti,0.31265342616748487
20025114624,2.39519,K60-anneal,RTX 4070 Ti,0.3124145316656078
20026425344,2.51799,K60-anneal,RTX 4070 Ti,0.3121778731305796
20027736064,2.45327,K60-anneal,RTX 4070 Ti,0.3119434521298869
20029046784,2.50628,K60-anneal,RTX 4070 Ti,0.3117112702161958
20030357504,2.46831,K60-anneal,RTX 4070 Ti,0.31148132892734237
20031668224,2.54698,K60-anneal,RTX 4070 Ti,0.311253629786322
20032978944,2.47466,K60-anneal,RTX 4070 Ti,0.3110281743012792
20034289664,2.54037,K60-anneal,RTX 4070 Ti,0.3108049639654982
20035600384,2.39955,K60-anneal,RTX 4070 Ti,0.3105840002573924
20036911104,2.52019,K60-anneal,RTX 4070 Ti,0.310365284640495
20038221824,2.59481,K60-anneal,RTX 4070 Ti,0.31014881856344906
20039532544,2.55416,K60-anneal,RTX 4070 Ti,0.30993460345999807
20040843264,2.48503,K60-anneal,RTX 4070 Ti,0.3097226407489765
20042153984,2.52985,K60-anneal,RTX 4070 Ti,0.3095129318343001
20043464704,2.45705,K60-anneal,RTX 4070 Ti,0.3093054781049571
20044775424,2.47496,K60-anneal,RTX 4070 Ti,0.3091002809349984
20046086144,2.46982,K60-anneal,RTX 4070 Ti,0.30889734168352895
20047396864,2.4411,K60-anneal,RTX 4070 Ti,0.3086966616946985
20048707584,2.46485,K60-anneal,RTX 4070 Ti,0.3084982422976929
20050018304,2.51734,K60-anneal,RTX 4070 Ti,0.30830208480672505
20051329024,2.63112,K60-anneal,RTX 4070 Ti,0.3081081905210264
20052639744,2.48229,K60-anneal,RTX 4070 Ti,0.3079165607248382
20053950464,2.41186,K60-anneal,RTX 4070 Ti,0.30772719668740306
20055261184,2.46926,K60-anneal,RTX 4070 Ti,0.30754009966295665
20056571904,2.42023,K60-anneal,RTX 4070 Ti,0.30735527089071923
20057882624,2.58357,K60-anneal,RTX 4070 Ti,0.30717271159488735
20059193344,2.56233,K60-anneal,RTX 4070 Ti,0.30699242298462615
20060504064,2.56748,K60-anneal,RTX 4070 Ti,0.30681440625406087
20061814784,2.38603,K60-anneal,RTX 4070 Ti,0.3066386625822693
20063125504,2.59451,K60-anneal,RTX 4070 Ti,0.30646519313327364
20064436224,2.45937,K60-anneal,RTX 4070 Ti,0.3062939990560332
20065746944,2.37199,K60-anneal,RTX 4070 Ti,0.30612508148443657
20067057664,2.64402,K60-anneal,RTX 4070 Ti,0.30595844153729385
20068368384,2.44439,K60-anneal,RTX 4070 Ti,0.3057940803183298
20069679104,2.43448,K60-anneal,RTX 4070 Ti,0.3056319989161761
20070989824,2.45555,K60-anneal,RTX 4070 Ti,0.3054721984043642
20072300544,2.6664,K60-anneal,RTX 4070 Ti,0.3053146798413183
20073611264,2.48731,K60-anneal,RTX 4070 Ti,0.30515944427034863
20074921984,2.4044,K60-anneal,RTX 4070 Ti,0.3050064927196437
20076232704,2.39835,K60-anneal,RTX 4070 Ti,0.3048558262022644
20077543424,2.54096,K60-anneal,RTX 4070 Ti,0.30470744571613684
20078854144,2.47069,K60-anneal,RTX 4070 Ti,0.3045613522440456
20080164864,2.5551,K60-anneal,RTX 4070 Ti,0.3044175467536278
20081475584,2.47482,K60-anneal,RTX 4070 Ti,0.304276030197366
20082786304,2.37835,K60-anneal,RTX 4070 Ti,0.30413680351258227
20084097024,2.27353,K60-anneal,RTX 4070 Ti,0.3039998676214321
20085407744,2.37341,K60-anneal,RTX 4070 Ti,0.30386522343089795
20086718464,2.42296,K60-anneal,RTX 4070 Ti,0.3037328718327834
20088029184,2.57893,K60-anneal,RTX 4070 Ti,0.30360281370370734
20089339904,2.52369,K60-anneal,RTX 4070 Ti,0.30347504990509805
20090650624,2.37647,K60-anneal,RTX 4070 Ti,0.30334958128318756
20091961344,2.54015,K60-anneal,RTX 4070 Ti,0.3032264086690058
20093272064,2.53691,K60-anneal,RTX 4070 Ti,0.3031055328783756
20094582784,2.4674,K60-anneal,RTX 4070 Ti,0.30298695471190673
20095893504,2.47942,K60-anneal,RTX 4070 Ti,0.30287067495499104
20097204224,2.43624,K60-anneal,RTX 4070 Ti,0.30275669437779695
20098514944,2.63682,K60-anneal,RTX 4070 Ti,0.3026450137352645
20099825664,2.52152,K60-anneal,RTX 4070 Ti,0.3025356337671004
20101136384,2.51822,K60-anneal,RTX 4070 Ti,0.3024285551977729
20102447104,2.48133,K60-anneal,RTX 4070 Ti,0.30232377873650734
20103757824,2.47719,K60-anneal,RTX 4070 Ti,0.30222130507728107
20105068544,2.53989,K60-anneal,RTX 4070 Ti,0.3021211348988191
20106379264,2.26848,K60-anneal,RTX 4070 Ti,0.30202326886458963
20107689984,2.41609,K60-anneal,RTX 4070 Ti,0.3019277076227994
20109000704,2.30801,K60-anneal,RTX 4070 Ti,0.3018344518063898
20110311424,2.57099,K60-anneal,RTX 4070 Ti,0.30174350203303213
20111622144,2.50016,K60-anneal,RTX 4070 Ti,0.30165485890512406
20112932864,2.58552,K60-anneal,RTX 4070 Ti,0.3015685230097854
20114243584,2.44657,K60-anneal,RTX 4070 Ti,0.30148449491885415
20115554304,2.43229,K60-anneal,RTX 4070 Ti,0.3014027751888827
20116865024,2.39118,K60-anneal,RTX 4070 Ti,0.3013233643611344
20118175744,2.59857,K60-anneal,RTX 4070 Ti,0.3012462629615795
20119486464,2.46693,K60-anneal,RTX 4070 Ti,0.30117147150089246
20120797184,2.35768,K60-anneal,RTX 4070 Ti,0.30109899047444744
20122107904,2.78255,K60-anneal,RTX 4070 Ti,0.3010288203623162
20123418624,2.36966,K60-anneal,RTX 4070 Ti,0.30096096162926406
20124729344,2.49429,K60-anneal,RTX 4070 Ti,0.3008954147247471
20126040064,2.6813,K60-anneal,RTX 4070 Ti,0.3008321800829096
20127350784,2.48486,K60-anneal,RTX 4070 Ti,0.3007712581225802
20128661504,2.40564,K60-anneal,RTX 4070 Ti,0.30071264924727015
20129972224,2.42238,K60-anneal,RTX 4070 Ti,0.30065635384517003
20131282944,2.38367,K60-anneal,RTX 4070 Ti,0.3006023722891473
20132593664,2.48086,K60-anneal,RTX 4070 Ti,0.300550704936744
20133904384,2.57669,K60-anneal,RTX 4070 Ti,0.3005013521301741
20135215104,2.50513,K60-anneal,RTX 4070 Ti,0.30045431419632146
20136525824,2.56226,K60-anneal,RTX 4070 Ti,0.3004095914467376
20137836544,2.46713,K60-anneal,RTX 4070 Ti,0.30036718417763963
20139147264,2.49942,K60-anneal,RTX 4070 Ti,0.3003270926699082
20140457984,2.41726,K60-anneal,RTX 4070 Ti,0.3002893171890859
20141768704,2.45907,K60-anneal,RTX 4070 Ti,0.3002538579853751
20143079424,2.46196,K60-anneal,RTX 4070 Ti,0.30022071529363675
20144390144,2.51833,K60-anneal,RTX 4070 Ti,0.30018988933338836
20145700864,2.37471,K60-anneal,RTX 4070 Ti,0.30016138030880296
20147011584,2.54966,K60-anneal,RTX 4070 Ti,0.3001351884087075
20148322304,2.59695,K60-anneal,RTX 4070 Ti,0.3001113138065816
20149633024,2.45411,K60-anneal,RTX 4070 Ti,0.3000897566605566
20150943744,2.51036,K60-anneal,RTX 4070 Ti,0.30007051711341426
20152254464,2.55966,K60-anneal,RTX 4070 Ti,0.300053595292586
20153565184,2.62118,K60-anneal,RTX 4070 Ti,0.30003899131015205
20154875904,2.43415,K60-anneal,RTX 4070 Ti,0.3000267052628404
20156186624,2.49557,K60-anneal,RTX 4070 Ti,0.3000167372320267
20157497344,2.4815,K60-anneal,RTX 4070 Ti,0.3000090872837333
20158808064,2.47018,K60-anneal,RTX 4070 Ti,0.3000037554686289
20160118784,2.61216,K60-anneal,RTX 4070 Ti,0.3000007418220283
